{"version":2,"hash":{"type":"Buffer","data":"6ZC2G37kcc73FHuYKntWf9HGumdG/+n+qH2P0YoT9agndOJa64HY25QgeHAXC7OCNWZtbVuVHIPawkeGpa5DQXeKfcbKNOGjhP+iLc+MT20CsXMxSproNwrzzmBKICuaazNwL1g68oDTxnNzkjbyXc/5SclAC3eF00CNF+uGxHY="},"indexValueMap":{"Wlt1reZV00/mQoq/mHVNPJR6R7MOinf0o/Yk8V2eiNA=":{"valueMac":{"type":"Buffer","data":"+UmhCHnFPEezmtyUryNULqjtONQNvMvvswk28lm50iY="}},"rHmPKW8XUwQItm2anJQTIdEyxuK9khESOK62Ef4GpnE=":{"valueMac":{"type":"Buffer","data":"GKQpS6mAO9VWgh63IuiMAxZl2foT9OF7uZK28ufXSCQ="}},"ejYyZx8GsIzf68qxwASu7Ng3XHAKw84vxk6+4BdzW6g=":{"valueMac":{"type":"Buffer","data":"mcyVKO09/dYOmShUd88xXA3VypWw/3+6dlsxjWuhVCM="}},"hgRvp8PiTmxwcREoAmnCvdoI4nGz/Ogsxwr2CMSGzeo=":{"valueMac":{"type":"Buffer","data":"CjrbbuZnpRKxgJMuSTyaarOyrbHdcDRJlsMBUNlvaWw="}},"mE6SGEU8KCNTgldbgmji8Yw62bPC9zR8uTcgM8XlMnU=":{"valueMac":{"type":"Buffer","data":"BJjCYnccBOCD9z+wBffN4BkZb1gZmfknivhbJzQ2qN4="}},"JruAUqM4Bm0c24khDPHXNCeWxi3qUUeo4JhdJjK/iDc=":{"valueMac":{"type":"Buffer","data":"03nU2F2rLMuDDomIrfIPxeMzMzT2J8SLqCaXdktEbXM="}},"bYcRNbE5OODX+B+WYOmRFT+tS6JJASNVYDYAfVnwdME=":{"valueMac":{"type":"Buffer","data":"IyIvDxdTg8B0SYyhptlLdCba0PK1Zo4aOMlyN1c10jw="}},"KFExZ0mNKntHJzxywH2tR4cgQog9MAyiHZhfYEpZe5c=":{"valueMac":{"type":"Buffer","data":"S2FJYdMrZqqQ60L7F/EmWb8gMTtrtCUIcitmXSTig4E="}},"daOsfvxKYn684UagYe+YHUtLTWfE4etuLAw1oCaR5jg=":{"valueMac":{"type":"Buffer","data":"h8HkJ8CL6EmbSZwF5cjiHutmaPoP4ciqwN99ekzN70Y="}},"CAOhyBOiid6rUIC7e0Y4k4JcQN4DdNzfGVuPAACodAw=":{"valueMac":{"type":"Buffer","data":"bzGsu8sKqswaaOCNXHzJLhSGXXBICALvG7d06T96LvA="}},"Q+h/T3MA81T9ykDYj2bMK9KJTHmxl67lequV7I2oNek=":{"valueMac":{"type":"Buffer","data":"+ITxwZKv09ZLDMyI+p27CHPgDgHd3yE3aHo9oqjAK5o="}},"a840es4qqRrqdHwFyx+7RCIviihHNSJhVDyzvNJOYBw=":{"valueMac":{"type":"Buffer","data":"OQQQ7MKiz0LTuTslC2Qfzrj5kZZ8vzF3TiWNzhva/So="}},"ium9M9U0k6BsiFdumJ1ARDG+csz5cMR4yzkiRBlg1Tk=":{"valueMac":{"type":"Buffer","data":"X0bzIH6jtsLHeUvKxEsE7zITq8ZLl3nEGRQk3xvPQgs="}},"fSfphk54NsK/xDX32WW1cVopSK5e9mwGGQjJR4hdtYw=":{"valueMac":{"type":"Buffer","data":"XLvaSIWTJYgsTyVw9AJirmhRzQ87ZrKBsR6+w4kSQ4U="}},"aZx1NZhpJwF4N6bPWQkZIjgRiMEVBj1pN9SEe5Mc4GA=":{"valueMac":{"type":"Buffer","data":"44dB187J2X0NvC2nzl3723spYAQAferWpCniaIu5R0c="}},"kP/+6+5YJdpve7wervvaaU8vM40c+FotdZg/c8EmR9E=":{"valueMac":{"type":"Buffer","data":"P2nHL4Zm1NqKWNc/PUJ06N6CQ8rNP5iVtE1+vEvaZXQ="}},"PLG/oD9HxHR33bP04oilhVBDDlgZwfmo2sjbQFaLDZA=":{"valueMac":{"type":"Buffer","data":"SCztH1C4HuA058Ge8RytSAkK/q3ULawrKQV2+YskWqI="}},"wwSYMEIR1JT/e7jKJ3xARcQjy0/9YpIL9ZJMOKp6B3g=":{"valueMac":{"type":"Buffer","data":"8ezcvH6FXILCkZSWOHdIt0JPYOqWpaSjKpDobPovGuY="}},"LZmSq2aPKmEDkT334EU90zVWCZF3bWpWt7IlQ8Z5F1M=":{"valueMac":{"type":"Buffer","data":"7VlpohzNnskeBsOiYgza7A7QpejPdl3E44gbZpZTyB8="}},"AekaOqxijNq80taTVNuZYS8IaPedsY4UvAIZZBUbbyQ=":{"valueMac":{"type":"Buffer","data":"UCJKvMx3Fyn8137b1/DBxF9ZkJE9PWLX18w5X1ep1cI="}},"vIMjFeu/x5WPrz4kXoKqTfoszy5bdzMKz0f7Mpl/6R8=":{"valueMac":{"type":"Buffer","data":"28rcpDgzmeE0P9wNyVruPemq01miE+aGmvbnmvB1ZYM="}},"4LRFVN24IAwDi1N9giR1pZzUeLCm2O7btOYPJGpyshs=":{"valueMac":{"type":"Buffer","data":"8I5jpJ96ty68i2QuRzqAPBTx2tPXaajAtU6dnc0Sta4="}}}}