{"version":1,"hash":{"type":"Buffer","data":"oSSiMk+0NFauwj8QDIHLEPXR/sY5JoSftZ+xbcWOp3YthJBUav0WZOKfhNePcT153USb4tEnoqf+JLa8XSjfnpjAxX59dAOjK2QuYGGf6wRrFUMB1ezcQsCuov4fyWOTjfs0W/lk6xMjcSy4CskJHstOuvMJp+5szWTkDfggjg0="},"indexValueMap":{"/DGDJrukwFZgSdgD+yy7wOs4JdJ5LZMj+5jv5W1iRb4=":{"valueMac":{"type":"Buffer","data":"FuYj+I7qqe+YHCgF8qrGORurLbEvbpVnqZZQUS4kWDI="}},"4B6hVzptYVaCqec6o2B3CI9/YhfN5FMTWfLf7tQ6SLs=":{"valueMac":{"type":"Buffer","data":"C8igH157DTVSseBmQEMQN9MfK2zikbVXCuWeWQy4D+8="}},"d9qJPk3eDgLIbFJ9TFgSSsoZyjRcS3bXP4tcKh81Q28=":{"valueMac":{"type":"Buffer","data":"TtyIXFMlvFp5BxzgoEmWGNQfBQ6L9eGdhC01nXaaPO0="}},"aw+0xmGBU5BqhHWmL0AaO4gs0gRXym7SRfGQMfsuTds=":{"valueMac":{"type":"Buffer","data":"xpfsJ9SfBIN+y22dRgooFY85dtz1VSeikGYuOnHsuZk="}},"ejCnWK3qAbHEl9xX6ImW5hlWQ5f7Wcu55xCld0yrzDg=":{"valueMac":{"type":"Buffer","data":"DB3EeUEqlzlcKmmIOmxGoYJoqkR2dIjEB7owjxMwwhc="}},"FOmeEgD6sr/ILdHDbw6KzBI4jRTY8U7zsb9I1938oCM=":{"valueMac":{"type":"Buffer","data":"WsF9gpd3V5F0i1Xgsvu0S7K7cAObkc47aoHxO2WB/g8="}},"Wvum8ZVblGy8dx8fdEmw70w2iKM9ML++suz25V/7RQI=":{"valueMac":{"type":"Buffer","data":"8yvIQJ9u9q4PT4W6Zz7hY25SFjYbSd6xCp2mU6fIWPc="}},"5FCIHGPUIbX1cQYg7H8iprbmItbnKvFzdY+dXgHQ8gc=":{"valueMac":{"type":"Buffer","data":"/2EtjzFyitvkLLXX5DlZfOo+LoBH61kM3VlYzKRTP7w="}},"Uw5pbyU3OmgArwLTuoYot+EUd2psqY5nSLA3T0bauuU=":{"valueMac":{"type":"Buffer","data":"MhHGbA1rkbsxLjZUuwGVGbct9YLyoqi9I0VJTtD3lOw="}},"d0WThIAKm08iEAZddoiIe+5w2LfVoS6bthm+YpGlcEs=":{"valueMac":{"type":"Buffer","data":"D7ifwu9kn+cY5EKd6QHVvvmZRLCQqTaqIHLQOtULr/M="}},"OFsAnqiCejJz6dvnswQ62qPMMvAg5NKT6ugGqrVQLoM=":{"valueMac":{"type":"Buffer","data":"x+zcKmu7/poYKPITWiEGORzzeuzcSL3mGmQKNo4fEfA="}},"hF0oRC79KyLHahA6nNbGYXwKTdv5Msb0AJ5v6wD/jWY=":{"valueMac":{"type":"Buffer","data":"ZzgD7xsdioF4ZvrH6jsgnBlzcvRwrOUIAYJ/Qtv/0aU="}},"6T7j6bhMM5ve30OGo4rJJbox9ZOs+cmYh1sDFMuZGhk=":{"valueMac":{"type":"Buffer","data":"3j1bBlLVq6gq6w7Agr360ri1+zgIBb3eBfYi0NSjocY="}},"IpJNcXNmUVrkk73LyD+SI/P22u3+20zZzcjFSeZdzkY=":{"valueMac":{"type":"Buffer","data":"fFzK0DVybVMMPijXIH6rHdCmPc/R9Y+sFxkUtfZ6z0Q="}},"H1XFGNL9s+YrCp+DXVK9ljTdj/BjlvPqH0Fg6hk8LIw=":{"valueMac":{"type":"Buffer","data":"TG25Nfmzf8Q1ksj3bXrotfGIb+4jE3cuzq3UzpoGQIs="}},"c9fGX9+OxgSIrmJHnwxRx7/WX5/qzDNQfabVF3X/22c=":{"valueMac":{"type":"Buffer","data":"tFmsQox06a+lQmtuo/1iXYI4K36n2PqPi5sgtrA0Z2E="}},"KQz5ybSuw/uKElfUbmlTYWGLJmtlyfD3FWjk+9jPadQ=":{"valueMac":{"type":"Buffer","data":"ovlpdu46WL5nnnmnXPI+lC3Y/VMn+7Kb/WcBv9E96aQ="}},"e20WWu4eD72o5BsBSsT5pmmUuBpQJNQx84DRV9x2GP4=":{"valueMac":{"type":"Buffer","data":"W8jkhN84hMZHsGU9Sp8YmZQufXOuAx+anauYoN9/+7M="}},"kf5WymINmO9nRYS8md5DeVY/zYxdQszXjHc/S1gF8WI=":{"valueMac":{"type":"Buffer","data":"woa8WIU95imAOsV0x0iby2r16sWEtMZywekUKAkvKK8="}},"l1vt13VO+ZLS58Y6ivd0a5gOy3Y4pctcN03hEACQfX0=":{"valueMac":{"type":"Buffer","data":"e6tNcQUSovpOQ/2PHvGIVVzvbMARugsbE/rVqZ34jgY="}},"AUtA25G/+xV1cOLQroXNmscX4xVJKmhjReEBhmVKV4w=":{"valueMac":{"type":"Buffer","data":"56tp8jv7r8VWo85KV+lo3QSZ1VuSEzT0yveuwllgf3c="}},"bOcAHxRA3nvq2yzCBLPCQbIFJ+3Cv6/ZR8C6SPa8UmU=":{"valueMac":{"type":"Buffer","data":"wrlmGA45sQShG9oBRyE3Z+bvyAdeYGDGe5nYc7X+FKs="}},"VpByG4tryYP/TsXuB38dgdxHFIZjw5vLYFL96jJmhZU=":{"valueMac":{"type":"Buffer","data":"Skuyr3sVqK7e9jzT2jhZQt0mOUh7i8VNezx64yKvEDM="}},"2sCsSW/2r9nmka1lr2t0a88CuHZke2iTmw7wNRu88cc=":{"valueMac":{"type":"Buffer","data":"1TjlHl6U3BeEIfMdIcoHw+NTVnx4ybxuTsNQ4fJR+EU="}},"HE3/CaFjDZPyBsKRWfTn9MJSnXlxjdaRKHc1IfB89zs=":{"valueMac":{"type":"Buffer","data":"//wJlut61qd1lERI6L+pCbxeHco5dA7wVQIAt0xKkzg="}},"TJPCqr2s0/BzY/hG4rrnkWA1isY+9Q3QDyb9g/xc22E=":{"valueMac":{"type":"Buffer","data":"BVdUqAY36DtDLL5MYL3uMVd0uuZjF69g60V+8/+HqgY="}},"xz+i8EsyHLN6b+MUamjL5q9eghCpGSqTkR9kWdW1/30=":{"valueMac":{"type":"Buffer","data":"giJiWbse+2SH4SPUZco4o8tDzluDWh8ioL5eiCjufPM="}},"58OUqoHR38QqiGrKc4mbiGCgcQUhaPor4+46OSGDuvs=":{"valueMac":{"type":"Buffer","data":"PdW1jpypjrRhIWuhxJj9EI6isbwgo1X4qF+vkuf12LQ="}},"UPn9lqJBMoMYQwSszlBGKQiM3OjuSfNkhBeC2N1exFc=":{"valueMac":{"type":"Buffer","data":"0nT4z3PcQfj/5ZKesVPas8sA2s+eb5qclvE/3riUURA="}},"YKXvP00kMHw+YnAxjUrW7HtEuXCexTwoSCe89aep4ro=":{"valueMac":{"type":"Buffer","data":"y684NDLVpWqlYC5n/T3rzHi2oK9ZmQHYkUlwthp0Mpw="}},"ZIQZkbomm5l/phqhNWurDgl3u4ibBfXDUWqERolE4kw=":{"valueMac":{"type":"Buffer","data":"GjuuAgB9WWB7Yhq/sXTmtMPgajVMecYnwidTc30WCco="}},"M8E517pB4Va/xcbOjn/pPviAKPFvqpBv0ALx1rya3AM=":{"valueMac":{"type":"Buffer","data":"LghG2KrLLM4ZFy1X+o8eClgvdRbBoqtexi/B9WAfoTQ="}},"umzWaTyJ7c41dLeI8UaGbBwex6mGcVRLSEnOw/1OvHQ=":{"valueMac":{"type":"Buffer","data":"owgxd3LSoRWgx5eiqC7t2ZOaOnMuOZlMqAC2AkE1V5g="}},"gKlNhyWDYhP4ZzMxA83CjK1Qr4ujvSr+984eAR5tZx4=":{"valueMac":{"type":"Buffer","data":"PS37kksVzMKlKL8VB2MQCEdgx25/EyLQxRcjwokiNVQ="}},"HVYSBE9/V2wmx7FKHbStLblUy9clXk+c/xZOPDtpUhA=":{"valueMac":{"type":"Buffer","data":"avN9UEu1hfQJtG/dLFZfxOJlEqOv5c+tAdisaZ5WCcA="}},"DxhwFp1oYYrc5xxP5QAv9Y3mfOYD1218/goUbmieNvY=":{"valueMac":{"type":"Buffer","data":"UxA46D1fToWJMd2rZBc6xd3Ff5eA2fKfMC4uK4l4/Ow="}},"NIqEgf0olLJRDOMPeN/7Y/0yCza6Uwlq82uXlMP3i/s=":{"valueMac":{"type":"Buffer","data":"HjUwXc+pUVSEttrK3eS72AGynb99CWCpjWw7m0Cl3b0="}},"rtMiE83JkaxJboiASY/Tcm3lh3jLnRMIZuKWvh2+xxE=":{"valueMac":{"type":"Buffer","data":"jg0nMNua2+d8GvOqkqCcD/mYt1/w5DHItyIcuf+6GPA="}},"dATmIAnveqACwyG1L24LMVOJKnDb3+7d3IAd0t4+KLs=":{"valueMac":{"type":"Buffer","data":"vs+cGlhpebdDQhcjzVCjlv6KobPzXeDlU1wbd+eKsRc="}},"SGCIr6rSDz9Ur5UhF+1H0F+/Le7UJgQq0ExUm2N31xg=":{"valueMac":{"type":"Buffer","data":"2uoGqHljEYYx7Pp7yRcaiuCbNCGYzgiwe1oAOKRuFjY="}},"o7KnCWNVsryV0akU7lGdUYCRao+A/tjkWmotPq6mlI0=":{"valueMac":{"type":"Buffer","data":"JXO98MSW44Ac9ERFHs+XPWdRmYXwgmpf8LrZlLKTpkY="}},"dhXbm0Hg60lBoQ4VgbvA3Imuw/1v3x3gDnJBHrtQ8Yk=":{"valueMac":{"type":"Buffer","data":"O8j4hPWhFzOvHFihMcXdbZu+BEuBACmeNcMrl6xnyiU="}},"9f52CFO2xeVXSx3V4aqFluAoJSoLP2Xo+mSph7j6HDg=":{"valueMac":{"type":"Buffer","data":"f724jN3nmtqjZo07XJ/dRYF/FwGx2OdlTadAR68pQ38="}},"CKdnSKyGbk/lWKF29FMsV+MYn70BTxNDk5rsK95gKBw=":{"valueMac":{"type":"Buffer","data":"YtG9EsEEcUsufRT3jzll17w/BQWy51qrh8/1p4GGh2w="}},"NI+1myKXZq4LKvB63V+mv4/CmTtw/2wDOO1OUTLDUSY=":{"valueMac":{"type":"Buffer","data":"d7nZqVJ04/UORR1UqBvfzOcdEcypSa0usBMjnBZiVzU="}},"QPaXgnGCHHhTtlZzbotA7dbpXcrxdBitQ9DuMIcxyKE=":{"valueMac":{"type":"Buffer","data":"g9cVOIyS36E9dCwIeTEfuGeP74LWPBDqgIvgecYeIik="}},"UzWIwHAjtEgyg4RydkloK+aSx74njxMybr/7/6CRq2o=":{"valueMac":{"type":"Buffer","data":"Y4sJzkfbjUtS9agdgHUn0SHU39TZELx8oWyCAOubT+E="}},"60hZeluPmhRA5IKufIBhFr9NOdqxkZtd3nkQQeDgO6c=":{"valueMac":{"type":"Buffer","data":"7RV6m7/N09FhTbETIYkoY2k3ne0AXId4IlwN/tKg4aY="}},"PIOrw/pqCJJ38AoX0co7/zrxtfm4YQ8xdB6XExqX19M=":{"valueMac":{"type":"Buffer","data":"QU2sT4ujkVKkn9Aj53fLlCL9XUtZMDia5CbxzTj47YA="}},"gZnFq/Krcl2NitjAbI58tEcW5fbvpsDqZnyMHxnDovM=":{"valueMac":{"type":"Buffer","data":"+Jse6tetHj3n+fY4apJN+xpoTfyO7MrTxYBBrNzvFRM="}},"Ic2/+hdqIewimsW2zHZJRKdd2yEn3Twz8hBs2zN4vFU=":{"valueMac":{"type":"Buffer","data":"kEZzoOLJkOgtFcH7VG+r2QBPFAF0Cat1phBR4q6uY0w="}},"43klBI9vrRpJly6EKIYmuDG0sWaVrYfVRJ4Yjom38r0=":{"valueMac":{"type":"Buffer","data":"2lOGFi/BLKn5KPJyc/q0fErqzdzHEUdw/8+DFfONCOM="}},"z+R6nq+/2k+Ik/35DuNyC7eD68pDUV1xkRRj7QB1x6Y=":{"valueMac":{"type":"Buffer","data":"fiOLPvGu9R6wma/tWK0bUY1Pfz7M+nkY8WOpbnnsPLE="}},"tbKXgKELwqi5UCW13pWrQgCcL+18NN8JBvdTxa+4QyY=":{"valueMac":{"type":"Buffer","data":"j8Cak4kyDqtPpLHzjs6IsaFy8YppEnjC6dhBi18F8hc="}},"cf+tFYnRCqQBpBnfQXgV9tsUrtWtcu+BP9iQxNboxAs=":{"valueMac":{"type":"Buffer","data":"+BSln5SNdqUOQOWNNkyY52cENJwFKd8lUFwDwbYFVaY="}},"fNZPessfyR0MTU7IT7sQRriTp1rol0mhFzLdwibXDMc=":{"valueMac":{"type":"Buffer","data":"one1S2S2JhJ4yIfYOogPA5iw5ttLN8NILFY983SM9Kk="}},"NF4V2HNvVYy7KOUgAsXxAufybSkaKPFtTVRT4PkcV4U=":{"valueMac":{"type":"Buffer","data":"l89vDP5bAeFqCIOdTWMEN4WF3BUZ6GQhqld6MTXySnw="}},"I7g2bgBKGMqMq5aViY5R9MwW697QETkL+SHgN3oCSA4=":{"valueMac":{"type":"Buffer","data":"casQgnESMOh5zt11XFfldmoaGYt+INR/Kq+LrxcDx4E="}},"VoN6QWCGRi4AUloVOmkAHysGAXFR3lTuIQFxt+rzfo4=":{"valueMac":{"type":"Buffer","data":"82Eub8gHewZV40MujlTdL11pbCIAFr6AiN9wezvajBw="}},"4ctHEOc31/1tlaJHhuNc+ZEWHrOD6numnvtTLSigqYE=":{"valueMac":{"type":"Buffer","data":"+U/FO0eTBR0ZPqRik+Ij8lZ3YjOmc0ZVOiGA52rt9fg="}},"gz5dNmcMAuiwZLp0F4n7aFp0kb0xuHv2c7DvCZ/fODM=":{"valueMac":{"type":"Buffer","data":"7Fo96hv0bi7k4x+Gqz49JQIHuFLPU4KCHR38sfe4tWA="}},"aQVP5MXby7/CiZv1eLKbqKJe2Lj1eoKwLPGZxMrylLI=":{"valueMac":{"type":"Buffer","data":"zs51gkCoS1I/Dp4HUR5A3ajVUvUwpnnFy78Wvv8ppPg="}},"9JKG9U8GX9VGS0EDfcufRvaBfYY/rwLGek4brnlDFqE=":{"valueMac":{"type":"Buffer","data":"Pa/L1+fR6XLaly9/LZ8N/thQzYuxMFeGUQNvOLNMBpY="}},"owZnAu6yeY8yrLUPPQ0tmKge1YICuiidoeE8Cu0LbzI=":{"valueMac":{"type":"Buffer","data":"4h9KflQqOZ2EcjksiHqbg03MpehRaxBgUcc4s4NCKY4="}},"c+1d29m0DiN9yKVLo6+jkj+G7gi5dvi7xlzvFLHAY+4=":{"valueMac":{"type":"Buffer","data":"wtN/ti+hKaKNLHR9Oo9m6eAi+E1T8Z4OnjW+MS17jDA="}},"0Lo/YFi1/tEXR/Rhtj6bqnpIkssBD5QzRkJv3ibNZ4Q=":{"valueMac":{"type":"Buffer","data":"wiBSFaqrAoZZb4tYeizgby6Hi709A+kMZrr9ZfGuapM="}},"Ym75GqaFuyXIosRoLDHn95ooRaGdjreLuTOyQN0186Q=":{"valueMac":{"type":"Buffer","data":"B1X1zw//TcaddGuURHwqBfn+DuUMQZx7RgcyoNXuQoE="}},"MsEHNlYFSpITUtVUBx2E4mhHqGfJa9TuNLQNe52nKAE=":{"valueMac":{"type":"Buffer","data":"RawtJg/h8gVd01rPhiFf+FFDzv8AxZ2S7Bb1LcNj0/A="}},"oQ51EVH3NlhJqhe2uEg/gBOpy8xEl2ClAuUnxd4ABh0=":{"valueMac":{"type":"Buffer","data":"I09Zl0Q0JSHBQVCGVSoHSKJNmYP/HmCRyyzYIM/8dGg="}},"e1zRPhvOjtLevmHvA8JPX2iLMagj78AHe47Y2plahXw=":{"valueMac":{"type":"Buffer","data":"Z/aUi1BWjqTixXgvaFfN1lm1g71bVrv2Px77opW/5qg="}},"/LGUc7Wdq8u+e6honGGBUGHk0ntSqqhsOo5LzHNSNe4=":{"valueMac":{"type":"Buffer","data":"4HQHLP9UA+Vzmt0tnXqaHm1+Q798RltIX18ugvSQUSs="}},"SOKjX/4ki5rq0Gth4EFMYMkrqhqiuLuz2AVOGtZgMcg=":{"valueMac":{"type":"Buffer","data":"1ZPyvjAkLVCPctwGmzXQEtPtFH3gq0wv/crgbMqytqM="}},"mMl0rB56eGUY8raOcGi6SGO2quhRyuSYvPHaznXo6vw=":{"valueMac":{"type":"Buffer","data":"WWY27vzMSQdzGTYdzoHlodfW6smvXrrdXTKYPfPCV8o="}},"rEPo/qgyW60Cna1+CE9Bt2aorGBsB4w+ZSyjroh8CeY=":{"valueMac":{"type":"Buffer","data":"qzcmgHwn83bm1FBI0Aw8FHwsR0z6dtbeROHP3A6R7WM="}},"pKLs80qEENsAwuFBoWZ/M9WAcfMlyn7AmnLn4jKQuqg=":{"valueMac":{"type":"Buffer","data":"UkHgpo8iBdWis600MRan8DkFkTSChRNmiqdh5D7GkFk="}},"AUn1uXCbBIkc4fKFuJcv8Yw8qoSl2NdRKQTkLlunLpI=":{"valueMac":{"type":"Buffer","data":"V/JIjNM9EqHUigCkcblStkf5vpboRXrAzaK27JTxkDU="}},"Q58M2h2ihr5s/o4gsOvejygtCfhpXKwGhbhEmL01LHg=":{"valueMac":{"type":"Buffer","data":"C3slI2kj4UJP/0Dh1+A4z0wUUwUlsWnCDZdkLujePzI="}},"EGrEC5Hr/5x1ciDimWPAJk7+vXerK8HjWtJs1OJXmt0=":{"valueMac":{"type":"Buffer","data":"tlZsrCk2FCrE62XOVJdApqStbkCCQszcuaQvjAzB+Cg="}},"qkSf37PiCg99l3ql1Zo/P7oY0K6CMSZKolIqnTzyAIg=":{"valueMac":{"type":"Buffer","data":"9v6yNGZuEFMP6RwWxUXXujXOdfB24Nc57zj7DX8VZOc="}},"Lkvc7wahxHHiuVJTHQRsNYDwvJQKbRqjbpCmUVFsbUA=":{"valueMac":{"type":"Buffer","data":"1oABSdA2nRIlpHKzgcd6RmiOq4ThZGSgNNesGVWZRZo="}},"PAIrfPa8RO3mIR2bzfow3qbMEXNMtzuOnBCxa2alOW0=":{"valueMac":{"type":"Buffer","data":"wDPIy+YtlevuCjDxA7OnPY61PqGD1g15l6S88rkCUe4="}},"IFuI7UYkXg5oyo0gS4CFwxp2o8rV1j2D2G5sQbB9BD0=":{"valueMac":{"type":"Buffer","data":"LilhjZroGw/P5HiptnEh5YymKaLgZ/EwudMJ2NkigaQ="}},"sTktwNZ7szKDwBdjFaBR1dGvG8SZJqXJj46m8sN6WlE=":{"valueMac":{"type":"Buffer","data":"B1FRprFqrIbJfF9EV1q+0pCMR+O/ysVy3+aovAx5qzs="}},"dPSWmu366QDm50HjhOFyWLv8YV71kmmob/2/x4EKzo0=":{"valueMac":{"type":"Buffer","data":"eluaLIKiFjm2w7+4V5MPCbLY2tjRms6rN8nzkkuWJso="}},"G5WAjwuUwfuuRcuhJjFbNWW0tWiU/g9XVLmaPdnD4L0=":{"valueMac":{"type":"Buffer","data":"RwayoplMp3HHXWJMXSSTylFfF97fmKdwLviqdim6RrQ="}},"tflFajJGDqZXRlszSZFGFDPSdfhqUHGgm+jAkc1s3GM=":{"valueMac":{"type":"Buffer","data":"NFXHAaaVYLYxt4lt6hI5eDscMmtxW+hR36f6f4iLfcI="}},"0YvlIEvtY7qC3DM36RnTu1rGm8a7JkwVVteNghiL3xI=":{"valueMac":{"type":"Buffer","data":"FYY0gESWXhJ0oU3VLBIZiv65IYOJNkS3LdPHJEmb/P0="}},"q026rSgrLcLImJOqIiKWEeocl1RGaff9lPCjjrbQjvA=":{"valueMac":{"type":"Buffer","data":"fMtVZj1LIka0A4wDHr/94kmGbpyuL9mgR64rPlcNhkw="}},"zEyuLb4nfcGMHvQpenn7twwG5ZKQfGGTd3F2FdTDGSI=":{"valueMac":{"type":"Buffer","data":"5yKnNuq9kR3HBtY18Rbmk28AoQGv8ykTUFaF2cEmYVU="}},"qDyuh5putvbdP6lojT/Q86At5QFgW+nJrhtJ0x9z92Q=":{"valueMac":{"type":"Buffer","data":"osj1ZLtBYgVRRz1vmyjUizVWD/AfvUGqPQzlwYFeQMo="}},"sL/jwjDEUWlKQfBtg6bM9zJi0gPGQeMiiGjnKP9HluQ=":{"valueMac":{"type":"Buffer","data":"+vAcDtjwHZ0srEEH1qk+BgUAQtoxC54CPiPa3ex6New="}},"58TJcAwakeKIicZ21JFcsD6BCrFDwA+jUlG50Drz+PY=":{"valueMac":{"type":"Buffer","data":"/cdEC+a/xDV/2lYN13+CA9ksZ4Y9v0+7oTcgxkkRdHY="}},"zm4Tx+8YFFzUkpZT8ZVzvvxnvX5LpjgXIIUHR7nJOIs=":{"valueMac":{"type":"Buffer","data":"Q61Dpp0NoVHACJzDP6Hm77CEENOxBQSjrEvazTM2rwU="}},"lmPhwCjHcR26uyAgHWkVTK5koR1FATJlP1JtJSfYIVc=":{"valueMac":{"type":"Buffer","data":"xLM/ia292l2TOPlj6PTr5HylPzHu3suAzlBQY55/wlw="}},"yVtoEqZ3+rV1tccdRKOcfZVKy5O4GRLoG3TTscou88c=":{"valueMac":{"type":"Buffer","data":"DXD7mJckeWP2hpy9aW9GwjPYA5AOZk1l7NPbZDDf3OU="}},"2dNbXINvV74/p3svCnvOPxroePsekPrbuBTMKzs93jc=":{"valueMac":{"type":"Buffer","data":"nL4pD5QPoqtGug3I0TWldUK8c4FBFOmOUTni2hgD6mU="}},"wmRYLL10n7Z1hd7iqrVg+a3tAIsLXfB8qBvVQRAeUPg=":{"valueMac":{"type":"Buffer","data":"u3K7UfKHducOCHcolQ9sPblSHjb28yWkPelsGq742Cw="}},"0lLvN80oN4pPWUufL1JoxaNWDmTQnBpCatN0hh36yOw=":{"valueMac":{"type":"Buffer","data":"iGMhot3llnPBhRRAWvTj6Mw1rnRDlaW/WlFuir3gibo="}},"zndgbmFF2k2ZgSKnK+jtOzbhL4/2dupv87L2IlKZ2EE=":{"valueMac":{"type":"Buffer","data":"2gj5fUwkdascNqjvUTWg/WiLe3XW4NW8ZVDQLVKZyB4="}},"1CF1vMw90xB/wb0lGB8p+WomVlheQBZ92WIusJIoN/k=":{"valueMac":{"type":"Buffer","data":"aaYMsZGuKb/kgMUAG5m/JyDY2zCjgDJ3iCGBre2ynH4="}},"n2I++DC8r9PaqdmKMb+zexkbwx+t7JI+ke/SoZTnr34=":{"valueMac":{"type":"Buffer","data":"ocQP/hfa3aTt+a9qnm55PfxSWL4xa0csEP52JKp7olw="}},"E/WY0xBqvJdUj7BQVPxnuR0FJqqS/HSxR5b9XPlFwFk=":{"valueMac":{"type":"Buffer","data":"XPMFOmk2dn7D/QCpkZReOLETtR/bI2ediQcCsAdlpbU="}},"uZkpulTFICwZac8dOL1xg2d4gMbMQd7Wj1D0pFnTO4A=":{"valueMac":{"type":"Buffer","data":"xqk+7HhDyHw3w4af+ghWYpVN12yONzC3rCcjIc6a9N4="}},"sSH2zh/C47/xdxp2lMihf6XVZQNQ74QK4l6zAqhEX7c=":{"valueMac":{"type":"Buffer","data":"6mhJz3rXP81MkZMStJsS+Kw1vb18ud1HviTuHYYjDLE="}},"dOTVT9CyeIhW/75N1HCVvzJCKTxzeOAY/xSf/VAHyVU=":{"valueMac":{"type":"Buffer","data":"HvoPidbcIpdU4BfuBa+IPkfeo6lz9AFI4CTLueH9i6c="}},"nwcnNN48SQMWAYmfZDoqNPxbrsXOINwXqF18Avs5a3g=":{"valueMac":{"type":"Buffer","data":"f7uX8sn9oAhKPs0K3wI0EKQJwcCwl+28qUD49a/O+oM="}},"KHrvyhpM/LI3s38tcSuC2A7Vea0W8VYNqmyQt8AWdAk=":{"valueMac":{"type":"Buffer","data":"TA35NVjrliKM9giCQB3b6E52IrPfOcdFUiTL6vvk94U="}},"ZvAPJRStLC48z4T1kSgf5s63YOt+EenoJCwYXUrdmBU=":{"valueMac":{"type":"Buffer","data":"Yqkuwv4BGkiN/LCCA6sUJ1fQ2HHB7HF/Jn77FTo/G6A="}},"DUXLdzmh8+Fjqp8792lmjy3qfsH65c/3CxjSXmCjBOw=":{"valueMac":{"type":"Buffer","data":"PFWxEWjRh8HvSL7nzgmaomoKE/rsO080uioUcDkKg6M="}},"TmnpUtrTFjXObSZqRRTHuVngagP35j2PsT4CDrVrvSw=":{"valueMac":{"type":"Buffer","data":"pI+s5AERAcIdJn9JkQecJZdxfwm2JIOw+HU60LdAD30="}},"a5wd4N8YmFxiR/T1CUhyE2OwqqttrV+AVfJeitYLu0s=":{"valueMac":{"type":"Buffer","data":"09OEHa9QOPU/XkmFcSN8IunlT2z2KOINjjEHDiMVS0s="}},"zI3eHqJmP8WDT9hYVFTvUpozpkBxlD5mJHewjXNFOOY=":{"valueMac":{"type":"Buffer","data":"WJPG/85zK5UkHCn3QXiUbSrhjjP+S8zercP/nzJxWwQ="}},"bZwbKYQhA8aq82Oj9PJ3Nsuq+qyn931fp/6qerQRdXg=":{"valueMac":{"type":"Buffer","data":"QpbQgGQvt2iW1/mz7pCPEIbXnEOvfy+a5fIdVjYooEk="}},"oL6KCP6nx6U8ly9OuoolYDCLU0gXexksRZaTrUuSWtw=":{"valueMac":{"type":"Buffer","data":"uXLJW3KiK8TL+aqeSteQ9+Wc1K70PAblhyrI3ClNEuk="}},"PnpR5/knGAp8pTnXrkikuV2+XmYiAzUHd3lD6aNkmKw=":{"valueMac":{"type":"Buffer","data":"jBPLYAFXeLeO4Fk4L0bkT4AQWK6TW7Ac9yb3qVk14c4="}},"SOtOe2F9P9V+2Fx3D/XzeP2nkBC0dF0AQ0q3v9vL81k=":{"valueMac":{"type":"Buffer","data":"zv7tkLziFJz9DklvaWKdCc8isMOJa2TTbCC1+2ua34M="}},"tKeyif+G9M2xN5KfJadDKNkLxCCSH/UhX6eWzqiT3wk=":{"valueMac":{"type":"Buffer","data":"XEux2qP39zItPzc8S9qTqlzgcQjv/5kbmmJog0ziCqk="}},"VLYjlRj/UoCWRb3aA6rHC3x3v9s6s5s/yROa3uHc/Lc=":{"valueMac":{"type":"Buffer","data":"Wpvk3cB6Sw16kAG0jZAXNf4Eqmt8JL/5+JMRgVxAJwY="}},"Waef26CHXncKFPVbxT4oTUw7+ixG69f5sEhrPj9pxvM=":{"valueMac":{"type":"Buffer","data":"BMRhoiPLUV10UtdwCyWebfYMF5+i2K1U/GvJzCN5fLI="}},"wdGTUiWxyGJhNuV8mpbPnxGPcSPCEskLWIHziT192Q4=":{"valueMac":{"type":"Buffer","data":"wVGIyTAIaZiu0l25EuSDumJxIXY/PujlmC3f9JVUeUw="}},"ZUt01xWAWoqevjLrWMNMxzjQwWk61VNCKzCdnBIkUW0=":{"valueMac":{"type":"Buffer","data":"h63AAmqTDkgi4FYuLyN9OvFGqrwgJkz8EsyJoJ3POwQ="}},"GsvAG74M32OJ13RT0xKORNy/95STU++VnPoZkcvVnKs=":{"valueMac":{"type":"Buffer","data":"hvjRjzFANsdHtWHrC2QF7ZvAxkf4cZpw4NaxaHN1tYM="}},"eFEztO1MWCq5sJlGJXApJLzp00Gbo5B05zBZpIFtkJI=":{"valueMac":{"type":"Buffer","data":"UJZgDW7I2kMDcN0InWFJS87a57YMeiPFFRFO3RuFU+8="}},"A9fdtQkT5wvQdxPDgzsoBseEgONzxQA+amdPBzv5Nno=":{"valueMac":{"type":"Buffer","data":"BjOPFKjZdAqRLKB2OlI+/qa8TeKNOqzF/jF7lMCFW5o="}},"p8LYOvmO/xGRAxlFdpXfcgjr77rhY3jkOdgseH/QVXk=":{"valueMac":{"type":"Buffer","data":"8e2dt+pD45TfGQlby673sy17dd45a68lgMWwD477c2M="}},"ne0L3sA/ed/6Lf2bUj6Xqhp2Lw4s3lW7UVRY3+Njtfk=":{"valueMac":{"type":"Buffer","data":"omsdks7KWStxDAfdABRKzXzK500WVPNib5hxejN67ys="}},"ZdO9tqdIi1oBYlBXnznEyoJCqHe3ACLEd0A0iHCFApo=":{"valueMac":{"type":"Buffer","data":"ZwrFSAfM5BNIOF9wqFTW6yQmFJSkFCuGpiyzCHYX40s="}},"6uzZTMDfRlyIv9CZZpGLFv0D5nW/cjynwsNZcR8QQoc=":{"valueMac":{"type":"Buffer","data":"M0tqvbp2ZAjetDc1S5100hjX+IhnGyq+bYXMwMqQ8V4="}},"cR6WQemIMHgVFNlriYKCP/60DD4XJgWcrN8m4QWim0c=":{"valueMac":{"type":"Buffer","data":"91K56J+q3yxyTUcCvNgSlYiUYGzm5TyNEioVlMs7rHA="}},"s87W0QjFEL+N6YIXKOoUeYEj9BJITj6DuQL94DSjcWM=":{"valueMac":{"type":"Buffer","data":"TirplqF8X0hI0Sxh4m25JtwBUKvE6Nl+k9Jw86hfSUI="}},"B2qatz1U7ZlHX7uHt2t1tIo8FrL1VUT3B22wkJu5od4=":{"valueMac":{"type":"Buffer","data":"drwE83KsXZB0cGM/uJgdtAg7RjuC2RtN2hCgu/jn6PY="}},"qbC7Y9VoxUviHsomX8DQ0ljcu+gx049raeyOEKbNj5o=":{"valueMac":{"type":"Buffer","data":"CsT9jyWb469JLYruSFOGrBQfBzo84AerQYwCo1xLZvc="}},"31dUnmhYTP5fvsvj4h0ircMgf7bYnTTn1z6DoiCxkqA=":{"valueMac":{"type":"Buffer","data":"2E5pm6fRUklrL8gMpwnPbEfm/OhtFU6MXftSPo+u/d4="}},"2I5Dv1ou0z73X2sJV8nKgNUxm4CbHciHowUF14QuTdw=":{"valueMac":{"type":"Buffer","data":"NrIUKOkl7ZPbl2kZNByNYtOPKkfFgzNSD1ictDCJr8o="}},"nWQ5PQaRgyHIxZmjfsQtK31oPhQLNb7K84wD05g3ELY=":{"valueMac":{"type":"Buffer","data":"4jpme0HvHcBhoiKlzrJnEwoR3GT3zLne9gr2+gptlaI="}},"O7iFSj6iOJQFNwwW7uO4DiJGq+3ORgGjNazWV4gCb+I=":{"valueMac":{"type":"Buffer","data":"lM3K8gJj3qUkQby+Sk5sWmNmx1UVcULqfzeSIrJWE0s="}},"wyPvJpUKMajLQj6Z1/myU2p5umlyDVPwWt0FkVXaArc=":{"valueMac":{"type":"Buffer","data":"gzoxgaIi3JD51Tt5OJfz39kK1O8Ec9Ujcll+A71sFhQ="}},"O+kVHXV73nAugfq8uwI5rw7xChhCFxijBRcFNLmkHds=":{"valueMac":{"type":"Buffer","data":"955cA89V927o3wD2YJ4+Y8Ri6/OocPUWONMGLP8vytM="}},"CTPC3fdVj1t79RlWWybV48hfQomGTjbZE0iKfmvnTqA=":{"valueMac":{"type":"Buffer","data":"c2RhA+2OKF/Ny0c3cpvii9JFqRKW/upBnJVzKP2zRCE="}},"usPsxDuPMKIPdA5DFcmF9VtwxD3EQEOcH1WkAOdtPzM=":{"valueMac":{"type":"Buffer","data":"6XvHk/nwvBIBE6TcO6lE3/XVBRlwnGlilZ9EjnjZ4QA="}},"JzEJuLP6vLhRKRlQANGeSan1F7hVTEC4bvvWnHs23Vg=":{"valueMac":{"type":"Buffer","data":"3oIQKiaZY7igrdTTtGAncxKHuDnU5v4BH/ax6WBkTNg="}},"bw2vn9EcSkARh89nL2I6zk6Q13T/Jbwg5Md37ZbsGsQ=":{"valueMac":{"type":"Buffer","data":"d75tFy6eSMqBdDSOf7vlAyqSPkibCTVgcTA9lx34/v8="}},"CWPaO9cwx4cQw6M0WqpA3Yjx+xoy/C9gxKSmiM3D3Yw=":{"valueMac":{"type":"Buffer","data":"K+2B+ToJkCHdDCxcXkjRBfj+7yy4JbWF94bMqeGvaac="}},"aa5qpq+QumB9sUU7sSqMqH+7ExvmvgY5GxX/QOEnxe8=":{"valueMac":{"type":"Buffer","data":"xfaMma/eBRU5NndCXwg0cXsBeWfTJM9Jq8s805Dl5bs="}},"spVY9i7Zbiy3YzaJ+xisR4uOjynSXKwGQfb0/01Z3qo=":{"valueMac":{"type":"Buffer","data":"Df1ryuZGxJynx3+Xrj4lKlC+m4UB9nPq5T2qc3XoPj8="}},"AOjGw1yMRPWyshk6pDloFjCzaPcTI7J4K7J+5HjsPj4=":{"valueMac":{"type":"Buffer","data":"P50aAfIviS/Y778MjPSXscQj5lLe8JJnqXvpJmeO4/Q="}},"8MroDQ7lBNcDGk2f7qly3tIx0Ylnh2rlxrFx7Pl8NU4=":{"valueMac":{"type":"Buffer","data":"WWvhVAlGfn9U7HTK7HH+8JnFAtjPUDlvPiaqnLPq3n0="}},"eB7Df6DPFjlmPhm4L4/MBifr3wm0os1/w/NDDTo0jo8=":{"valueMac":{"type":"Buffer","data":"RNsyzAn03Vuhe9iMJ0/Jgt6aGY9V9sEBq8t0fuh9dMM="}},"eWf7mPdgpxMRBSUbOKVdZ1F7qrOZ97jvgZUMZdjxWVA=":{"valueMac":{"type":"Buffer","data":"bVsTM9afz5y6/I0kiIM7bDCdUGRTZ+LPJQgWQql3pG8="}},"8Mrn7DGqW7wAp/6Vs5nj/HwNOdCxA8oYSADO++OByFE=":{"valueMac":{"type":"Buffer","data":"S5eHs+Uc546X/DQnlEmbwvjjcMKldTnbxQ/Oe8K+JDQ="}},"3SNbxZgU1UhzNDE0Op+tHZGX5oUJ3Wl/yAiOBdmGLDk=":{"valueMac":{"type":"Buffer","data":"ab/A5KaslkvKTKTAjY+ma7PVcH0cmfhpZBO6sPbM8OU="}},"/JIyv8iAEPxdUyfUv6RCctjIcCfmpUXSGJJGCbCJwXM=":{"valueMac":{"type":"Buffer","data":"VsQGvB/N4kCCrMU6+aKLFg7g7kOr+PyLWLQfp8JMqQY="}},"ImCJie4fsbS5PDkeN+fSHo5tx3+oFblnV9iwZLdtD3Q=":{"valueMac":{"type":"Buffer","data":"2Ux95iIyelj/8jlFBWaMYl42ZyLiTGwfjDDd9l3SzLI="}},"XZItHXk5kWY0YH0EP3jrIXUMpuqtrQ0fdQpQ+0EYKTc=":{"valueMac":{"type":"Buffer","data":"TyL9OT7VDC6PYKWR74uyCl1iDq/7Q7RAMuUzqfXyd40="}},"mU6MglmB1ehuxKYGHAw8z2zZbmmxTcgwLLLuamx69Mo=":{"valueMac":{"type":"Buffer","data":"5CsJbSN/ozpHX4ntYWUCZxohBgJENAXV02mE0yt1ehM="}},"XsUMFXssoeKnyXxtdbrGQcHCwxF8AnaXGt4X+JSfRuc=":{"valueMac":{"type":"Buffer","data":"e61iaEK+/0SelIKgUVfBm9CduFkoJaCudUO++UAM8IM="}},"H1QZ0Yri2eVN3PJ6kDQ99CxP7Ai3HvCQ88Hiup25/qA=":{"valueMac":{"type":"Buffer","data":"O2GH7Xt9jww9DH6neDWjk5zfcSsT8JzvWQ5TmxvEH/I="}},"Gbo+eEGXTCOMzc3hSFmdGUcn6sDySepPcYx3DjvUXGM=":{"valueMac":{"type":"Buffer","data":"4ZnT09u6R/FYHJZtJFc94VR3zZzoUS+vYKDxHLfpgBc="}},"9v2oXAsAbJ+TXV8wGN8EnojVtnI8E7ra43gNAaeilCs=":{"valueMac":{"type":"Buffer","data":"AsKDpkK18YTY1pa42coyCS1YhJcz8OsWpP/Yv9ehlsw="}},"yxEfykTE3mG22ITMVrMzRNg+EsyRM2tU+d7nepFrnPg=":{"valueMac":{"type":"Buffer","data":"Ys0SAuQyHmQY2sCNEuzX9LzUF4d0dZ/UYdV6FZ/lD10="}},"dOay2+/+KtM6naWvRnQsnVhvp0oPp1nDXEfVANxfsPk=":{"valueMac":{"type":"Buffer","data":"AU984u1gduZlRwYNgxmF3aDI0sp3ZRahjLAUFKbMoKM="}},"6VUTpwOXkWyVaLRTzq+O0lOCol/icmFq3/3kp5IpRQw=":{"valueMac":{"type":"Buffer","data":"tm96vLU5fA1HMr8xYTLUnlurz2vV7FpDNIwngXpsKDw="}},"mLbDSx/ImJm6PeTej/Ne00LxbgPE/0a070tiYkLuo9o=":{"valueMac":{"type":"Buffer","data":"gsuAcHAEiPATQnhgaYsc8sZpNH39AoEq8r9X4Kf/fsQ="}},"MIiy3nhZSaWX+OCK+ADNa8F3V9RriIdUIulYzmU/MKw=":{"valueMac":{"type":"Buffer","data":"4CQVzs4N+pqS8AsV7wSLiVqTQ4jAcHCD+sgYpYtUuZE="}},"EYVE9KHRbYTS98vCvxTFeKUgtzkdCGoE2kBxpiiC69U=":{"valueMac":{"type":"Buffer","data":"D3+sdo+LSTEKkhTdXxmj5jXmNhib2RgJghrXb3nyt6k="}},"zR5mOEI86rBseJiDRqY2cbHBNK4LjfxKAI+IzWte9es=":{"valueMac":{"type":"Buffer","data":"H1D3dWaQ1hqMWnBmV5EvULFbEbtsOWSsPfPKbtFtN7c="}},"pZzbm4PaDaGdElWdaJNbNg2dOBOs3RAdDj21EMNqS5s=":{"valueMac":{"type":"Buffer","data":"Q6q8FBvtrpfG5oMVmQgH8/URi/uzTrhvG74PP6nPVzU="}},"7MHgG62rFX2awB0030pLXADqpm9iDUgTOXvjrYQvMR0=":{"valueMac":{"type":"Buffer","data":"70c1tjef/2VR1Ig90bGRc870FvvhgpNDJ4Hc4hCNoZE="}},"UwReey/7hmwGNyvzu/eWFiv8yCLHrZv9+7OKOM4vhaE=":{"valueMac":{"type":"Buffer","data":"Frk/VL8SwpWa2WSYOIQqyHw9H1I8m1gS2qKSkWtwwRM="}},"tU5zbj+jEfvuqnPuf8ix7zW4slVdzwFhXPJQz4C5xnk=":{"valueMac":{"type":"Buffer","data":"CAF8ZXWbakSf86Nc3cUXOffx7kzXtv5BH7abIjTTajE="}},"uoVBijtmQi9dD4zTFmL5xtJaugll3VP7JM3N/+c/tok=":{"valueMac":{"type":"Buffer","data":"UI8wwlBuUun4T/VHoaUc9ZH03yHdvVSHGjt+t7a8PuA="}},"LTGP6OTFi3Q1ORb9D/wCz56lHcUa/qJilxj5anUDqbM=":{"valueMac":{"type":"Buffer","data":"5+6bQ1OcjDOKEJjCEYVvrkLXr6efUYK+CwFRWhxLb40="}},"XCySp8N6Mu7N7cG1oGCPBa0xEVt8Jrperk6T5RIA8FE=":{"valueMac":{"type":"Buffer","data":"Pe4H53e9J7LR4iwQ4IpZRQF9KeQlv4bDnMkQjgxEsD0="}},"ZGJb34Ql3FN2Eu4LruLLAnm2WVJC5n1MVx/Zm3VTHBA=":{"valueMac":{"type":"Buffer","data":"/edSOZQ93hEbT7UdruJkNdXe50QTA+d8l3QcP1MF8CE="}},"t7wEwrCRy4SN+g39xNoLJaldOA4P0461rJSqEu13hfs=":{"valueMac":{"type":"Buffer","data":"4xudbbfMaRI3EKdPk7b3T0RvRYE37eBJBrWDpKz7s5I="}},"nNke/H4igIgCREOXknCJ6+1mUWENNpfeLnhH47Y9Bg0=":{"valueMac":{"type":"Buffer","data":"G59UCIBe6CPjOfSlUyA0LPJKzefD540hjpBA6qxVuS4="}},"QA/GXxAlygrjoYx0cXFOiEfFrIcNdaL4gGrLj3VJdU8=":{"valueMac":{"type":"Buffer","data":"RoUaDRkuUduI/vr3IW196K1cEqDPkNKewDuAh2sLfVM="}},"SWXR4qisfULhuVhvwcD7FihMY20WOLPvqNP0LL46kTk=":{"valueMac":{"type":"Buffer","data":"BI6Qzex92ywnY8i1zGpNs+iF7GcSJxwPNMZo84KRKz8="}},"mRhQk3IVt1z/SkekGraH9PqUWzEuef4JaMj4ooFAexw=":{"valueMac":{"type":"Buffer","data":"WNv2na8qMuPiD9oeEkRf/7klHc4nz9cAX+TyR/NKTNI="}},"D5cexFvdwMZ4BKCwZygROYpM3TFRG5vaXdXHDOML6as=":{"valueMac":{"type":"Buffer","data":"kRDPMpjF5m4iCxfZFxFJ5ikRrr28Hj+d46mZj9CNUeM="}},"6jppJ6Gftu3OE/Wdk0fYepCqNgPy2+8IPSJDQWSUHW4=":{"valueMac":{"type":"Buffer","data":"/pBxep6m1xI2EydGATtrzT+DTSayj1KtzMMg9jf+ENM="}},"NyuPdpALbEM029JYH2A9DE4sewX4OmRAoqm2UH8At4M=":{"valueMac":{"type":"Buffer","data":"KZlU/4ilPCHhgg7EvdAfgyYTERXLs1oTInFneISENUY="}},"N4tFaZOYkZGh5VC/6InsNqPIGMQhDcJst7lZ/nO9nGg=":{"valueMac":{"type":"Buffer","data":"igq+nD9zJRNYmcyEx/YIqQzoP+QkZnKiqXcLhiZuTYM="}},"Ns+yWPX7bB3FvQKgt8moIFOUniznH+NIZRkVcDNBt18=":{"valueMac":{"type":"Buffer","data":"COfnIi3j09stV341t7htDoZ851/doDRk165ja2juSUU="}},"hs9lfafyrL9+quqReQ18A4StsNT+2GRa1oJ0PyXwIAc=":{"valueMac":{"type":"Buffer","data":"gIj+BYVed8ZcfzTEjRFgIKCDOPcz5TSICdKXgSvQlfw="}},"00KP8PXrdsRkhb4kTWwzh6QL3rQJyqpUTvLbQV12SIs=":{"valueMac":{"type":"Buffer","data":"Lagjq8QqTNG5rs5Pu+KicmYkACgYjFulPNkDXXzDrPw="}},"AZEkhqhNRLuo4ftLmI8J3zWGwatCidlxzTI9MHYr0aw=":{"valueMac":{"type":"Buffer","data":"HSb3+hBGnCDoQl03/ilfxgXBPQShdP+/kTgELj0aaKI="}},"kp6WqEONuC89NKU2tn0IXXjJ/Fqov585jDzob1pLl8A=":{"valueMac":{"type":"Buffer","data":"yoPr7T/HHT2scu2Iv0SWcS5GIY3rHYQCVze6hktKH2E="}},"8JDgaEJhG6OXSdn0fJys4kEXA2obe3JmJ72TyELRsXk=":{"valueMac":{"type":"Buffer","data":"ee3hU5D/5WZYzcdi7RGOXD0LFgY1dIGIWKqu3n+8Wb0="}},"xKoQVWI10w9YhgdYHUYZMJGLq8xjt7iEJS665J7sswM=":{"valueMac":{"type":"Buffer","data":"aCXzIqjN3ZjASHbcOZDVTVT3w9VJXfGAbYiIIQsUdmI="}},"qHUnUcdHCXy2gq9u3Ol78b5OKluzkr4viHypsoufxBE=":{"valueMac":{"type":"Buffer","data":"pOkjsCFGMvYukG2721OqiSerQN6Q6RmGj4oVgDdjKv8="}},"M2b09+lyPG4JZ0FVpGt9gWCR3AThxFgSxWTbEmvI2Mg=":{"valueMac":{"type":"Buffer","data":"3ablfVT8X47zRm6pE9VREOtXufqNq2xzVSxW0X197tg="}},"bAP/rcYgF0RQG9nhoYJ3ohlNOlBaZRAL2z6tq2dGQq8=":{"valueMac":{"type":"Buffer","data":"j3ViFIhJChp3vDei9uFH1EC4p9Wx1ajtsFX5fdaIBUc="}},"kCZ1tMB+GnAKjPK4mO5g9P+vC756v01N5VU9o8O94vU=":{"valueMac":{"type":"Buffer","data":"G2VbJzrXkWT9VKo3MYGnSgXi9qtl89H8WviWM9xBIBg="}},"r8I9EtArP3EqXBgMw+AfeOUny5VjOF1NnmfNL61ThDY=":{"valueMac":{"type":"Buffer","data":"knVRh+o/mKKa0U2Fi6nA9o/Gt54XSfAGQX03JN6Bk7w="}},"3g+nP2yRvrcErDpk1rYbXxPTE6icx7mG0Sn0maVsVEk=":{"valueMac":{"type":"Buffer","data":"ut5ji5Bm8EIYxToFO5r82QvcBsPWOt0ZvPj2yH90cxw="}},"tGRe/xm9eleTAhbeszB12DKxErHPQsrCuKCqriKJHpw=":{"valueMac":{"type":"Buffer","data":"dASkc9DXb71T4N0OvNOKt1JqaFfJruRHqWQFbdTlYtE="}},"XUcFzIGhVttyh2cFV9GLlFRNrmRlYGjYR22geiHbtEw=":{"valueMac":{"type":"Buffer","data":"wcWyGeyIz3UoAYGYO3n6T8EnZQGoYRzRr6NgVmbhDZA="}},"D745/j1FJyfRirbGlJ60zDVmySRQVhTFy8cNpKRKSIM=":{"valueMac":{"type":"Buffer","data":"LZ8FmoKGKH2oEOoXKW8JiagECWvCulxiWDY10Ke/e5s="}},"4FzqLIlqh2mKMSmAX45OrzZk9Cu35Ftr/8qPQpk4SwY=":{"valueMac":{"type":"Buffer","data":"sgGs14fx6KTnhMZnEF86NAbn8fDj9K0fxoBG9lpD1x0="}},"raCO8u6fiD7CFfRd6D8dTsyFx9lDFWnu8SvqsTOHNXU=":{"valueMac":{"type":"Buffer","data":"8aHRxx8bcAithOVhTpVJZwO/5Z/wRmq54VIzoWCNlmY="}},"Y2fmkF/YeWubDlyfI31RZ4/M54GNiWvTDUMZmWFxNKc=":{"valueMac":{"type":"Buffer","data":"4tRdaHDsCe/fsvpvOJGQTi6VG32GdFtko//3eI8WJRo="}},"G6MwutDAwLEy31+zsrIft8Q6LOATTlZENdcHkkYCLQM=":{"valueMac":{"type":"Buffer","data":"fPKhIozJfwfazgQKjaqunxJYst+0toTrZJ7JeFpfffE="}},"qA95rt6bk1exY/6gWMAR/YsVmIyv+L7XzoshsH1kFes=":{"valueMac":{"type":"Buffer","data":"pf4FQ1Stbso8EvKheyemHM5LjA1FBX+P8iqqTeTHVBo="}},"h8aZf3DEvtZRZbgL5PGeX6rAi7sdkqM4EZjIS8UhGFs=":{"valueMac":{"type":"Buffer","data":"yMj3wMUDh0elu/YrbawuyzJ1VRrBYUJOlgEZSvidOw0="}},"NsPgxNZiZpsIaCx7eJpT40V2MwyR4HX75eMA2eAFc5k=":{"valueMac":{"type":"Buffer","data":"cMt8N+OTyC/AFEEeUS06bAb9F6zlvRoR6eVzeLFMZjY="}},"kIn9e3F4XZMlXWGYUUb7yPUveEa62jscYie7MFI0Z5w=":{"valueMac":{"type":"Buffer","data":"YJcHS0KRpfnBwLhvoUc+UUThehiiBkVTYq4Z0YL0Au0="}},"1TOm5MiH4UBKVxMAYltRlFQEd4Kh9lD6s6dVixlFDzA=":{"valueMac":{"type":"Buffer","data":"GTXdGwscyLZ08Tx+gyUd5rbTK/cyesVFpwcJhYjERoo="}},"9NXhbqH7Y/8hKW9kJw80Xj4ELNK8oTE2a/QECRDgRoc=":{"valueMac":{"type":"Buffer","data":"qlU9ZKmKpecx5lUlTCVzQZggu6Ngts169cc1+i8ciyM="}},"V2KmOC6qAr2jpEzS5KCTawk6TSC+TA6NKcf20ZqzFLI=":{"valueMac":{"type":"Buffer","data":"4AUs+AT9UucrVZO3JjVyQYZ81Rc6YJ4OOXi8IvDUmLI="}},"/gsCJAJFceXBG1TAswC9B+YqaK5BTIrbG9gU5AjPrOg=":{"valueMac":{"type":"Buffer","data":"7LMFxUD/2gNFQsTbqwg/PFkGlBeE5ZF1bTVr4UbIdCk="}},"suQdODcR2lO4X3HoRHQiBNO9HfN4hvajUSJEUbib50A=":{"valueMac":{"type":"Buffer","data":"igaZLaXaCeCVgi67npaYJsj5Fsp6SWWyEvojbWDD4wU="}},"Q6WkIXMLZD2h0e/r0TmE/XdT8ydDAks5BWkpMu2r7O8=":{"valueMac":{"type":"Buffer","data":"IxkeKv8Gh/KDHdlrpVraKW2xvv5u9XAahZaZvNSE4UE="}},"kq6HuXeOLly96FFs5HGKAabpQxuV/7mMiPYt70L7vHE=":{"valueMac":{"type":"Buffer","data":"Hw8waObn7zr6AFvjd5zePeuiJQ9IYIyQWzPK9zM3ZWs="}},"D8WYPwSOzAKR/LF2Ea4UG7udRU8AZgvGr98hiZtunfk=":{"valueMac":{"type":"Buffer","data":"CEKZciL8aCir9rnPYvUnOuZI9aUXQbUSbAFX/wJKCho="}},"+SWpB28dUb61KnjCoIsvznBOVzoDFyu4+6YMRM+iQ6g=":{"valueMac":{"type":"Buffer","data":"DermM1293xFMKrHYagCs/+fD86doyYs4O0p0jF4yVNQ="}},"NkoOIoXLSnWjCHmJLwUECPEiLWRHAuBwb6TayXZ1+z4=":{"valueMac":{"type":"Buffer","data":"LoM84xteTGGs2SKGu+d/A/V5LMC3x8AIYhQbYxbVxt0="}},"aX/GcGDZH1SZmjxGDaCfgCEqcByXobfH3uOxI6gySCc=":{"valueMac":{"type":"Buffer","data":"7CCxuFZOVvp52Krbq1jwgFVGgy8YKrkT2wdfJ0jCBYU="}},"mcMursYLHihYOqOR0lxoUYpM2obziRDLZlUAnKYscxQ=":{"valueMac":{"type":"Buffer","data":"33tE8F6XpKuMxXUrE1lJLFXvQPZ7f8jliQbWqa3fzf4="}},"GEcmMs+sNU2V8aJIkB/WJ1kC471AOYW1X3+cIZSeNgU=":{"valueMac":{"type":"Buffer","data":"GlH6oagocEt2BRu8N5gEi6rLmtzbQ3oFBp8Eaz8HAE8="}},"vmYoSjq3FBHhoUqAjFOLtVqiaRDqG+VhAJcdEfSBkO0=":{"valueMac":{"type":"Buffer","data":"lXw3uMzl8T8khmRQYEz/Db6d68ORrfyjBnd//9Kk1CU="}},"AUiu+FK8N6BVJax0OrGzLhAfxeaqlNJ8C29jMsXWyyM=":{"valueMac":{"type":"Buffer","data":"8e3Dz+eJ4OimvQnW8GqiyVzQnUJ9Vow8AMBTf534Dnw="}},"rdLtx1gx/vIsBLoh6WInHvYrLvT36by9wYmugIbHCZo=":{"valueMac":{"type":"Buffer","data":"VSu++i7vXLiZCqsgTl67Unm7WhIBAm7S6VF2ZWEDcCE="}},"fguNMdRNJ93DaAq2KmOUmrr4KnpMcf8qGfw4ICy+VVM=":{"valueMac":{"type":"Buffer","data":"xKkTMOipXQlFMrTh/e9ysflzRzKtHzO0csigFENoKIQ="}},"BIxAlYLCgByQUZRKkCm2W4BsU04PQywL5C/6iAJtBeU=":{"valueMac":{"type":"Buffer","data":"FL0GM72TO4P2Wyo5b+3yuLxOJ5TusOQ0CveSzjI3PDA="}},"3R/xM0N8uGusS3DTDZ6ddPwZtLgGBIP0Tzj7ljJAsUo=":{"valueMac":{"type":"Buffer","data":"JKMYi9PmNhhhvh7wmWfFGjGNXA5d/DpF34BdvJyDFmw="}},"/kTOulpEQ5huLF8zdF8Hs2PUwFFvTDHjVXdVTdJffC8=":{"valueMac":{"type":"Buffer","data":"6fHqQiF7WlWAXOeXs3tAM/5aZK+9hxH6bTi/qTooKy4="}},"fWb8GIDAFW/f+jk/uMxwdYa7OIqZ47k9Rbv84IIaiZM=":{"valueMac":{"type":"Buffer","data":"ZsRip+0m0MW2VrnGkoan4P0X5oYHtXUHxFi98HAaapQ="}},"wVbX/ilBezXmBNjbvIZyhVLGa4ofz0CWhACWmLhQmtE=":{"valueMac":{"type":"Buffer","data":"bOM7EzpAN0r8Cxb19oY3gbWqbn8KEFQGBLNVVVFc4b4="}},"BBzXHok1paomF7nGZ46NSQQJIvetNXXgc5vl1jWXis4=":{"valueMac":{"type":"Buffer","data":"ZCaYKlG3z46qfSAbPlXuERGIhBcYGCEMlaCn1XA59Po="}},"b661YwQSjH71gq/64QpiVyjDT1QlujKjfos66Eu0AOs=":{"valueMac":{"type":"Buffer","data":"k2tj6uGNbb07LZ/9fcRkcMa5HEV+HWXEpnEk5xdvVGo="}},"qAe64fmgUoFHAfUvEc6tE8Y5iNJQo73iYfvvo9l0AL0=":{"valueMac":{"type":"Buffer","data":"lHGQslNivcFLm5fb4Zv4l977V5Ko+UwWkIgLKILo+pU="}},"dU9cF5sTnxNW/ILHfpN2QwIl8FgSFsCbfPh5DXZ7b2Y=":{"valueMac":{"type":"Buffer","data":"cimpkQC/6zErajMmHUM0Zv3dtybo8JLfwy31XenWvFQ="}},"dK1gbvVUmklyMxiCL2AVxghaKJx1klJaUpWqr9ZdZ3Y=":{"valueMac":{"type":"Buffer","data":"sAER45kpoPc4vzuBhK15C237oEGNKiU2nA5Krk9jUGA="}},"ZvpCjqPLihCDOhZeSiGPaVz3Ze9+7ojxPhr+L0qe7eA=":{"valueMac":{"type":"Buffer","data":"RYt8/KD5mBQpXozY2ovO3Czf7tDuoWtvh4DY1Rxkb1M="}},"NfRhBz5L4rXWBhY0TpQw8GAzrx8W+Y8xgw/1rHVeT4w=":{"valueMac":{"type":"Buffer","data":"x8bSSWnaM1U4ct65oARP0/WcxJAAQCCkSWYMNk2xnbU="}},"cICkxjglJb9A3omWKYACjveJcR0IjEcWq4p/7QGNOHI=":{"valueMac":{"type":"Buffer","data":"r6sng9ZQOuzJHw7IpfKwU+ha4j9YO0LE2k8eWNZsz+k="}},"mDodcsSODooAZxym9NUXdg3eQBHREQ0aDw3W/21/+Z8=":{"valueMac":{"type":"Buffer","data":"4b4Twjvrttc9iHZZN0ee6G7BImC4ZS0/hpjltbS78nA="}},"6LXOytP02XcdMoUi05L926xnCFoFKJKx5meG8PBCg0E=":{"valueMac":{"type":"Buffer","data":"r2T3mjFOfxa4e8+bfHUpFaVHDvbw7+ysc59Z97BLEeA="}},"rVq+rOUmX6+ti6rgoceIMCbvsYOfSixtVXM1qF20AdE=":{"valueMac":{"type":"Buffer","data":"4GRim6HoJu5mNjGrDC2g0RjlHpyNTK4wFCl55aNQKEc="}},"BzeXN4m2BDbls+PJd2xpcw2tsu2GMOWT6Dh/UEvflZk=":{"valueMac":{"type":"Buffer","data":"xBVyiKSdEQaMI3JHJqS3b7y7FXEAdgJXCOrtlfgA4Dg="}},"O9LzhNOmgGj/XAXN9uu2rETmF4xzte+D6nOQI+EINWQ=":{"valueMac":{"type":"Buffer","data":"spthC1FrO2+1l+MMATmvjR3cMFBr3w4L9eEPDb3doBw="}},"7jtiDSzsMQI5jN5p3Z8rWIvbo7+XBP2d9qxBqWFarPQ=":{"valueMac":{"type":"Buffer","data":"hQWa5+q9KrEuuxWguIIUW8LU0vQsIjD0PB0ak2OcKqw="}},"cSc0p9BDoMC8GyIKyiwl1YF8wB7pm38WnSFJmtZtbdY=":{"valueMac":{"type":"Buffer","data":"+xm0WoF1M9+huSuIR1YlKIkd/7u210meULL7xq3kAT8="}},"ONlXxI1l6T+KgY/TNJWnymSwsJmiTk9p/UkG11TgVoI=":{"valueMac":{"type":"Buffer","data":"Quurb5Co48L9O9A4gr6VwRaLqqM7m+hT2dt3/A1qK8k="}},"8jZUHQTGDYWqddRrD9/i5H4rzqJcU2lBUDfep64dEbA=":{"valueMac":{"type":"Buffer","data":"f+iw4VVjCobAhiR1tyxlOmEdhBZL6rSwz3wTzJgm4uw="}},"8Fkcl+Lna0ezw/uaGDtI/y8YfRXeXa352WOmWQZiyZE=":{"valueMac":{"type":"Buffer","data":"BoBn7LhbLpjMZdEvdNgFZnjw4/Q/3B/28dotfgdt0HM="}},"EGRzjiUPlxVAMlRkq7Vd0KE0zOcHFwihW8WkeHJtreI=":{"valueMac":{"type":"Buffer","data":"ZqOrM2UOVMk0f+k32uWRppthyt1j9aCf1s5uwxIxRrw="}},"ADuOHJRypoPIJ5lSb5OemNJRWDBIDlJMn5Re1yilElg=":{"valueMac":{"type":"Buffer","data":"oDcPoD8ZYd4t183ElKlppnW0qRJCXuT8EeWxO/oX+4Q="}},"luvprGLNf+hJgLjGZOAA+cxau5/WGnD/JnZ349IKeOU=":{"valueMac":{"type":"Buffer","data":"aIHLJ3YkXCqRIiXGaGbtEPqVWRS5nv3pJsNnWsF2wA4="}},"lmiSgooaOruXXa+5ucl5CJ3ZiRs49EJSApbYpHrK3DQ=":{"valueMac":{"type":"Buffer","data":"E3/cPGRcq9UASi/eZ2Civeu6G/X4TeyPDXsSoIsouoc="}},"Lq2dqNqrJ6r3o03AfvFAAiQQt1c+iPHzIOyQSR6oafM=":{"valueMac":{"type":"Buffer","data":"8YxKynDmJFwH03vMc8SbvFAlPem2ghFue3dbr9aVPe0="}},"Gy5ZDT+jkziiutTDvbs3KO81CH1LSQFlKiJXbx+hxaU=":{"valueMac":{"type":"Buffer","data":"x/69Y4eggEW47y5r7kYsPV8JgwjaymGIkbDICMTJEiA="}},"hXyTZmhhAHUG/1k54kNSfPXdpRiqULwPD3HsYtBtlNo=":{"valueMac":{"type":"Buffer","data":"CL3d5/xxiAU15tArN0P8Vnpfsan5vbpBnC/IZV+KZmQ="}},"dTsGpHXMsHA8WZSNYriRz8JocXjbft/WVoIet1bsjXU=":{"valueMac":{"type":"Buffer","data":"qSv1opAxKXFJuE33BzjKli+CzWHvrOf7Bl37O34pFlc="}},"DeFqHpmcCVS3s14shfaF6zyCZzS0BlQNW1rzvJHT2Y0=":{"valueMac":{"type":"Buffer","data":"LEoIUjSo53RqCRsWCCyF2RAPynCm8oLy71njA2H4pCQ="}},"buZCufu8uForv0zrkuw1ZrFA5fQiFhbQQ+xvTMCgttY=":{"valueMac":{"type":"Buffer","data":"vu4rVhsZVd3QPm/TRObrKQkCxYpziR4KOjrcXO49T28="}},"eItRqbH68LlZLgI+PspZ2SdJaZ/98CPw/BJfouO/9gU=":{"valueMac":{"type":"Buffer","data":"7xwsy/vcru0mk8pBNQgfAAadJmJiZEJw/uvCDvIGRRk="}},"WdUkKjPzmksajRblRaVm/GrZmbg6OONj0VHT1xu8O8I=":{"valueMac":{"type":"Buffer","data":"z1hAH+L3D2rSI3ghcccnM9Ds02wzDlc9d66kDulngD0="}},"1cx+11XwZmzZHcvHzXjH27Nolu0+SidFU9e0cGTuSyU=":{"valueMac":{"type":"Buffer","data":"0DlpGIOTlXtNAWLyARucvn4y+mvhEQO76c8ZSTV30g0="}},"iwQoGqeNRJ1jBH1wvUzroB4/PQZmx4sNXu7f/KjoKc4=":{"valueMac":{"type":"Buffer","data":"esqxtcG/B7VaEcjenxQlkefHNAL6erdrw/KvbIzSOK4="}},"XlGPwc0ZU3y1IiEujzFbKtBaQNDnvvkSCuyB6J2uxk4=":{"valueMac":{"type":"Buffer","data":"M2UJTMRCugQ8TM6uo9Pg17x33ZjHBeRHebsyv8rWPYs="}},"/y6fpmicYiKN8WCH4n/TLn9By17IU/vRChPdcL3z/xg=":{"valueMac":{"type":"Buffer","data":"2a3hhJ5shbodyIUpN/Bqty3bPF1boWllWCBVAYnCne0="}},"XnhaK8JjDICAS98x9z8wSpDysc6+cxdN0u/7vBThWOU=":{"valueMac":{"type":"Buffer","data":"kI7xUhFjzUnJ6uzdUzWj0QcTRmy/oCF45d8dOTiUR2U="}},"gZw/CRN38wESdjRiN0L2aaaqA3QBjHNN+BLBI7QBRkE=":{"valueMac":{"type":"Buffer","data":"U7PYLCZjJKVB97CfPip0eeRRwnHaQgehbW6RbdzsCmw="}},"DF2ME44VapAwCiuX486k6JKWYqVptTdH7KVQpDR1Vws=":{"valueMac":{"type":"Buffer","data":"NDnBBE1qw4fvcVXqH6QYUsUkcTph720sHAOkMaAgDfM="}},"Caabb6cmCmn4sXkTfTqw2yE0mHkXZomBsddXiScZKMw=":{"valueMac":{"type":"Buffer","data":"x3w7cd2W3pUJJd0+vwDEYFNNVa4O2nc67cvHptif3p8="}},"exF+1uYzj1sqj6U0pPNhXWfzqpi4+zbKUOA9P22ObN4=":{"valueMac":{"type":"Buffer","data":"A1+7Ma2EfB3x0GtqiBYNv3+Jd69DWW5fEXt3ztmLk+Y="}},"soVvIy0NhRFkUjVKLXH7MjlXVx+8aewXFzkuiQ/CSAA=":{"valueMac":{"type":"Buffer","data":"am6u/1LSnAR0ra1OmeYv+oqh5SOgCWC8QJ/uTzBp2Mg="}},"RjQ54FgdOdG+OW6KEGrD8I2OUGALDh8gnV3m5segFbw=":{"valueMac":{"type":"Buffer","data":"F5+IDaSBaSBMXCiTarxXrwninOPrvgzzW4GgQTQYCYQ="}},"Z3oxbpFlJ6IPlKURP0/UGM9EhDPi9+QSgBlV2H79xgM=":{"valueMac":{"type":"Buffer","data":"fetRd3TYKaOp7h3O4xMFIsj3LpJVc9BmIJRS0aSbHg0="}},"5YxS4qx/eTPmA4Xt5zPj6yKYRTJPiaxQc+OkgjgZ3Ro=":{"valueMac":{"type":"Buffer","data":"vxSm6Mt1bwewsmJw5k6GsW5f0q0Y0T6AM6r1GrAHJFg="}},"15wM4thaB3Ur1im9U93FTeZCT61CM5BGAO+ng40edns=":{"valueMac":{"type":"Buffer","data":"eXoF8A/sPvMPPN5bkuzcl7ij5tLvpg6fwhO4RlqCygc="}},"2b8my2hzdMED7B5FwF6uRnMdI/MkHQDmfM/4HHjhtYw=":{"valueMac":{"type":"Buffer","data":"rRcibZE626mzhWV/SKYSK8Kn2vCi8mG3gO7rMX+k7WI="}},"l+79vHLaW6PA+qsLNp75tLAThchfsSfRM3V3mMu3tqY=":{"valueMac":{"type":"Buffer","data":"we1bRfebvt75ROHU7HrtwHpjj0aYED35PyDwWGtfnrI="}},"u0Rf0lq5rg6hGbD4oQetWL501HChYA06i7xd2Dd4s6Q=":{"valueMac":{"type":"Buffer","data":"XqM7PoHxpzn+iFoXwRwvb3gpQh8a2vQkE0HcuRmdEqo="}},"RbwP999ToLrMKd7+716iBfqvAp8U8/DI5tovZpcvpjU=":{"valueMac":{"type":"Buffer","data":"vp4QWMoPX4RB7Ys8HKdwosYKygHZa6u82BCrp8BJCyw="}},"RCZPTh8imtKs1qh/rNOoNUI7m8AQTBdj34Fe6B0pEp8=":{"valueMac":{"type":"Buffer","data":"uUE4zwrLd8pEZDSc1qoZ9okBQTDL09i2A4KXbRnbYoE="}},"TqBPO2WF1lssur4RTgCa1WlvIhHbly9M6w+X0F0nwOI=":{"valueMac":{"type":"Buffer","data":"wdEsq4wMZZdMCbnzqiQM1HEg6crkF+fkARpQz5LOl6s="}},"3btgx0iJyQstu9ZYDou7CG73y/2ivYI+aR/PBi9V5CU=":{"valueMac":{"type":"Buffer","data":"fUdutKV0fiJvYxjWd2+vcvRgPyZHdlH9PQYcfztSnK0="}},"72Y6eIaO3tK3IReIDOR8ejZJqmpYPzEpvycB60hOuUY=":{"valueMac":{"type":"Buffer","data":"5I7sd8GsdJe5BmP30dUIL+QCTUt9+fEdp10+Mxe9d18="}},"hy4MNTGSw8yLiPHS06+P+Nd7LnGGI0LpZlxTVJHhvpU=":{"valueMac":{"type":"Buffer","data":"iLcdUEMjH5YTrigdfOVmHzeNyoO7t1xz5vzW/K5PbEA="}},"Y2lt4QNylodTbxyljwSfEgQ/2/a9yw7cAVrwPqWNKCs=":{"valueMac":{"type":"Buffer","data":"6eMqSQv8q3CQktpfwukIitYzcsSXYtWoXErZWEVQo7I="}},"3odV4EZG0iQgtAhKQVv+ZGUibfdSa0qGPtAXqXGdiaA=":{"valueMac":{"type":"Buffer","data":"wGp3VA5V3y28fP/QLK02vZwYWq/stD3mC57yBAjHdmA="}},"+5NgbLTieNhdIgxeFyg47maNCSS2davWbleZYY/9i9c=":{"valueMac":{"type":"Buffer","data":"a05U1E0bUMXEAETrVSbeNIYLwWOcngaXBfn2N/KHe+s="}},"Aetj0UGFDgv7E64tJDsqNMr0HSsakpccA4U4sebevDY=":{"valueMac":{"type":"Buffer","data":"Wter4shRMe2t+HiwkYYNnnh1fV3XM7YOPlbuGH7lGNw="}},"1pOoW6gJBpD+accqli+p4ISiJsYYLHBX6Q24d7vzDGo=":{"valueMac":{"type":"Buffer","data":"FzI9/BNVyRQbwhDHIkC0Bhldp+XfrhxkWckN92qw7XE="}},"6garKSrdP6eck/WjvW1oEAVb9159Wqgvw5Ymkx/WC0E=":{"valueMac":{"type":"Buffer","data":"wU249jXBkoLIMKIbwvomjoOBoNblQKCN28r0g+1qikc="}},"3M1PmLh6NpPV1PhIknxLveXw98d0R3vCnelhYbg4/P0=":{"valueMac":{"type":"Buffer","data":"H1BvXdQ9eXfpNYFWbD0n0PqxiiFlg1gHpSQKtXpDHX0="}},"O4/F0g2ivStwpp4WFsHZDMYFtHdjfqOO8hFYURF86zU=":{"valueMac":{"type":"Buffer","data":"IvuLuvoaXkkRZbLaKeDXJzZBNM4Gi6NwsTYBhZSHHw0="}},"PV/4BniqnlBEP6V0+RLeYTKEvJKouFRiwRXhm+VDois=":{"valueMac":{"type":"Buffer","data":"fXwkK1vHxKx81kUEHGh25NJb6FsJuLlCQSj7ECLV3gk="}},"Bl/7IWZwZaz+zygdWTayuJ22iJyxMZ7LN/I69wkmVOE=":{"valueMac":{"type":"Buffer","data":"NcpIjCAtvv3TwwjxNZs+/pAgT8eZpohU8zHviYsDpEQ="}},"eWAF5NPsddODaAGvlBM2n4Jmn4f13Eann0KqzEIbB2Y=":{"valueMac":{"type":"Buffer","data":"nJB1/2skM9/79aaA/Ya7NvmgB7aJ0a1/cJ0u9TYSbZs="}},"FMX/0ZhmsMGtAOriDLtdBkyU9ZwV7cHcTx+cIjVq97E=":{"valueMac":{"type":"Buffer","data":"2Ufso4SW6xb7U/0Lvm5VSjGgL12V8SgOf5nR/r9S7BQ="}},"oSFJJmCaZt+iDMbPz7EDuw2jw1TGdUon66bVn96CcEE=":{"valueMac":{"type":"Buffer","data":"FdjAx9eSSBjH0uu1NI4Ysw8GrrSOtyXvWBeSG2VE1T8="}},"P4nKoVxxA4pM282VU9hvza4dYSYiVQCZqgJ2fkz2tXA=":{"valueMac":{"type":"Buffer","data":"vUdTghd55U9kAk99/zr6SgmU7c9QlwQTan/UA3BEavc="}},"DfUi6Ujov0tWKwF526Iq7k70RUqtMMO2Rir4DbkFChA=":{"valueMac":{"type":"Buffer","data":"WParaq+Iv82wgv45CqNAstREheatyUB3Dpm99u/CY20="}},"YLtEQPw+Vkk98mZ/6u8HwM7SuQn8NRZL7/tVXaqDw48=":{"valueMac":{"type":"Buffer","data":"3MaYvnW3BupUphK+Iw/JNC4c6SkWljF4AgdI067FSW0="}},"jQD01HZg+wDblxbhzt2mB4E3H9X+mUbAi5aztgUTamE=":{"valueMac":{"type":"Buffer","data":"qxZtbZKzEZKv0sVZpUO2pPPMPlMEPi0WevHzbdMqo8Q="}},"je24DJQBMfMM6nE8UBGqO+LUWPEC72PKVmpArmiq/Vs=":{"valueMac":{"type":"Buffer","data":"tDg4L39wIMwsAxXpHDf21GvoLyxV6GLEtpuPya5xFIQ="}},"6yxzMb3S2o8I2jVQPHQ0zowvhWKa47LKyFKjgJs8IFM=":{"valueMac":{"type":"Buffer","data":"ILorG41VABGKxPhBsxbD8vIV+Xth6cO27ibxpN3tloU="}},"K3QAhzW8+AblddBVooXuwjyy9dSb0O76gpKMHWQ2SW0=":{"valueMac":{"type":"Buffer","data":"erLBfT+ml6C7CCeUc5O9NbON12+1fYe91+AldbMWUB0="}},"/Zk4TgYyMLzz7iGkWfQcDsDXdPjplbof8lq/JG+V2E0=":{"valueMac":{"type":"Buffer","data":"H20Y/c0zAVcTfqoIQvUMg9QQ79eflNV65/ceTQUWAo0="}},"24OOKYDE/GtQurbdv7yVqVKNxDI08NHv57qWwGMYess=":{"valueMac":{"type":"Buffer","data":"oz3Jv8OIgbRn5zQ+0n2hsqCxM/gpqoW3lMn9v46rXz4="}},"i+A+xnpqhDuVTX4gNo7QZSxWijEkgSjdLzE3FKhr7gw=":{"valueMac":{"type":"Buffer","data":"eDOAyaNApgoNzH8MdO8Tp5/xClql5VYJULdTJr/lMAU="}},"iWwwpF1Am8TCAubz3OmREzWRDg/loCqE5d4bk6pTGP4=":{"valueMac":{"type":"Buffer","data":"4Z5SduOzRtWHhSevtCb6dJ+N7zMKBTSlUQr6Zo4LH1M="}},"2dVu3m4iwpnUd5l9aNW4qJ3hYQuBROXWUcWNuGQOS6I=":{"valueMac":{"type":"Buffer","data":"pZ4nj/x/sJQ3BKG02yddyAH0ZqoKzcGFMx9qBd6R6KA="}},"nSPH0TI0hqVxgDsyzKcj2VTg1B3Q5hiP1BsOCkvBFHQ=":{"valueMac":{"type":"Buffer","data":"UyzZO82MtKBXHrBkysMM1/Fd3+oeKg/4tTw73rnmVm4="}},"udSMCVtMGFYxvPq6GZ9+ezqsCALG9zFvRutEgDNXGc4=":{"valueMac":{"type":"Buffer","data":"ZgL4m6RcHDyih2rECs0d1V4TkeCI8cTGhfGy88qhjJk="}},"0Kozea3mu4miC9P2HOyoXYaReEbFiQB977z3tHudoPg=":{"valueMac":{"type":"Buffer","data":"NNe0ogLsCW0dXzFLTWs1x0FxbUF1lAQwiF0uamXcJb8="}},"UKqamDXFGO2q1ty6i+9czQyMu4iE/rPHK+vdEohYFAg=":{"valueMac":{"type":"Buffer","data":"JXfmftaX0bWXLfi4AII2iJfvtWnHdTHLfN1w0ZzoTbQ="}},"JkHi7Zf0G+GPD2cd3MBqe0EpKC7R4UxCAwIbU3xOOYQ=":{"valueMac":{"type":"Buffer","data":"+r2XvU5Fb4yDsfcakJTXap/AiInpX3/cqOdiQ5CP2iI="}},"zvktHO9AYBnGqyFPZ6y/bRtpImEVjI3VzJ8HzTLD46Y=":{"valueMac":{"type":"Buffer","data":"rQLCyztlzB4dJ+uYO0+4YZODXFMqmdaB/mqajbSqY6U="}},"PXJ1h9udnWlcFoJF50ZrVQcTa866XsDMSCY7ggDt7mw=":{"valueMac":{"type":"Buffer","data":"mPU3Q+kK1zfie8nh6D7WWhixB+ZO3x/M+3ut3iu0Pkk="}},"mokZU1H8YPx4ZGqbqJsmPRXVzmpgwSqUP9SQZhK7k08=":{"valueMac":{"type":"Buffer","data":"VK77k9Cx8BJTwd7onbCdOePlosjO3PufTKVC/632iTI="}},"OCGNAqYRT+e6/5/PHrD45D3lmbZW2ixMussjqSjEVDU=":{"valueMac":{"type":"Buffer","data":"lHU2vagV6eM92BHyYaosY+jVz8iUqisFPVMF6hX0ua8="}},"hXaFcZNyJ0H7TSBSUIU3nyAX1BZMDmQL6+5pKzDqQ+E=":{"valueMac":{"type":"Buffer","data":"WLxc/sviUZry1OmmEBdRoLtCj1noZBO+yOywhm35IAQ="}},"f63KfC6Efp2V58umv5sqRNoO/S38i+aHR+Co1o4p/Ug=":{"valueMac":{"type":"Buffer","data":"qaNHo7IwPiBwNlNv5duiDvBNclTHVZ4PKY601v1srFQ="}},"6b5wo8WuQdOzHpdXSHYuUnfrAZp/5irKdhjd4Hgm8uQ=":{"valueMac":{"type":"Buffer","data":"675Ayep0oqlkWk+2maP6BaV7gxKqIb/mA7/748d0Y8E="}},"95uCWKcsOvHvt+0vL1s05lV5nGZoZwdyczLkJDl3KYU=":{"valueMac":{"type":"Buffer","data":"wtb1usDyFHRqESRAMLjkg7SG9Hwj4EHFkQpqUsbqK50="}},"amZJkqv++v1ABWWEQh9fAGnR8fSGavIyluPbM0Eavfs=":{"valueMac":{"type":"Buffer","data":"Z0x/9OJaUwU+RyB1gHnxP40xtkTFjHNOYCQl4Gz/maU="}},"lTO+xvbJd/B2wo6XgfH3gZ12wv60YQEZlYGz7gC3oJg=":{"valueMac":{"type":"Buffer","data":"wtWRylGaTgvan5QN05OQJIclvkRLxREomZzl+FSMk8Q="}},"bskpXEFKHMr/paI9F4/JuBK4FbPdt9AjehMg4mN3s4M=":{"valueMac":{"type":"Buffer","data":"fhcVswwCCQ5xz0iULwMepvCBPice+zMgEt1Be4w+vcY="}},"wyX0y957cSfk+RrHDMUP3TQiHdvu2dP4mHR2uxu6ma4=":{"valueMac":{"type":"Buffer","data":"bZhCyJXPRKF5o65eyEbLUu0Qxz+Dy/oAw3ENL0dbUkg="}},"LmZeaFK10bvfk4GBrOaEPjxVRzH6T2qs/z/QAasrXIw=":{"valueMac":{"type":"Buffer","data":"zgepwew4rE21t1+fpn64FeRo/OinRp3kKRmiF6IXI5g="}},"RovxvnPEd/5VcLXnI8blauWfQCutPKBJhv7mBieR/KE=":{"valueMac":{"type":"Buffer","data":"3f9rh60rbnUI/Wejf2qFKpHRWh293waByzD3mz7z6Uk="}},"XJa603bJ2eS7lI78jGkVEWmtrErWI+nMUoeU6NTvkKk=":{"valueMac":{"type":"Buffer","data":"XDyG8kR1UaTWudCxszADQqOAoaOYd4d493DQIHG3ne4="}},"ZEjANa0ZXHspUsRgFZrB7kh7aPxeNLBqi//zBKNFPIM=":{"valueMac":{"type":"Buffer","data":"7FSsV2ghRsHIXVjjBTIiv2jrMGBSAhyOMQv5lXFAx4c="}},"GJbe2WIkXleOVh/K+8qA6wcc0BZbyocRrMifk1b6jhg=":{"valueMac":{"type":"Buffer","data":"BD59bgjEDfMkzmeWRHGH+wTcVkUDgimPzS2tFhPU1IY="}},"sZEmSKPU715OUmWAuzLpxFY76rOKkebLqQI1+82/BvA=":{"valueMac":{"type":"Buffer","data":"v63Vt251gHjOvmYknagNjyxT2jiishOA9PrB5OEHIaQ="}},"4G6D1gBIEgW8WX4lMRavjPbPwW3uALXl74Tf5IUXH4w=":{"valueMac":{"type":"Buffer","data":"8/C386HC70Ddgd5GDZJGUzoDAMklIfJs4uNJZSAvOP4="}},"CZBDLSh4PvFdhU7rVIybcYav1eahb4dfs5JDPzf/bzA=":{"valueMac":{"type":"Buffer","data":"AJHzapBoUjDYTggxtJtpcvCKbHCI9CVEDGa8yV60oc4="}},"W8cKwp7g58TSloiDOef9hQWJtA2W5sgR99fR5oEz574=":{"valueMac":{"type":"Buffer","data":"ZrclEwpSWPQWQV6rJcMweBec7AhNaAChTyhoqMWzR+c="}},"xwTDWchq95WbAT1qocY77jLPkan7gt2Rc69yEPwiw7Q=":{"valueMac":{"type":"Buffer","data":"KqMtBhMpjUGwO9NZzk9Gqsmc05auz93bnT/FMfp8mbs="}},"C6oDCTLCEogVkFnr6pANsSJaB/SBzbHjqd47vlTeJus=":{"valueMac":{"type":"Buffer","data":"acH0fegivuiyFGjiLUZGEPfSlh8wqqbFUgB7tDoFrGE="}},"8x5NVN/SpmcnE1pNDt73z5T9aOP8B1q4xjJMTL2RL84=":{"valueMac":{"type":"Buffer","data":"1bdBxbah1qUEUO3VUoD58m8Z7Auyuv+wWWJkA8T8HNs="}},"Kr1Y6PmFPcrcwLfeBxMOji40uA0u27yawmTvQxbb4Co=":{"valueMac":{"type":"Buffer","data":"N41TpjAMjNR4Ng0sHMOGCsmNg95jyy6jCb8ju1UXeH8="}},"PGBP47fQ/QSim5/PptShptm/2PcneNJ+z4lFMBetLBw=":{"valueMac":{"type":"Buffer","data":"gi8ed/ZZmlhzpVU8cFoFSUmQssUROlG5lF9D/YzVokY="}},"BwlBsRPIr3zSZP6pYkEkRcvHyHR+N+u16OtCIrWOTPw=":{"valueMac":{"type":"Buffer","data":"7etKbYgYmMQMpX9a8+GFPINyvhxCqD+Tba9RO6SClj4="}},"hLzlBL1KC5lgUBJ6cyWWZpcU2sE3tregiGP+/nA64Go=":{"valueMac":{"type":"Buffer","data":"XfYHlSf1XrnJwtoR8lGMCTgTopq9Vt2ykB0L/Vonwrc="}},"kngTjicnIuQ1+H/5y0ogjOlHImLujAIrHBGcfQJc9d8=":{"valueMac":{"type":"Buffer","data":"wDkLAmm2n+LJeLraSdhjHtmT4vSQDMWTu4rTjZd4zcQ="}},"pq/eQWlyxvZ5N1PF2viEQgMcX56RYpHP+1XJ7UMtvKA=":{"valueMac":{"type":"Buffer","data":"iwHB8suxNPMbAtzEzzzS/+8JYx8PSZvEiMgO+lHmdow="}},"SzNJET07twPP2JGLOo/57v4Qjk3uOnj/g54rb1hioIw=":{"valueMac":{"type":"Buffer","data":"5l7nH5Xb/7SMzXmG159ASYF6AOcYUDeddPs+swMSABE="}},"dW+qaQm2I1R6Pj5uLEBRxI4lGjPQ3hchxmFZtK8htAk=":{"valueMac":{"type":"Buffer","data":"DZ/TTNd7OXEfgmFA7Wgmy9MmHotM/DjYgbpDNttuy1o="}},"hhsR/L8ce7VXKbG7Ouoqb7KDb46nV99lkvxUQLMhofM=":{"valueMac":{"type":"Buffer","data":"IBEUYAbqDzxyTOIeyNaVsK2sSZNzlugvfFwaiHKhr0o="}},"kk0aAJK4nmBkovaJj/V+CffbFMFNFhMzM75SeEKMXhc=":{"valueMac":{"type":"Buffer","data":"ug+BgAGAcPg3NySrXc4pe4q8OFfq2hUZTurzzkt3mzk="}},"g2fpdkzg3psRbyb0tBxWgiZzzWA6t5MsDgKyZvepe3k=":{"valueMac":{"type":"Buffer","data":"a2KyPgYwpxa3RsfR8LzwlQFUhvoOhOvMN1RW8AlyBl8="}},"C0DCLXqzCQq0vyL8gHoeghrE82XCM7qpSiR3cmzW8+o=":{"valueMac":{"type":"Buffer","data":"FwrgfUso/e1nEME0lTSGCRSoW0O+tK/XpM7b4WHK3tM="}},"liz7hnk205Jpfp4bw0j87TBAPwdvL1ZHFmAiTXQpQAk=":{"valueMac":{"type":"Buffer","data":"giXaG1h7+ufkrm+l0Udt1ZyRNCOoCt3peCDtlr2pzLY="}},"qRsVNdCHaFvPX7o1JVYEh6pOPq1tlqlNPu49uiK4Gwo=":{"valueMac":{"type":"Buffer","data":"sudHE3kBJmuiFUbZf+/rY5NE39o0nkj3mlhVwTuepCU="}},"WaOiBe/vzHRte/vT8/dKnfW2DPKq5OfjUDeFKCP84sI=":{"valueMac":{"type":"Buffer","data":"zTrRWX+/x+xuii96gzTA2sL0E/mOaDyFvFS8XB7nQgE="}},"6T5sN7XHGJVplW4vOCMLaqCsfwAHS3CLHihzUtUbVII=":{"valueMac":{"type":"Buffer","data":"5MmPqLd7OgHugjwMmL5uRh8Z6t51b8/kcMCHLtg25hI="}},"Og9ZQa9ebfm4LS/nju7BpaOUDUfO8V1nFOv1YljFVUs=":{"valueMac":{"type":"Buffer","data":"RgZJGsLaaNB3qe6alIQNxyQ50OoAZzSTPBHPkT4iBKk="}},"Tm26Q0s0Y68WlZ9CiH8vX1IFw7xlZdmyKPL0h9y0B8c=":{"valueMac":{"type":"Buffer","data":"jg4zbqQ8hC9aDDMmOVi8rPGPgv++8p0Yz/CuyKpa5Qs="}},"Mt5tpFYaco2nmc+oVeR3Uqj4jkgpj11Au19W24X7kIk=":{"valueMac":{"type":"Buffer","data":"zV70KuHFG8m40JdStbwLqw+MNfxm89dNSL+Zf1K2ZCw="}},"asI1d3EsC3Rf6+8hLyn9FxyVwEHJz+mBLWWy5ooD75A=":{"valueMac":{"type":"Buffer","data":"MT8tDzCWiyzgfOo2TcX1dlTqroSlrfw3u6xf35hha5g="}},"I5lh2tdAA/ukkEAqLkxdt5nfOlwxqTdg7ZUZQqdpJOc=":{"valueMac":{"type":"Buffer","data":"tUOkojHcwvYawY5l0ollQqqkL2uDOiWjHN0fk0JoblQ="}},"qZMU0ajDG5kjA/e4GpIspij6cYdlsYik8Ik6/IG3A/U=":{"valueMac":{"type":"Buffer","data":"LLiaMFQQ1u7sY/RuhRfOYOF6JrOEvE8jNlw/BJY+59M="}},"qJC3GR9JK0/bCMcLRKfLzM8NzwUiC4e3yBkq6GMiZIg=":{"valueMac":{"type":"Buffer","data":"jLtGmgtHgSxluvf7gtnJf2MHtyprj3HavKqkJ9az44M="}},"lyGN2iuPij8/IUQ7+0mSG0P2WK2O8kBp4pHrNe+EKig=":{"valueMac":{"type":"Buffer","data":"FzUkZD4++ovIwBC/mAAlqBzN4niovcVP1eyjx3FFqM0="}},"ewsMRyyOC+tgg2tQtFqZ8kaTqlO36YAhsjLrz7JeFlc=":{"valueMac":{"type":"Buffer","data":"tsYwQEPYMxZpys9IpuhGVK5JEYEzaCcupqz9HAgKGvM="}},"qnPz+GuCqfUf/th/thjNZgZ71RokAkCcD5OXTa1n5dQ=":{"valueMac":{"type":"Buffer","data":"D0XHe8KuJeczF44oPvDlAYMzljo+vxKNoyV4FP0Tlrc="}},"qC6MFQ9M6cIV5L0T2TaPKyGlRc3TT9RrAyb3h+UUy7w=":{"valueMac":{"type":"Buffer","data":"eiFTZ/tTRt0ihRp++4VTOZ1KQw8EQeQ6qIKdHov/vsA="}},"+ZDbTQz0/G4bIEvn7q/psM8sckfU36I7y4uhLEBnXFU=":{"valueMac":{"type":"Buffer","data":"35WWqgQo2dyolIR0uBhIPeVWcl0iw1IdoFKACjTrkS8="}},"0sy6T0XJXHZnNup70CiFFrc6iivDcMia4R3QeLDEQm0=":{"valueMac":{"type":"Buffer","data":"yVqTWrP7a8+tOcnGCnGupkV6GX5uqMBzyEIAlOEbKy4="}},"luW9lDrQ8T71gFzFJtTA0Ojzh26hVB7K8O5lHBMnHJo=":{"valueMac":{"type":"Buffer","data":"tJd4oaruz8+nYRPaxCFRY/G2/F6N2o6DX6ucqclQEGc="}},"zotmfjeeb/RpK1jPqThbagot+NBctGa7YzYTVo1JnN8=":{"valueMac":{"type":"Buffer","data":"0WLjODN3r6jUNet33MoQb6Kp1httz537QYJt8huCr7k="}},"OUqKC2nJwlKHZyPwni8/nFyVG8PBqOWfowEx9WdsqRk=":{"valueMac":{"type":"Buffer","data":"ZntuYYh4mUnYtpBj61WNfPQsj86QkOGGGnL1WeKzyCg="}},"x2PdmyjAUQdWAxh1aJ0bcm5Vt4OcDqWzzvcFHnsSylQ=":{"valueMac":{"type":"Buffer","data":"vdZvlfn5vRR77RAwwrZVZMwztTkyJ9sGePULrD43m4Y="}},"98b7VjcB/Km6Hq7F5kyGiNEFZD8OXjeuMw/WmuoTFco=":{"valueMac":{"type":"Buffer","data":"BxxL26xouigO/zq0/YqygK75foXSn5z4tIZdLq7yNig="}},"3MHDM6ivV2vD8jj00sksZTHKJhQH8CfcFcGisUVf+ps=":{"valueMac":{"type":"Buffer","data":"pwxsLbsmTRKYkIAi93o8plzjx8ZKC8t9HZph94pbrOw="}},"s5+E6uohQbBp4EknZ1qCRD2qZtPQjLr+nFRzkDjnVx8=":{"valueMac":{"type":"Buffer","data":"yHVMlzFkba5e+lNtK8AU/GjryefbFlA9e37WcbsBCe4="}},"izetreCkoN/mb2W8IjGL3CUgLibFYtEym1FBEgJSR40=":{"valueMac":{"type":"Buffer","data":"kT6l5OfbRjFqqas/sxyzkdZ8XtLrf+1H6LjMYNUzEHU="}}}}