{"noiseKey":{"private":{"type":"Buffer","data":"WDrUlnqe52lSk8JBuCmE+kmOEWk2M63DsYQfjZP800A="},"public":{"type":"Buffer","data":"CWeAVdSMwPA2NA0VfwqDxd4SAL2qW6gVApqpW6+OIk4="}},"pairingEphemeralKeyPair":{"private":{"type":"Buffer","data":"sCBgX0gCPs8SbdsUL0nO55YIsIUR+wrJ8BKusxPMoGU="},"public":{"type":"Buffer","data":"Xb6SO4ElFumhdO3Zsylgg019nTKDGXXTkgOML+ntggs="}},"signedIdentityKey":{"private":{"type":"Buffer","data":"gOLeb/oXNqoFk+S4pTFe2tf+8+EjUlfD9K1Nogy0JX8="},"public":{"type":"Buffer","data":"3Dohm+oHcFvYFPXtDVntHYcHsfsGeTw9vNtgxntRZmY="}},"signedPreKey":{"keyPair":{"private":{"type":"Buffer","data":"2IDJGJQ9swuyr/L1YKWC+e05WTRzTg/YTQZBETFvjnA="},"public":{"type":"Buffer","data":"JH5ZBrymOHiRMdDtZDmTj7u34NFWNwwfGT9a0X8V8Xc="}},"signature":{"type":"Buffer","data":"gBf+JjJbs8EaKET5mw/5IuxmFwJavN3JmfbijskfH5VDNSacC+0wSeN10gY5xKKLBS310VhnunnJM1qq9MjjCg=="},"keyId":1},"registrationId":0,"advSecretKey":"qR9lcjHl38Gh7els3XKSRpXoBtKJ/tFw7nh1IeDLH2Y=","processedHistoryMessages":[{"key":{"remoteJid":"6285723701289@s.whatsapp.net","fromMe":true,"id":"387D3ACF085070423778C294E8104A1B"},"messageTimestamp":1714085383},{"key":{"remoteJid":"6285723701289@s.whatsapp.net","fromMe":true,"id":"0D6A49273A0DDB7D18536D2119278406"},"messageTimestamp":1714085384},{"key":{"remoteJid":"6285723701289@s.whatsapp.net","fromMe":true,"id":"01B1A488871E576F0C7A47E7FB35C631"},"messageTimestamp":1714085782},{"key":{"remoteJid":"6285723701289@s.whatsapp.net","fromMe":true,"id":"0A64E2E714CC50CD1D0B93178DDB6099"},"messageTimestamp":1714087064}],"nextPreKeyId":108,"firstUnuploadedPreKeyId":108,"accountSyncCounter":1,"accountSettings":{"unarchiveChats":false},"deviceId":"VVDzhyIfTougiSpoxVkCKw","phoneId":"06125011-0b52-4176-a127-9650dc9ba0af","identityId":{"type":"Buffer","data":"XvXd9WNybsJcuYFnHvgSTOeQGts="},"registered":true,"backupToken":{"type":"Buffer","data":"VKNf58aBTUryXFFKcBmgNJj4Y3U="},"registration":{},"pairingCode":"D6TVM23Y","me":{"id":"6285723701289:20@s.whatsapp.net","name":"ASISTEN 2","lid":"203139521228960:20@lid","jid":"6285723701289@s.whatsapp.net"},"account":{"details":"CK6YqycQ/7ursQYYASAAKAA=","accountSignatureKey":"dCghPnNaWXesPhceWTzs/JHAj649daNM157zvCvwakI=","accountSignature":"Gj3oFFQPsmDdb0nnY9fv3OL+CKKbfUcVO42msY6VTKCfaxT4+tPTwrfI40yEcJ+/FCZ6MKIiVybEh3Gh20eJDA==","deviceSignature":"n/nEALTNCkVqUazH5AnKRLYLt+ydyDtS/WmF0alIf+berXmiI7m1Nz+GsoHx4QJvsfiiPf7uECpEoACcnYVlAQ=="},"signalIdentities":[{"identifier":{"name":"6285723701289:20@s.whatsapp.net","deviceId":0},"identifierKey":{"type":"Buffer","data":"BXQoIT5zWll3rD4XHlk87PyRwI+uPXWjTNee87wr8GpC"}}],"platform":"smba","lastAccountSyncTimestamp":1714085678,"myAppStateKeyId":"AAAAADjm"}