[{"senderKeyId":484386155,"senderChainKey":{"iteration":1,"seed":"CggPogvP7L2B9ykXgA38IuN0f2irJaWj1KemrWI9CWw="},"senderSigningKey":{"public":"BbNDAbHzD3YWYNEkpa5lNDt7xQccT9HAFXP8nokcZiER"},"senderMessageKeys":[]},{"senderKeyId":1076135586,"senderChainKey":{"iteration":3,"seed":"riTzPqEVeQkHWIMMLC5WBb7eLXfprfNIRyDD3VRMpfY="},"senderSigningKey":{"public":"BZ7QVK4mhB4CmQzFDF7MRB1PfpKoDKk8DSbs19+co4oB"},"senderMessageKeys":[{}]},{"senderKeyId":701693119,"senderChainKey":{"iteration":3,"seed":"a2SqhjYwSSGXbYz+0LNPWHpAt4fYUSwjiTj5mkeBfXM="},"senderSigningKey":{"public":"BbgyKiVXzBnapT2UGTi3BEwijGb+y0msV8dHK6qb3awH"},"senderMessageKeys":[{}]},{"senderKeyId":1290730296,"senderChainKey":{"iteration":1,"seed":"HdOxauU3+U7OS+qQs/0f44QPfvxic25Phh4xLbgSCxs="},"senderSigningKey":{"public":"BdC4TPq/kzne+9ONraVwrz93EzhjYhcrPYPNeyVwXxhu"},"senderMessageKeys":[]}]