[{"senderKeyId":441077307,"senderChainKey":{"iteration":8,"seed":"BTh70pM2Fugr3j9E+xj6LqirMu91r+fGZIHD2+AfPuM="},"senderSigningKey":{"public":"BZC8MIdcc5kIfxtaVcimn/W6L166RWUfqnrdUZAs5FBs"},"senderMessageKeys":[{},{}]},{"senderKeyId":441077307,"senderChainKey":{"iteration":3,"seed":"+Zh3lxwdwrE0vs3xM0kV4ZtzxqR+ZtmJUfSy3gNCyjA="},"senderSigningKey":{"public":"BZC8MIdcc5kIfxtaVcimn/W6L166RWUfqnrdUZAs5FBs"},"senderMessageKeys":[]},{"senderKeyId":441077307,"senderChainKey":{"iteration":3,"seed":"+Zh3lxwdwrE0vs3xM0kV4ZtzxqR+ZtmJUfSy3gNCyjA="},"senderSigningKey":{"public":"BZC8MIdcc5kIfxtaVcimn/W6L166RWUfqnrdUZAs5FBs"},"senderMessageKeys":[]},{"senderKeyId":441077307,"senderChainKey":{"iteration":4,"seed":"ueQRc5QiTFRGYyTMR7nTQUrsR+EKhfw8nANQ1WHS3VY="},"senderSigningKey":{"public":"BZC8MIdcc5kIfxtaVcimn/W6L166RWUfqnrdUZAs5FBs"},"senderMessageKeys":[]}]