[{"senderKeyId":1333990926,"senderChainKey":{"iteration":11,"seed":"gpANBOCYu/Pwc8Rz6wgsds+7aVNtisXuDshgOSe7GS8="},"senderSigningKey":{"public":"BXLmGwwdpZj4evtro0qPozVCf41qbeJTLaGGIiAgRY4k"},"senderMessageKeys":[]},{"senderKeyId":702268989,"senderChainKey":{"iteration":20,"seed":"vbbuaqXaZ/YB7H335BhRsYKj3xNFH8CSvyNvxBeVcLI="},"senderSigningKey":{"public":"BboFsjP4DyrgQR0Kh0BXartyLzeSb2EMidqtkoIXNYJ2"},"senderMessageKeys":[]},{"senderKeyId":249812877,"senderChainKey":{"iteration":11,"seed":"n2UUl2ejPAPSIKtiDK7wpIA4uVkG7MrzLxcogcxZPjo="},"senderSigningKey":{"public":"BeZDdECFqBKtaygHcs0wTpPTSWTOBCw/oTNJS/N8v4lD"},"senderMessageKeys":[]}]