[{"senderKeyId":1482944584,"senderChainKey":{"iteration":12,"seed":"gz73K30f94SftHuCs+AAWDHrIfZ9djBDwKLY+FmbyP8="},"senderSigningKey":{"public":"BXoJgGut93F6IaFu/AfRdd9kPtQ65mTHaSHqLF24LU5f"},"senderMessageKeys":[]},{"senderKeyId":550316112,"senderChainKey":{"iteration":2,"seed":"8er90HVOy3g1t6tPzfbkgy8ZNJwpSeusRTQXPIs+fPQ="},"senderSigningKey":{"public":"BbxADiDQarF4HdbVdVZJZ12GIzaj6TfEnwbrp+COyPoQ"},"senderMessageKeys":[]},{"senderKeyId":550316112,"senderChainKey":{"iteration":1,"seed":"B1C4lGqjYVnuCFpBB498uyv83icFt4lkiTjlO4F6S8I="},"senderSigningKey":{"public":"BbxADiDQarF4HdbVdVZJZ12GIzaj6TfEnwbrp+COyPoQ"},"senderMessageKeys":[]}]