[{"senderKeyId":500785304,"senderChainKey":{"iteration":167,"seed":"V5DC60rvBaN8oq5vltgpFeE4Fo6wLh1qYqp36ecO6JY="},"senderSigningKey":{"public":"BdThwPmgvPR4OE4/3A5grAMhq45s7L73wQBGuKUqxBQ7","private":"WN78yGLK5x+/Iq+1tLYexGSrNuK45hykILfqxOedG2M="},"senderMessageKeys":[{},{},{},{},{},{},{},{},{},{},{},{},{},{},{},{},{},{},{},{},{},{},{},{},{},{},{},{},{},{},{},{},{},{},{},{},{},{},{},{},{},{},{},{},{},{},{},{},{},{},{},{},{},{},{},{},{},{},{},{},{},{},{},{},{},{},{},{},{},{},{},{},{},{},{},{},{},{},{},{},{},{},{}]}]