[{"senderKeyId":902998054,"senderChainKey":{"iteration":40,"seed":"q8a1P/PuRmNPV7fx8rS6ScOtKgciLI4eEleg6o3hAWE="},"senderSigningKey":{"public":"BROnLH3cetCgcMz8U6QbC2UCA75d2lOt4+vHTzgIP255"},"senderMessageKeys":[]},{"senderKeyId":902998054,"senderChainKey":{"iteration":15,"seed":"MSv2aWjTY0ABWHfGqJNvtMQCJLXE9PcquSJmLrQDmjc="},"senderSigningKey":{"public":"BROnLH3cetCgcMz8U6QbC2UCA75d2lOt4+vHTzgIP255"},"senderMessageKeys":[]},{"senderKeyId":80989518,"senderChainKey":{"iteration":1,"seed":"nKknRycKuI307myv9cZNUDn2mGgB7JjfMjThpZc3Uz8="},"senderSigningKey":{"public":"Bfz4W4NLpKkwVA3t5UOwKPxe+cSR36dEAp7CBWSdE7dY"},"senderMessageKeys":[]}]