[{"senderKeyId":573846608,"senderChainKey":{"iteration":17,"seed":"+94eggfUDzVA+nb+eZmEN2Tl61XM/+2PkrHURYQAUTI="},"senderSigningKey":{"public":"BWCj+k5CgxjTh0D8dWvi9ozAB5LC7Wrua2TqOOL0XeQq"},"senderMessageKeys":[]},{"senderKeyId":402370603,"senderChainKey":{"iteration":5,"seed":"cd4uE5UA7WAj85S9p8ZLarvKdp1AeNCmnl9wvwCVvf0="},"senderSigningKey":{"public":"BW9K1P2BEKS+x/GiWWie+2KsaGtB3iCi+HJosGkmrOkD"},"senderMessageKeys":[]},{"senderKeyId":120706620,"senderChainKey":{"iteration":1,"seed":"74IBgrCyfB+gA7DnnNw5a6UzjyP10iglbWTUxPGtxLY="},"senderSigningKey":{"public":"BRpLQw7Us0X48v15ma3MIjvf8B+McaIHhG28Q8lXV8U6"},"senderMessageKeys":[]},{"senderKeyId":1535010388,"senderChainKey":{"iteration":1,"seed":"7bJqCvP+cgTD/wl2Fi86czFO1CBiwgnkvJkbhroX5L8="},"senderSigningKey":{"public":"BXqP1NCw56uvcsc6vF+ake5ay7ccLS+HSLpVV+nEEZYu"},"senderMessageKeys":[]}]