[{"senderKeyId":1100656082,"senderChainKey":{"iteration":3,"seed":"ueva46uVp95MDFXZRBh6vqBaO/8CnJ2C1LQdoXcv5YE="},"senderSigningKey":{"public":"BdLXb8nDJrpYZQN8/+yIsCVLVoqyHIQP32uTAQ4m+E0+"},"senderMessageKeys":[]},{"senderKeyId":1637730933,"senderChainKey":{"iteration":1,"seed":"L22qAbUL/wpSZC0NrrFiFP07OuQWcK+f3SM7vkka2s8="},"senderSigningKey":{"public":"BSa32HGlu52aZ5WFM28pnoRmA8nf//Ii32ksZFDSslcL"},"senderMessageKeys":[]},{"senderKeyId":1637730933,"senderChainKey":{"iteration":0,"seed":"vupERIniCpLwXhgCBOZOgqA0Ar5cg6pLW5/24d+gFD8="},"senderSigningKey":{"public":"BSa32HGlu52aZ5WFM28pnoRmA8nf//Ii32ksZFDSslcL"},"senderMessageKeys":[]}]