{"_sessions":{"BbgNL4BSSOGrO4ygQ6N2rliWjQyiuwaiauySJVsKgooE":{"registrationId":1442193365,"currentRatchet":{"ephemeralKeyPair":{"pubKey":"BUaqCBmtUkzWB6UBsoWJLc7fOwgAttVxQ9JF1oeKJUs7","privKey":"mKAkXDuss5sgQ/NIjWJg5NiFrt44WHPvzBIYxTSLFl0="},"lastRemoteEphemeralKey":"BfhIuw2bIu9OQxPCX9WMZ5B6P9EnY75C+9AIzUNh2U5U","previousCounter":0,"rootKey":"PNhaPMrKdk6SSqmAZr9FQ3uWirlN0kKdSmOL06voXc4="},"indexInfo":{"baseKey":"BbgNL4BSSOGrO4ygQ6N2rliWjQyiuwaiauySJVsKgooE","baseKeyType":1,"closed":-1,"used":1714085805593,"created":1714085805593,"remoteIdentityKey":"BcampUSYY0zZ/7ztM0FNKgwgaLvJek4P8HoV5c13TgFd"},"_chains":{"BUaqCBmtUkzWB6UBsoWJLc7fOwgAttVxQ9JF1oeKJUs7":{"chainKey":{"counter":20,"key":"2OemmCIQTUnrE6ADyk1JKoeKYugLm/QYjKNwUWdS5Wc="},"chainType":1,"messageKeys":{}}},"pendingPreKey":{"signedKeyId":5,"baseKey":"BbgNL4BSSOGrO4ygQ6N2rliWjQyiuwaiauySJVsKgooE","preKeyId":8628206}}},"version":"v1"}