{"_sessions":{"BafcypKYRwI5TYqf+gszcFypYGNbB3Q40q19kci7dVha":{"registrationId":1043963468,"currentRatchet":{"ephemeralKeyPair":{"pubKey":"BTObB1/Vjg+e7n92Lgw5e7LAGLY50Qzs+vvpK5zSkHU1","privKey":"2FJ7aXspm9eN59i7/gNw1I+E5EzHqFxU+wAp4AUgEE0="},"lastRemoteEphemeralKey":"BXuohgHJF2fj8qXQN9vG8273hhpBHGTQU6I+mwWeO98r","previousCounter":0,"rootKey":"UpD/88oGE6MgC0E+0JYEcCxHIGBCH/R7SdaLgP2n/sw="},"indexInfo":{"baseKey":"BafcypKYRwI5TYqf+gszcFypYGNbB3Q40q19kci7dVha","baseKeyType":1,"closed":-1,"used":1714085805451,"created":1714085805451,"remoteIdentityKey":"BULPIKVgXa6ngF6Ku/m0DDfOiVZbLOLDNt6rEJAy2oQp"},"_chains":{"BTObB1/Vjg+e7n92Lgw5e7LAGLY50Qzs+vvpK5zSkHU1":{"chainKey":{"counter":20,"key":"KWjHOCE0PfGGcfy04aA2MoPPA4Ysp4sJm2UUXOYXqw4="},"chainType":1,"messageKeys":{}}},"pendingPreKey":{"signedKeyId":9,"baseKey":"BafcypKYRwI5TYqf+gszcFypYGNbB3Q40q19kci7dVha","preKeyId":11857123}}},"version":"v1"}