{"_sessions":{"BYDCJ9IfKOmOLicE8ugIrHbpgChOS7cnudj5f4nv0NEt":{"registrationId":38431996,"currentRatchet":{"ephemeralKeyPair":{"pubKey":"BZ7skicNYKpklV0y7r+XxgvDllw+C7Z2kGSwC2rs+M8g","privKey":"cJFIt+9B/rJKIpTI0J2/1pvp6Sf/xxeE9uK+4wrRKkA="},"lastRemoteEphemeralKey":"BXbz3yKpkDVR4IThgBDRvBighrcCBD6AX0/0zoxKyeI+","previousCounter":0,"rootKey":"/4ETNa5hCsIMc6M/ieSOH5Jc+WoPZcCNhWo8C6CPqXs="},"indexInfo":{"baseKey":"BYDCJ9IfKOmOLicE8ugIrHbpgChOS7cnudj5f4nv0NEt","baseKeyType":1,"closed":-1,"used":1714106299259,"created":1714106299259,"remoteIdentityKey":"BdPp0W4ptQxtP5x+vjofvr1ysDCXrMhcj2OcdNmpsAd3"},"_chains":{"BZ7skicNYKpklV0y7r+XxgvDllw+C7Z2kGSwC2rs+M8g":{"chainKey":{"counter":0,"key":"Y03C85uCCE12qvj2u1LMXL41Hd+GucEjcuok8IdF5W0="},"chainType":1,"messageKeys":{}}},"pendingPreKey":{"signedKeyId":5,"baseKey":"BYDCJ9IfKOmOLicE8ugIrHbpgChOS7cnudj5f4nv0NEt","preKeyId":3060811}}},"version":"v1"}