{"_sessions":{"BVXGM81uN0za4dlVLUhm/UbNoK9nTdMgk3hrq53NXzhu":{"registrationId":1503882335,"currentRatchet":{"ephemeralKeyPair":{"pubKey":"BTLKZ9Ba2X+Pj8FWkdUUu+6vzpJY4+CcUCt7RxOsFLpd","privKey":"GPK5SlosHXGzGEgKHeFikaLRPAHRkQIsh36w/jVXgl4="},"lastRemoteEphemeralKey":"BV4T5DD5LlPyfiVo6BpdQTzMFjlFszY0yhY4nS/twshO","previousCounter":0,"rootKey":"gGH7Jiqk4GP/EkfYrCcaoJMU+lWjs9IXCCp7nwDTAs8="},"indexInfo":{"baseKey":"BVXGM81uN0za4dlVLUhm/UbNoK9nTdMgk3hrq53NXzhu","baseKeyType":2,"closed":-1,"used":1714089984309,"created":1714089984309,"remoteIdentityKey":"BYOCfcPsOlq3wpfJFF+CkkRcmAMDitmYFNTodTvyhNNt"},"_chains":{"BV4T5DD5LlPyfiVo6BpdQTzMFjlFszY0yhY4nS/twshO":{"chainKey":{"counter":0,"key":"WbvN/e/m2dB6XjWJMUCUfu2jiCg7Rwae80cCpivM5uU="},"chainType":2,"messageKeys":{}},"BTLKZ9Ba2X+Pj8FWkdUUu+6vzpJY4+CcUCt7RxOsFLpd":{"chainKey":{"counter":-1,"key":"pDpL3KtH55i6dpx6MUPXouZxyy+RRaw9b9wGg1hcnfE="},"chainType":1,"messageKeys":{}}}}},"version":"v1"}