{"_sessions":{"BR0BqoEOAszBEWp/SQsRlhH3w78cMm/t42PwF3Ho25gB":{"registrationId":34924713,"currentRatchet":{"ephemeralKeyPair":{"pubKey":"BZzayRpeg2c2Z+1L2AFssOK31RsxWE6NoVlGmUpGK8YM","privKey":"0JZNPQTCOvqOzs+Plnp9xfII4zmvnJsHe4exdBS8D14="},"lastRemoteEphemeralKey":"BZseHkwUwpk2nokEemYUOwHga2ZHjM+/8CJBJSpbuOd6","previousCounter":0,"rootKey":"BzZLsWX3SoEXThKGPocMrF12JhmQV8YYWKK/J9qlCwQ="},"indexInfo":{"baseKey":"BR0BqoEOAszBEWp/SQsRlhH3w78cMm/t42PwF3Ho25gB","baseKeyType":1,"closed":-1,"used":1714106011983,"created":1714106011983,"remoteIdentityKey":"BQD94hq0wO3m2KghGExF6pUN+nubF1v48m3swtJmQs1e"},"_chains":{"BZzayRpeg2c2Z+1L2AFssOK31RsxWE6NoVlGmUpGK8YM":{"chainKey":{"counter":6,"key":"HsHikbcP8j2TC31Kt27rGYrVuEKAKq0Ug7KRRM/DTb0="},"chainType":1,"messageKeys":{}}},"pendingPreKey":{"signedKeyId":9,"baseKey":"BR0BqoEOAszBEWp/SQsRlhH3w78cMm/t42PwF3Ho25gB","preKeyId":7292960}}},"version":"v1"}