{"_sessions":{"BZrRXevAx0hiOizt3iA+DGvmZLpXxi/5t3YOFDZwmLxo":{"registrationId":149022342,"currentRatchet":{"ephemeralKeyPair":{"pubKey":"BeUIXVBA5HA5zU1lyn6WKxcHu0Way2kiNhhhrgi/H39m","privKey":"cDh6MbjB3eclhGfWVsXMyeXcWuAkIEuzAKErix8tPXM="},"lastRemoteEphemeralKey":"BTFetv5ij4oB5NenT2hnfr6iWGD0xWnKCYJ6QtOiMDAh","previousCounter":0,"rootKey":"2iOcPptd+DFoiu2J4oE9VrAWdDDWkoV9WJeMqdWWnzk="},"indexInfo":{"baseKey":"BZrRXevAx0hiOizt3iA+DGvmZLpXxi/5t3YOFDZwmLxo","baseKeyType":1,"closed":-1,"used":1714085987216,"created":1714085805516,"remoteIdentityKey":"BU14dkI3EiVlnpk+0oGc1qpc32cRtI7jiGnfm147l6px"},"_chains":{"BTFetv5ij4oB5NenT2hnfr6iWGD0xWnKCYJ6QtOiMDAh":{"chainKey":{"counter":0,"key":"dQpQfZ10Z9bbPyBqCx/aWF10zFVm9xxX48NYfkm3xyM="},"chainType":2,"messageKeys":{}},"BeUIXVBA5HA5zU1lyn6WKxcHu0Way2kiNhhhrgi/H39m":{"chainKey":{"counter":19,"key":"JFLG0AiRdBkcvbcQqx2eKSgUX4rNjdPfPYqEHfPBvho="},"chainType":1,"messageKeys":{}}}}},"version":"v1"}