{"_sessions":{"BSwjRCb29KP0rE/+uLMyMzSAch44p9kpxvdhCwdnV2t2":{"registrationId":221695965,"currentRatchet":{"ephemeralKeyPair":{"pubKey":"BasegCgi2tbx2kU9dby9UmIAtRuaWI6nTrR7qq9efD40","privKey":"wH7ig4QMMqTp9u4L+vYsz7DWLBU09B7QY6E3CAMualc="},"lastRemoteEphemeralKey":"BY0APL5Eug1EW5EvKVpJQifiOwSYgHOHnifcRCUSZZJu","previousCounter":0,"rootKey":"JufZTZYpnlmVTt9QxqUwDVa6J4XpZhr5iHPUDPJtngc="},"indexInfo":{"baseKey":"BSwjRCb29KP0rE/+uLMyMzSAch44p9kpxvdhCwdnV2t2","baseKeyType":1,"closed":-1,"used":1714106011891,"created":1714106011891,"remoteIdentityKey":"BSam5G+AfMYqgBAr9nPXqXpptp2VBaNSzZlMQSotPThC"},"_chains":{"BasegCgi2tbx2kU9dby9UmIAtRuaWI6nTrR7qq9efD40":{"chainKey":{"counter":6,"key":"w3C7zcjG1O4iHA17hBoblHcCeQkRKoxXsMtlxOTM9tg="},"chainType":1,"messageKeys":{}}},"pendingPreKey":{"signedKeyId":1,"baseKey":"BSwjRCb29KP0rE/+uLMyMzSAch44p9kpxvdhCwdnV2t2","preKeyId":15479951}}},"version":"v1"}