{"_sessions":{"BdQFZisbOFZm2qfIHl8PyMNONOX/Y1axexgZ8tdGiZVl":{"registrationId":462952867,"currentRatchet":{"ephemeralKeyPair":{"pubKey":"BWR4ujNEYsKttkMrWM4uJLJbPX16uv6aL1HCoV08dfQK","privKey":"AMB4X0j0g8ePeiqiYAXLIWrJGDbjXK2NNnL3yDn/SkA="},"lastRemoteEphemeralKey":"Bfjp7U0uqpsfzafLH4IjQfEHjuRxoWb3/vJk3jdM7mZl","previousCounter":0,"rootKey":"xIfqP/bVIKEzmbPEmnsL4ZzHvuD1F/FX99gITG4hICE="},"indexInfo":{"baseKey":"BdQFZisbOFZm2qfIHl8PyMNONOX/Y1axexgZ8tdGiZVl","baseKeyType":1,"closed":-1,"used":1714085843148,"created":1714085843148,"remoteIdentityKey":"BdyCamFLdQrW/YOdj51wi8ThHNZUj3PSY6l19fU/dUVB"},"_chains":{"BWR4ujNEYsKttkMrWM4uJLJbPX16uv6aL1HCoV08dfQK":{"chainKey":{"counter":0,"key":"hto15E5S7+xpwVeFSd3Mmp4Ng34XwAXrIz/RFdUH/UA="},"chainType":1,"messageKeys":{}}},"pendingPreKey":{"signedKeyId":0,"baseKey":"BdQFZisbOFZm2qfIHl8PyMNONOX/Y1axexgZ8tdGiZVl","preKeyId":2034898}}},"version":"v1"}