{"_sessions":{"BVbBIpraPhZNsLy36dC49R+Yx5i6gXVUGJCqSFe8+JkQ":{"registrationId":1579035266,"currentRatchet":{"ephemeralKeyPair":{"pubKey":"BYWDABI5YGyZm/hs1h/M4UEnLJTLAj+5jz4AsnCiPz1O","privKey":"aIQbc+jI8H5sTAf7VuD/Sd0pEV51+cXoF97Ret3St3k="},"lastRemoteEphemeralKey":"BTfdnVSi9e8sxiZ8zjivEcNDJlfJ6RSHSWG217L1iwgW","previousCounter":0,"rootKey":"Q64gWsaN4SqS+e/6GOjFmHJUplJUES4yCI3FmHZuiCI="},"indexInfo":{"baseKey":"BVbBIpraPhZNsLy36dC49R+Yx5i6gXVUGJCqSFe8+JkQ","baseKeyType":1,"closed":-1,"used":1714085805514,"created":1714085805514,"remoteIdentityKey":"BRHTdEvziJHu7cAB3a6zlS5YT12hTzndOk/7TQ+p9JRl"},"_chains":{"BYWDABI5YGyZm/hs1h/M4UEnLJTLAj+5jz4AsnCiPz1O":{"chainKey":{"counter":20,"key":"36CrAsixDlvyLMo+WAzhsmBuF3x7LNrnVhvaSBHry7M="},"chainType":1,"messageKeys":{}}},"pendingPreKey":{"signedKeyId":8,"baseKey":"BVbBIpraPhZNsLy36dC49R+Yx5i6gXVUGJCqSFe8+JkQ","preKeyId":10732199}}},"version":"v1"}