{"_sessions":{"BXjr3cNsdCQ/gY6eBD8YX1v/YOLJ6RCdmPhTrBR9/xEF":{"registrationId":1007757912,"currentRatchet":{"ephemeralKeyPair":{"pubKey":"BQAZtUiPq9LQ2aMIk81vVU5EsqJHkziwQJ+HCT0Qqx5Y","privKey":"2AqKMGvlMVBVpPqlCCr+69/Wkt3t+6xV/ZvJ4LJ/7kk="},"lastRemoteEphemeralKey":"BTdgP73NT/DLUUciaHcLaGYgAVdTUs1tHOvQ5b3ahdsO","previousCounter":0,"rootKey":"q3CUfnfZkm4QmILZwKpkIQiZWgv9qTz6TSdXI+LT7SU="},"indexInfo":{"baseKey":"BXjr3cNsdCQ/gY6eBD8YX1v/YOLJ6RCdmPhTrBR9/xEF","baseKeyType":1,"closed":-1,"used":1714085843139,"created":1714085843139,"remoteIdentityKey":"BQH/1yGiT2s2Nuii8ISyJwkFQHT34AFHNoZqLRYcN/FR"},"_chains":{"BQAZtUiPq9LQ2aMIk81vVU5EsqJHkziwQJ+HCT0Qqx5Y":{"chainKey":{"counter":0,"key":"Hs2grzPHb61fhfOBTy6bd+RLbZsMlHetetu5HAW+iBU="},"chainType":1,"messageKeys":{}}},"pendingPreKey":{"signedKeyId":13,"baseKey":"BXjr3cNsdCQ/gY6eBD8YX1v/YOLJ6RCdmPhTrBR9/xEF","preKeyId":5720988}}},"version":"v1"}