{"_sessions":{"BS5QkGBSE1jhE7TxQD0yYU7RPQjVzcmOBQpD3D/qO2Jz":{"registrationId":1672589359,"currentRatchet":{"ephemeralKeyPair":{"pubKey":"BX1MPm27fuGMavTs5lfpULSzDPpJGT+E9BMO0n9aR7NI","privKey":"ELnkSe4UIRmpfUz/KLBn8xDU3ly2r/ey0J7YbklHFUY="},"lastRemoteEphemeralKey":"Bafckxd6E/XrJPFlj2a1t+t30BUjM3VvY5XLUwJRnnhv","previousCounter":0,"rootKey":"AHqiOiwc4xhpwQaymBJuZ0zXj32A1ah34j1Np7o0aLs="},"indexInfo":{"baseKey":"BS5QkGBSE1jhE7TxQD0yYU7RPQjVzcmOBQpD3D/qO2Jz","baseKeyType":1,"closed":-1,"used":1714085805535,"created":1714085805535,"remoteIdentityKey":"Bfg8yQghoyx3tJXv5vrgEytUa9KtAOnLJPHncYCZ92Ii"},"_chains":{"BX1MPm27fuGMavTs5lfpULSzDPpJGT+E9BMO0n9aR7NI":{"chainKey":{"counter":20,"key":"Q3/5i7S6G3Si6J5qHnY0iwxBvLXG9aQmEh+mreUeX58="},"chainType":1,"messageKeys":{}}},"pendingPreKey":{"signedKeyId":8,"baseKey":"BS5QkGBSE1jhE7TxQD0yYU7RPQjVzcmOBQpD3D/qO2Jz","preKeyId":9876642}}},"version":"v1"}