{"_sessions":{"BfddtdMIiFLl5j/ek352vjvR09A+UY+lGMLDjcpH18Z6":{"registrationId":681293393,"currentRatchet":{"ephemeralKeyPair":{"pubKey":"Beca2hPd0xcNAUdytgVl0dYNE+Gpv4kMx3uB81b1G+JV","privKey":"ABppwLFxW770IROqL/fkXqYamt9Mo8msgfv+zJcR3EU="},"lastRemoteEphemeralKey":"BUS8z0MQYXu2tXcJh0bnAS87usPO6Ao4y/AI7oW3GqIi","previousCounter":0,"rootKey":"/mxDiu22A3N97OtDpimrPDel5v8RXGYHJbOg64aKaVY="},"indexInfo":{"baseKey":"BfddtdMIiFLl5j/ek352vjvR09A+UY+lGMLDjcpH18Z6","baseKeyType":2,"closed":-1,"used":1714111086272,"created":1714111086272,"remoteIdentityKey":"BbVyayrgEL6iPaaViMgVxQyfuzoTTRCrfiCO5S8ZuNYl"},"_chains":{"BUS8z0MQYXu2tXcJh0bnAS87usPO6Ao4y/AI7oW3GqIi":{"chainKey":{"counter":0,"key":"60w/WIhyJ9HtRi/3JCsaFReawaol7zJA/EfVYhdmF94="},"chainType":2,"messageKeys":{}},"Beca2hPd0xcNAUdytgVl0dYNE+Gpv4kMx3uB81b1G+JV":{"chainKey":{"counter":-1,"key":"mlw7EtkvclJp3gIV/27wh1ndLLD8c9yfo+1wsmZr2qc="},"chainType":1,"messageKeys":{}}}}},"version":"v1"}