{"_sessions":{"BRV44AH0ORmOJUuo9ZMpPf2aCsdjpTRufxmAJOUPxqI+":{"registrationId":9754,"currentRatchet":{"ephemeralKeyPair":{"pubKey":"BRnNcRC8qJf8QtQmC2M3fJk2ilL47cNWM4BvKxKmJMpx","privKey":"ECvMYx0eMZqyZjPSD0ks7v6GjE+cRPrxAqwJXqGY81E="},"lastRemoteEphemeralKey":"BY12IfbfXFMbU6Ea5MSO7yLF6H4CCYPThyFqP5jKelo5","previousCounter":0,"rootKey":"C4EZg5XCxUCUI6VkL98AfTQCGycj1RHnhzVJYpIKFoU="},"indexInfo":{"baseKey":"BRV44AH0ORmOJUuo9ZMpPf2aCsdjpTRufxmAJOUPxqI+","baseKeyType":1,"closed":-1,"used":1714085805260,"created":1714085805260,"remoteIdentityKey":"BTglXxyjaTySICsbXwIhha0gJHm8WZ4xLyymvivBSoke"},"_chains":{"BRnNcRC8qJf8QtQmC2M3fJk2ilL47cNWM4BvKxKmJMpx":{"chainKey":{"counter":20,"key":"Y3LZwpuCGZke1/H1ltjAfagKLqUo143k6rLK8FIQjlY="},"chainType":1,"messageKeys":{}}},"pendingPreKey":{"signedKeyId":1,"baseKey":"BRV44AH0ORmOJUuo9ZMpPf2aCsdjpTRufxmAJOUPxqI+","preKeyId":1971}}},"version":"v1"}