{"_sessions":{"Bf3vglWnb6i5BL/82XiVCYuD55Ypul27ahLqmkT4L9lN":{"registrationId":2047753141,"currentRatchet":{"ephemeralKeyPair":{"pubKey":"BSOT6OAT6l8cMBkPQH9XN9eQU48enQABF15CEk2AgDZ8","privKey":"sO3R8qOl8+hLlT6ao5GotIwRXFHE3Cg3CDc8mn4ZCWg="},"lastRemoteEphemeralKey":"Bck2B9O/gOPjicsd7pDdDDmfVY0It0B07l5iwqwl44tE","previousCounter":0,"rootKey":"WO/z9YeEdFQoOwkVVUz8OrAGJTEBAwnSIRJ3/SrzdWE="},"indexInfo":{"baseKey":"Bf3vglWnb6i5BL/82XiVCYuD55Ypul27ahLqmkT4L9lN","baseKeyType":1,"closed":-1,"used":1714106011933,"created":1714106011933,"remoteIdentityKey":"BbByqmhlHjauyHdCxrQOgmrZ2hmuIdMB/w9UC4FT19gP"},"_chains":{"BSOT6OAT6l8cMBkPQH9XN9eQU48enQABF15CEk2AgDZ8":{"chainKey":{"counter":6,"key":"0iAFfj5cYiIyu8wxufAMBSYbIvRRWf3XBtXNoDOEQjQ="},"chainType":1,"messageKeys":{}}},"pendingPreKey":{"signedKeyId":2,"baseKey":"Bf3vglWnb6i5BL/82XiVCYuD55Ypul27ahLqmkT4L9lN"}}},"version":"v1"}