{"_sessions":{"BUu09pcp8FwMRb82/BOwrDjWT/uOQvwjxyjeQr1E3w1u":{"registrationId":1506934768,"currentRatchet":{"ephemeralKeyPair":{"pubKey":"BSMLopeNyLUzyNprWXB9AGBWuu3uOeSVGujqHHbjmQk8","privKey":"wHlSElpJfwEKo3McUh1CAyMLwN28JMp8HpmpcRyqU3A="},"lastRemoteEphemeralKey":"BR9hYjPkXNzsoWpF/FzO6KdYguKs9VomwTwjBO3XImBa","previousCounter":0,"rootKey":"9cnab6fua9o8uwopNpV9NqPSnHp47QBat1fknwTL9CM="},"indexInfo":{"baseKey":"BUu09pcp8FwMRb82/BOwrDjWT/uOQvwjxyjeQr1E3w1u","baseKeyType":1,"closed":-1,"used":1714085805342,"created":1714085805342,"remoteIdentityKey":"BaOPJkYLrctxh5zfyA9fo623FdyOfiAANLaDFmK5fkxg"},"_chains":{"BSMLopeNyLUzyNprWXB9AGBWuu3uOeSVGujqHHbjmQk8":{"chainKey":{"counter":20,"key":"1Imhj9wZygY0B8VUdi/Os/9bWSHLRTpI+nlDDOHc1ds="},"chainType":1,"messageKeys":{}}},"pendingPreKey":{"signedKeyId":2,"baseKey":"BUu09pcp8FwMRb82/BOwrDjWT/uOQvwjxyjeQr1E3w1u","preKeyId":13126450}}},"version":"v1"}