{"_sessions":{"BffnYiywWd/BmwmzS9r1jH1eYc3CM3es5ER5qoQucv8F":{"registrationId":493983975,"currentRatchet":{"ephemeralKeyPair":{"pubKey":"BWwD/YL9xNEBpyGaqa/jC2aiIJAehPOSOV9sw6PJvL1v","privKey":"eA2I0lC21HYfxL8AyhndSG6pptwHJK+oNqVny4fUYFI="},"lastRemoteEphemeralKey":"BWs2R6BIPZTnyzPef2YXQYFU+bdSALmjNgdgP4/bJupg","previousCounter":0,"rootKey":"VRBQ8ovT8W9L/fHwfhhlB94GSxpORpAWiuWH20jYubY="},"indexInfo":{"baseKey":"BffnYiywWd/BmwmzS9r1jH1eYc3CM3es5ER5qoQucv8F","baseKeyType":1,"closed":-1,"used":1714085805505,"created":1714085805505,"remoteIdentityKey":"BagbBAY+yeOBh0PQR0HS2ED6LWQ/sCIzaDg1q4YRuZcx"},"_chains":{"BWwD/YL9xNEBpyGaqa/jC2aiIJAehPOSOV9sw6PJvL1v":{"chainKey":{"counter":20,"key":"L3SvPBeHIezUL+xEYHc8hOwtoC+VkFnK1DoQQQlTemE="},"chainType":1,"messageKeys":{}}},"pendingPreKey":{"signedKeyId":3,"baseKey":"BffnYiywWd/BmwmzS9r1jH1eYc3CM3es5ER5qoQucv8F","preKeyId":1106683}}},"version":"v1"}