{"_sessions":{"BekT/krdxy5XpMV5khlk0yEmQnxUiB/t0Q+bOuopeJh4":{"registrationId":1525464855,"currentRatchet":{"ephemeralKeyPair":{"pubKey":"BbQWGNzSIZ1Rw0sTYECKuc+wfkCWtwPB3vQ8grlq8ech","privKey":"MPzHsyT9SBZyFDZwgZPC38bdEPx5aO2IY8WwH6AAXF8="},"lastRemoteEphemeralKey":"BYe/nyJm8OHJLDqi7cOG5PkuxhtVwRnVoeRiLzJfmL5s","previousCounter":0,"rootKey":"CakgMQuZAfxbdb+sC12u/iATtqto/wdozXr1Z3234NU="},"indexInfo":{"baseKey":"BekT/krdxy5XpMV5khlk0yEmQnxUiB/t0Q+bOuopeJh4","baseKeyType":1,"closed":-1,"used":1714085805234,"created":1714085805234,"remoteIdentityKey":"BRntGm05zqXFkDq0gjX6kPeBzYk2Zd4JNWVuuzTVhl8B"},"_chains":{"BbQWGNzSIZ1Rw0sTYECKuc+wfkCWtwPB3vQ8grlq8ech":{"chainKey":{"counter":20,"key":"m7qB+GnugekfINdmLuqjB+GxXKpb9hDBbGcQUN8amDk="},"chainType":1,"messageKeys":{}}},"pendingPreKey":{"signedKeyId":11,"baseKey":"BekT/krdxy5XpMV5khlk0yEmQnxUiB/t0Q+bOuopeJh4","preKeyId":13658659}}},"version":"v1"}