{"_sessions":{"BSK1AnD/xGWCjzQkngDRKCYu2FEukbfbXA6e2ERaX+xp":{"registrationId":667706893,"currentRatchet":{"ephemeralKeyPair":{"pubKey":"BSpO6ll0G5hTJKpxek1DbMLefO+XA9Vtz5Vw05blmoYO","privKey":"QMBYGt/Ta8KKMa0rVm5q4rSHYokXkzT+h2Wbi5hL5Us="},"lastRemoteEphemeralKey":"BTPwER6bjygyEKEFyW/YQ5IydJcYPPUHrej9jcCf3gk8","previousCounter":0,"rootKey":"3QCt9xIDDXJVydN6O8+ccPGCvYdct3u+cZXZ0KSpWXo="},"indexInfo":{"baseKey":"BSK1AnD/xGWCjzQkngDRKCYu2FEukbfbXA6e2ERaX+xp","baseKeyType":1,"closed":-1,"used":1714106299291,"created":1714106299291,"remoteIdentityKey":"BeHoc+BEeEQtV4kHENZXwY4d68N5E0Fy8JszpngBS588"},"_chains":{"BSpO6ll0G5hTJKpxek1DbMLefO+XA9Vtz5Vw05blmoYO":{"chainKey":{"counter":0,"key":"Erny+zfws9bx73QPKSbNgmwQwGLiPiw9CelyFgevi4w="},"chainType":1,"messageKeys":{}}},"pendingPreKey":{"signedKeyId":2,"baseKey":"BSK1AnD/xGWCjzQkngDRKCYu2FEukbfbXA6e2ERaX+xp","preKeyId":4412563}}},"version":"v1"}