{"_sessions":{"BQyu/GezHDMfHf7uhX++8S2d8zSl5jsMQ/NucLlIn11y":{"registrationId":742457009,"currentRatchet":{"ephemeralKeyPair":{"pubKey":"BUhIFGtcOOevIuNUnbtlXJFqLqf1+ZUZsb1yF5n3z095","privKey":"aCPDwD+2c3TNmF1UDLwHRIcEPwMSwsKX1ut28lpZJ3U="},"lastRemoteEphemeralKey":"BeliF+EFFahgCiUPEO2NjcuAvyR1pYRcUoMKqhqNjXsz","previousCounter":0,"rootKey":"r+4710nVaWkf6imtuxcbEXkYFI3OzDxzuo9r27RlJYI="},"indexInfo":{"baseKey":"BQyu/GezHDMfHf7uhX++8S2d8zSl5jsMQ/NucLlIn11y","baseKeyType":1,"closed":-1,"used":1714106299296,"created":1714106299296,"remoteIdentityKey":"BUJ3PwZzgRSGJs0fIZ4QTZTMtZagiWDzF8PwFoxEtmpg"},"_chains":{"BUhIFGtcOOevIuNUnbtlXJFqLqf1+ZUZsb1yF5n3z095":{"chainKey":{"counter":0,"key":"jPIoafMf0qT5l6iO8hEOQyDD4H48scYIZvpWfoInUxw="},"chainType":1,"messageKeys":{}}},"pendingPreKey":{"signedKeyId":7,"baseKey":"BQyu/GezHDMfHf7uhX++8S2d8zSl5jsMQ/NucLlIn11y","preKeyId":9773157}}},"version":"v1"}