{"_sessions":{"BRovm9J2tHifA41WEb6l939PJxbp+UMqLFghPKGmjH5U":{"registrationId":200415611,"currentRatchet":{"ephemeralKeyPair":{"pubKey":"BdHQ++fm9CI/c1roJpmcLJlkPlbVKtzpJHjdDpwppBhE","privKey":"oFR1xK1g8eNs3Xhd/M0lMCY/hiDr17n49BE/R3R0HVI="},"lastRemoteEphemeralKey":"BRhINhgL82icX0HIMjSFXiJJ5RGWSB4NFWp9F7sM2rh+","previousCounter":0,"rootKey":"+3h7mgCe5MnUxrVXd2N+91+5r833rXpnk0PA696T0jE="},"indexInfo":{"baseKey":"BRovm9J2tHifA41WEb6l939PJxbp+UMqLFghPKGmjH5U","baseKeyType":1,"closed":-1,"used":1714085843167,"created":1714085843167,"remoteIdentityKey":"BTrge2+p6XgGc99ayaeQvHdXxSKkd+rcavGPsPgQPGAm"},"_chains":{"BdHQ++fm9CI/c1roJpmcLJlkPlbVKtzpJHjdDpwppBhE":{"chainKey":{"counter":12,"key":"iV5AAUE3RBHR3GKMbd3RVtM5SUa7fz6yO/Su21Vr8Z8="},"chainType":1,"messageKeys":{}}},"pendingPreKey":{"signedKeyId":3,"baseKey":"BRovm9J2tHifA41WEb6l939PJxbp+UMqLFghPKGmjH5U","preKeyId":5946052}}},"version":"v1"}