{"_sessions":{"Bef6SpX2nuv/JFO0HhbpuM6VIgjgRobnWgJANStLWNJz":{"registrationId":1997743372,"currentRatchet":{"ephemeralKeyPair":{"pubKey":"Bd6UxSbL4K4UtxuymZi0R1sUeONxfBBbztHZYnn5opUE","privKey":"iHF6f4q+EFYrxsirdzmP2bmm/F1EAo0CBveMlzVzi24="},"lastRemoteEphemeralKey":"BagUqlEbRxxfM1BiUmiKVOy2ii6m6G570lx5BbrjQFh2","previousCounter":0,"rootKey":"lFEkPuWyQD0AomWzTnvEZmR/qxcwX+yk0JpfXb6t8yk="},"indexInfo":{"baseKey":"Bef6SpX2nuv/JFO0HhbpuM6VIgjgRobnWgJANStLWNJz","baseKeyType":1,"closed":-1,"used":1714085805437,"created":1714085805437,"remoteIdentityKey":"BTXfqeBLmXWprLnDb1rpvWXKQSz5Vt2jeWDnW6/qnFsr"},"_chains":{"Bd6UxSbL4K4UtxuymZi0R1sUeONxfBBbztHZYnn5opUE":{"chainKey":{"counter":20,"key":"RaqsRh2e1tPmRQKDzZcCiWwWbmBR3B+6+EJKjN1M99s="},"chainType":1,"messageKeys":{}}},"pendingPreKey":{"signedKeyId":0,"baseKey":"Bef6SpX2nuv/JFO0HhbpuM6VIgjgRobnWgJANStLWNJz"}}},"version":"v1"}