{"_sessions":{"BToewXKFiJaNg8H/99J5u5awNSJmk3DhzF7UQkcgH+VE":{"registrationId":947520982,"currentRatchet":{"ephemeralKeyPair":{"pubKey":"BcR6wnfVabMxou6iv4V/a+cxfeKjn2yZFU+WiG/Zed9m","privKey":"2Ng3R5Y9FhWsqXKPiJ0Yy7F04az6mXhCArgSKPyh8XY="},"lastRemoteEphemeralKey":"Bcw+2YOpiq5Ac3xn1D5M/ymQLiEJ2R8yZyWiwUVP59R9","previousCounter":0,"rootKey":"71lztDnDx8zOgTN81tQZKR8r2QuxNhyLaPhVzuJlyGI="},"indexInfo":{"baseKey":"BToewXKFiJaNg8H/99J5u5awNSJmk3DhzF7UQkcgH+VE","baseKeyType":1,"closed":-1,"used":1714085805612,"created":1714085805612,"remoteIdentityKey":"BQZP9jgxLiH53UpPx1tQd7y99o6XfF6hvmpW2DZr0W9p"},"_chains":{"BcR6wnfVabMxou6iv4V/a+cxfeKjn2yZFU+WiG/Zed9m":{"chainKey":{"counter":20,"key":"r3lolbNA1mLdRPplYIKwrjMZY2REcb1YC1k+ZnnYx30="},"chainType":1,"messageKeys":{}}},"pendingPreKey":{"signedKeyId":6378624,"baseKey":"BToewXKFiJaNg8H/99J5u5awNSJmk3DhzF7UQkcgH+VE","preKeyId":7463}}},"version":"v1"}