{"_sessions":{"BX0G/i6KmHCPDghbcQL50EgwJ68X5fSCVPe3qMbeBLI7":{"registrationId":638261351,"currentRatchet":{"ephemeralKeyPair":{"pubKey":"BTQYwfGHGArg3Bbh0ooxyO7m0vqMIz50X1enqwSlSJZA","privKey":"QCrG/zrz5e9byVx4+BbZQxuXhzEkQoDnFm/WvLrWXW8="},"lastRemoteEphemeralKey":"BczA9sHT2Fb0JZnYapoy1boS+5a3IT2Q3b5GDtNqtQ8b","previousCounter":0,"rootKey":"jCJwINsopMXQTiRsuber152ax4SsTqCxtV7oeYmtI64="},"indexInfo":{"baseKey":"BX0G/i6KmHCPDghbcQL50EgwJ68X5fSCVPe3qMbeBLI7","baseKeyType":1,"closed":-1,"used":1714085805427,"created":1714085805427,"remoteIdentityKey":"BbPsp0Qe+L7IY33U6yCjDWyLJR2d48KhDRqaePx2kyMq"},"_chains":{"BTQYwfGHGArg3Bbh0ooxyO7m0vqMIz50X1enqwSlSJZA":{"chainKey":{"counter":20,"key":"UEX+bURTLRXigDRl2m9jM15k84l8DcEwcEyRHR3HHN0="},"chainType":1,"messageKeys":{}}},"pendingPreKey":{"signedKeyId":1,"baseKey":"BX0G/i6KmHCPDghbcQL50EgwJ68X5fSCVPe3qMbeBLI7","preKeyId":9804391}}},"version":"v1"}