{"_sessions":{"Be/C5cpZVIAwtF4xDR25cfbBlEZNmoOlvfiv32+GnjRr":{"registrationId":1988235260,"currentRatchet":{"ephemeralKeyPair":{"pubKey":"BcpbvrzRdfzkMYBwAageGX6/sDPPQD2r+/CY5ihf2GgH","privKey":"eB0SDym2tYhMIaahmjoXNVrfm/0Z5MaBc6lzPHN6DkE="},"lastRemoteEphemeralKey":"BVez7tkvdPRr/rOSW2LCCa+Cfh+kkS7hdndymqKy9cZC","previousCounter":0,"rootKey":"pwTxvo/u0cxNy/HNmyxkHCcfELVyGMgn7jHtH3TS6MI="},"indexInfo":{"baseKey":"Be/C5cpZVIAwtF4xDR25cfbBlEZNmoOlvfiv32+GnjRr","baseKeyType":1,"closed":-1,"used":1714106299319,"created":1714106299319,"remoteIdentityKey":"BeyB1bCMSbNRxK25zusW5B4dIq0WLi/Sf1Ik8O6DLgNs"},"_chains":{"BcpbvrzRdfzkMYBwAageGX6/sDPPQD2r+/CY5ihf2GgH":{"chainKey":{"counter":0,"key":"v4WKu0BWtMcW3ZoWer7Gp51ipe86I1HDWxAlgxzjquY="},"chainType":1,"messageKeys":{}}},"pendingPreKey":{"signedKeyId":1,"baseKey":"Be/C5cpZVIAwtF4xDR25cfbBlEZNmoOlvfiv32+GnjRr","preKeyId":5331835}}},"version":"v1"}