{"_sessions":{"BRRGwNER1zsrJB1lEFc8Hd+tS4bDan5p4yvlr6b/2q5G":{"registrationId":1018679612,"currentRatchet":{"ephemeralKeyPair":{"pubKey":"BW6WZUITbcIALnUixQljGLgie6qx0QNKlukOJMN1ulkW","privKey":"OLFR2oaM2gYv8TRMcjAz5nSZGt23TokGrI9XtS323nE="},"lastRemoteEphemeralKey":"Baiu71T1ZUkc3husYv6Fks3RBLdsqXXSXBR/THfhP28N","previousCounter":0,"rootKey":"17SUyetCTUgLfLLlKcPOqG74vcCqpgDlVIZOWjplThg="},"indexInfo":{"baseKey":"BRRGwNER1zsrJB1lEFc8Hd+tS4bDan5p4yvlr6b/2q5G","baseKeyType":1,"closed":-1,"used":1714085805298,"created":1714085805298,"remoteIdentityKey":"Bdzl3dpONvHCiTs++TO9wFrKZqkuGxQHdKUmUTMoE4Rc"},"_chains":{"BW6WZUITbcIALnUixQljGLgie6qx0QNKlukOJMN1ulkW":{"chainKey":{"counter":20,"key":"nV+644safzOXWaZ+StMq5JWFCkSeOUF4MxCkWBlh+7k="},"chainType":1,"messageKeys":{}}},"pendingPreKey":{"signedKeyId":2,"baseKey":"BRRGwNER1zsrJB1lEFc8Hd+tS4bDan5p4yvlr6b/2q5G","preKeyId":14601791}}},"version":"v1"}