{"_sessions":{"BdiaZcX7nR3bDYOv/xOxoO0FJ4YRXgz0qiNYUpkPKH5b":{"registrationId":1032767186,"currentRatchet":{"ephemeralKeyPair":{"pubKey":"BTpbRs7lYzGmanyLHdFNg0URk2qmu002fLgAbC7ghNZK","privKey":"OPLKGzpUP2mBslHMCt4UDcilUwyUyYLX8Vj6EweZu2M="},"lastRemoteEphemeralKey":"BUYF0rbVghgkcnT+wx16MSs+ZKJHoPyXVOjYIJWh4GcV","previousCounter":0,"rootKey":"aYgrSeIaAO8fk2LqgJRVwWNNc+YKBv93zhoK6CrWzhE="},"indexInfo":{"baseKey":"BdiaZcX7nR3bDYOv/xOxoO0FJ4YRXgz0qiNYUpkPKH5b","baseKeyType":1,"closed":-1,"used":1714106011858,"created":1714106011858,"remoteIdentityKey":"BW8hhAJS+N740GXrqGPj+OnIPfldpu66asEa0biVQkM0"},"_chains":{"BTpbRs7lYzGmanyLHdFNg0URk2qmu002fLgAbC7ghNZK":{"chainKey":{"counter":6,"key":"ULoZxzjs2yT2ihYXGhVeodvR+B8HaxsdeLOnkYWTsvk="},"chainType":1,"messageKeys":{}}},"pendingPreKey":{"signedKeyId":1,"baseKey":"BdiaZcX7nR3bDYOv/xOxoO0FJ4YRXgz0qiNYUpkPKH5b","preKeyId":652}}},"version":"v1"}