{"_sessions":{"BfSwqe1mCmEc8yNjgirzDz9GS029DvXBGGQzlgUFbBkU":{"registrationId":1012003914,"currentRatchet":{"ephemeralKeyPair":{"pubKey":"BaRwlBhRiI2BdzEZ0VC0v5uAqXOUBBCSTyEzy5dPwZ8x","privKey":"8M0/SnUMoAXbbwxsb7muIY2hjwutByVLh+mEfihVdGY="},"lastRemoteEphemeralKey":"BUFMeAhnQfmUWMk5kPN6WJLbhPbs+EfVlxJqG1JsjK1d","previousCounter":0,"rootKey":"XbvxiSuQiaqctmxfIK7b5in1FUwlYjo6q9h+wKmRe6o="},"indexInfo":{"baseKey":"BfSwqe1mCmEc8yNjgirzDz9GS029DvXBGGQzlgUFbBkU","baseKeyType":1,"closed":-1,"used":1714085805300,"created":1714085805300,"remoteIdentityKey":"BQnPasHJEfQpytHV7gJcN4VxlqNWz/KUoXUq67TlWMYl"},"_chains":{"BaRwlBhRiI2BdzEZ0VC0v5uAqXOUBBCSTyEzy5dPwZ8x":{"chainKey":{"counter":20,"key":"oUN15dW2Qh6HJQGfuFr43Ez15I0CmRdvi/kbVkwYUoY="},"chainType":1,"messageKeys":{}}},"pendingPreKey":{"signedKeyId":8,"baseKey":"BfSwqe1mCmEc8yNjgirzDz9GS029DvXBGGQzlgUFbBkU","preKeyId":2373352}}},"version":"v1"}