{"_sessions":{"BQDlAxQyOvwQNjgzyuFUNZ2LF/7BRIqBFB/5wUbkoecn":{"registrationId":1191464635,"currentRatchet":{"ephemeralKeyPair":{"pubKey":"BU8aV11rSUUSMNLqKErhdTaCoq9lfBFFZvFE8HsQOH5c","privKey":"QNtwnb1ti2r9iZlASIDKDG+gETSLrEwkW4WdLAxtZ1k="},"lastRemoteEphemeralKey":"BX4Iut/66NFqn1o8VxCLkfgBxj6FX4jMBND7g7/vBzE1","previousCounter":0,"rootKey":"IsLWafcL10hS7a3vK8tB4eFIMhuerOiJhdGkVmubsBQ="},"indexInfo":{"baseKey":"BQDlAxQyOvwQNjgzyuFUNZ2LF/7BRIqBFB/5wUbkoecn","baseKeyType":1,"closed":-1,"used":1714085805456,"created":1714085805456,"remoteIdentityKey":"Ba1D1/8grd8VUeWAb1P00YLXfprIklt3O8Q/Y44TyNdN"},"_chains":{"BU8aV11rSUUSMNLqKErhdTaCoq9lfBFFZvFE8HsQOH5c":{"chainKey":{"counter":20,"key":"Zqz0R/smsv9R86VRid0ZSOq4Vn/uUqCAZhhwbr0Jrqk="},"chainType":1,"messageKeys":{}}},"pendingPreKey":{"signedKeyId":6548285,"baseKey":"BQDlAxQyOvwQNjgzyuFUNZ2LF/7BRIqBFB/5wUbkoecn","preKeyId":5168}}},"version":"v1"}