{"_sessions":{"BWh5RnjFGomxJmTKzXn4cnMPKQMZXZRnJ+TKjBEPMq8M":{"registrationId":410360600,"currentRatchet":{"ephemeralKeyPair":{"pubKey":"BWrrrA5ptInZvDgKyb56En73jS5qHzvzhbSVCWTfXst2","privKey":"IB4YZnwlul3Irq1yNK9BgiIZ9on2P+2NHpQqd7gHvEo="},"lastRemoteEphemeralKey":"BWUAr7wR/wrFVhJ+Xj2kl5EA20NXhcCGmvW8B6Q4jmFH","previousCounter":0,"rootKey":"OEPUmMxlFkL4s0u/GC+Ia3A/yWbNza08oNqDncI+DVo="},"indexInfo":{"baseKey":"BWh5RnjFGomxJmTKzXn4cnMPKQMZXZRnJ+TKjBEPMq8M","baseKeyType":1,"closed":-1,"used":1714085805412,"created":1714085805412,"remoteIdentityKey":"BfbRMFWKHa42cGjcCxQNMRPuwgaHEmUOgMs2d0uBj69I"},"_chains":{"BWrrrA5ptInZvDgKyb56En73jS5qHzvzhbSVCWTfXst2":{"chainKey":{"counter":20,"key":"U/czi1RpBAhaq/wJHJo+9Y/DQsA9y7O5mvfjakTSyd4="},"chainType":1,"messageKeys":{}}},"pendingPreKey":{"signedKeyId":2,"baseKey":"BWh5RnjFGomxJmTKzXn4cnMPKQMZXZRnJ+TKjBEPMq8M","preKeyId":11750898}}},"version":"v1"}