{"_sessions":{"Bfll+ssXz5nB9IurBZ3wZi3q1rS4ENJOLoITbWMqLcgN":{"registrationId":1222828981,"currentRatchet":{"ephemeralKeyPair":{"pubKey":"BYsOVRNEqmc+Rwx6AURzu6iCrt/rk2NfZug2d21IcCAR","privKey":"SLPTpuLuT00TtbFQQY3kaVf56jiQOZs0v4xmMmxzaE0="},"lastRemoteEphemeralKey":"BUYAa97+ndhMt+BU6GSdSPkzUza8E/2wACrnlrkXzsAy","previousCounter":0,"rootKey":"xulhwMmwaybtYRarWwBlZboO73P8ZEOxUG4drYJlZ9s="},"indexInfo":{"baseKey":"Bfll+ssXz5nB9IurBZ3wZi3q1rS4ENJOLoITbWMqLcgN","baseKeyType":1,"closed":-1,"used":1714106011991,"created":1714106011991,"remoteIdentityKey":"BSPleV2WVCyJMRDY+gO2RWTHEq0VHaN1KlY3AHhkJBpZ"},"_chains":{"BYsOVRNEqmc+Rwx6AURzu6iCrt/rk2NfZug2d21IcCAR":{"chainKey":{"counter":6,"key":"fT9pvaRYwonPROCfjm4XkwJa7MGBOD4NBfLFZ8TzIMk="},"chainType":1,"messageKeys":{}}},"pendingPreKey":{"signedKeyId":10,"baseKey":"Bfll+ssXz5nB9IurBZ3wZi3q1rS4ENJOLoITbWMqLcgN","preKeyId":11850777}}},"version":"v1"}