{"_sessions":{"BWsgNPJKgHiKmdVspI4epX8WfAwKjz1VxV8STulACD88":{"registrationId":1347478628,"currentRatchet":{"ephemeralKeyPair":{"pubKey":"BWG4jrkoqWOn6bElTNcws30b3k9Pu43H8IBMXsMV2zV3","privKey":"KNe3jaYls6B1myL+TunOEmPngWL9z+TKRu/efUI1anU="},"lastRemoteEphemeralKey":"Bb0gOamR/iudWtBPBrxM7JbRocG3x4GCE9cTM2pIXTxj","previousCounter":0,"rootKey":"ZRLZ0eCxxaqxqH5Ch0KF5GTPUH6sDAS4bWWTm1kncOE="},"indexInfo":{"baseKey":"BWsgNPJKgHiKmdVspI4epX8WfAwKjz1VxV8STulACD88","baseKeyType":1,"closed":-1,"used":1714085805366,"created":1714085805366,"remoteIdentityKey":"BfDz83G5gOVxS1AhCrwsgjJ1+qxVKA3BaniNjbW4WPJd"},"_chains":{"BWG4jrkoqWOn6bElTNcws30b3k9Pu43H8IBMXsMV2zV3":{"chainKey":{"counter":20,"key":"kA+tk6znE5sC6FZKugBtbji2qhc5IADBASaLUsbEVso="},"chainType":1,"messageKeys":{}}},"pendingPreKey":{"signedKeyId":1,"baseKey":"BWsgNPJKgHiKmdVspI4epX8WfAwKjz1VxV8STulACD88","preKeyId":12329153}}},"version":"v1"}