{"_sessions":{"BfpXnP/MgoCg8Rd4kZQbsRs7uDl2pFnO/Sc/es/nPwQd":{"registrationId":1755697357,"currentRatchet":{"ephemeralKeyPair":{"pubKey":"BbcPx8Xo3DywOhws8by07V14I2MwGKqcIP0P28zKxbhy","privKey":"4NYt9VRPU+jNUOPu5uAh5ofjNn3u9kDfcip0wGHIB28="},"lastRemoteEphemeralKey":"BcZ+UhPJcnaJ82s9a4C1dShY6PBaVgxq5M5/KnkkTPl7","previousCounter":0,"rootKey":"gt5s2MRGL4Au150BiT3l8aL1T/Cms/bYHpT3ECkJzWI="},"indexInfo":{"baseKey":"BfpXnP/MgoCg8Rd4kZQbsRs7uDl2pFnO/Sc/es/nPwQd","baseKeyType":1,"closed":-1,"used":1714085805605,"created":1714085805605,"remoteIdentityKey":"Bej+mkAniqhoIuSbD9+L4vIQpkZp7a+YZQisB6kXg6QM"},"_chains":{"BbcPx8Xo3DywOhws8by07V14I2MwGKqcIP0P28zKxbhy":{"chainKey":{"counter":20,"key":"2AjmfJihM0pOUW1BurUraOfTMfrAOZPlnip+35LrfYA="},"chainType":1,"messageKeys":{}}},"pendingPreKey":{"signedKeyId":39,"baseKey":"BfpXnP/MgoCg8Rd4kZQbsRs7uDl2pFnO/Sc/es/nPwQd","preKeyId":10807833}}},"version":"v1"}