{"_sessions":{"BUhC1Xt+j/8QYjhROVUpc1OA5GjJWaqFyQhHM8HAQAJf":{"registrationId":723783283,"currentRatchet":{"ephemeralKeyPair":{"pubKey":"BRHRBnAlbOs0AB0yBBA2QT9yBgT/b7gYXMy+ls2ZtKVw","privKey":"mCaM3OtEpcGwXwERv/utiJZdmdldpJQe8p/CMo27HXk="},"lastRemoteEphemeralKey":"BZZQjR+pBky2/cC2cZDLDohyPWjcTAFSSTY3uP/vQxI6","previousCounter":0,"rootKey":"eP7Ihn82YiT/Q6kcQc2v9c0+T6JHE52G0XEkQqtbNvc="},"indexInfo":{"baseKey":"BUhC1Xt+j/8QYjhROVUpc1OA5GjJWaqFyQhHM8HAQAJf","baseKeyType":1,"closed":-1,"used":1714106011935,"created":1714106011935,"remoteIdentityKey":"Bf7EDmqB2plILCj/Amfd9S4BnEGRw1wplW/iYzo2oIdI"},"_chains":{"BRHRBnAlbOs0AB0yBBA2QT9yBgT/b7gYXMy+ls2ZtKVw":{"chainKey":{"counter":6,"key":"+0+sq5pmPAYD/+PzAWplb3x2/stNlQKeOT6FtQbJfWw="},"chainType":1,"messageKeys":{}}},"pendingPreKey":{"signedKeyId":4,"baseKey":"BUhC1Xt+j/8QYjhROVUpc1OA5GjJWaqFyQhHM8HAQAJf"}}},"version":"v1"}