{"_sessions":{"BRbSEzJ2CsPfj5tEFvnxQ71wNWYzoV+Tj7n2Qg9ul01V":{"registrationId":1729106631,"currentRatchet":{"ephemeralKeyPair":{"pubKey":"BZa7bQjdTI5bsbQ+Xf/1upc/Ym/I8xsdv40mZ7jiIwFa","privKey":"uKO/P75ggh6n0C16hTY1stOdedSHYgCQ1TtW7Xp1kkM="},"lastRemoteEphemeralKey":"Bdvk7gqQi6tw5D3j9oLHs+P3TnByI4o0MC1+IiMBB2xX","previousCounter":0,"rootKey":"lUk8Ew4adl+C7z6IlgRBmNUGNpANy5mYnTuULFuDYqo="},"indexInfo":{"baseKey":"BRbSEzJ2CsPfj5tEFvnxQ71wNWYzoV+Tj7n2Qg9ul01V","baseKeyType":1,"closed":-1,"used":1714106011927,"created":1714106011927,"remoteIdentityKey":"BaVhPjqd/mm6Pwf5qVX3W5/5gT3kHfnNrpuzikm/gLVK"},"_chains":{"BZa7bQjdTI5bsbQ+Xf/1upc/Ym/I8xsdv40mZ7jiIwFa":{"chainKey":{"counter":6,"key":"WbzViMdU51QqXG7/K9DI54ulDVRzetjiHTpzcd8kEnU="},"chainType":1,"messageKeys":{}}},"pendingPreKey":{"signedKeyId":22,"baseKey":"BRbSEzJ2CsPfj5tEFvnxQ71wNWYzoV+Tj7n2Qg9ul01V","preKeyId":3547930}}},"version":"v1"}