{"_sessions":{"BeW4trUqMjNOyK9UOKJdqNxjsIwiX+8mKqgrFUlftJQG":{"registrationId":1943411468,"currentRatchet":{"ephemeralKeyPair":{"pubKey":"BYzLowG1DSRUi2+xssNwzG8zBxa2K0/WWpQwTluxDX8h","privKey":"YFMwDGmsi37sQ85YJf+xccU9vIoiED27hzg8DHF0GG4="},"lastRemoteEphemeralKey":"BaTtsXR5qKq7GboXfPN/KFVi+XCH+OAhYKDmFyWdVg81","previousCounter":0,"rootKey":"chS1ZfuiRHJmLRK96a92X/BF8XHHKr3gUoost4AtBVU="},"indexInfo":{"baseKey":"BeW4trUqMjNOyK9UOKJdqNxjsIwiX+8mKqgrFUlftJQG","baseKeyType":1,"closed":-1,"used":1714085805130,"created":1714085805130,"remoteIdentityKey":"BZv7p9lD76xqCX741dSGQhkCFNxOOMmPx7+EdFcNKCVE"},"_chains":{"BYzLowG1DSRUi2+xssNwzG8zBxa2K0/WWpQwTluxDX8h":{"chainKey":{"counter":20,"key":"HoEJ+Aa2E6RwX96wQRhx+940of7XZvj01LmjnaDGxCM="},"chainType":1,"messageKeys":{}}},"pendingPreKey":{"signedKeyId":13,"baseKey":"BeW4trUqMjNOyK9UOKJdqNxjsIwiX+8mKqgrFUlftJQG","preKeyId":1574616}}},"version":"v1"}