{"_sessions":{"BQiBcq71SQ0o92Ymv9p809Yp8tM8ehzZ19Db7+3wmlZV":{"registrationId":291917363,"currentRatchet":{"ephemeralKeyPair":{"pubKey":"BefQYsitCl7joTSqF0n6AFxZLaSuoB69h7CTC/WNMrcW","privKey":"WD3sMqghbN0INCkf6MHkzk3JT9IUCHC+xeB64a/ZR2A="},"lastRemoteEphemeralKey":"BXDGDcMJa7pZW3yCuvwc2/95Uv3CZeBQOjyuafhQGKdJ","previousCounter":0,"rootKey":"8w0IffvW6kTJrXiGISe9ht7Pl64A2PNEHX76YYq7SV0="},"indexInfo":{"baseKey":"BQiBcq71SQ0o92Ymv9p809Yp8tM8ehzZ19Db7+3wmlZV","baseKeyType":1,"closed":-1,"used":1714085805274,"created":1714085805274,"remoteIdentityKey":"BWAXgyTiOomptpfBiHx1KLYCD2s99Hx5CBLBVDtITSZP"},"_chains":{"BefQYsitCl7joTSqF0n6AFxZLaSuoB69h7CTC/WNMrcW":{"chainKey":{"counter":20,"key":"vvcLW/oANc3BaUVUg8S/Hmjzyw7ARbuoUCfMnGgQOFQ="},"chainType":1,"messageKeys":{}}},"pendingPreKey":{"signedKeyId":13,"baseKey":"BQiBcq71SQ0o92Ymv9p809Yp8tM8ehzZ19Db7+3wmlZV","preKeyId":2671640}}},"version":"v1"}