{"_sessions":{"Bd8hacwpHdCZzIegObvQH3jeXmPU9OfO0Q0vZbpgKRhT":{"registrationId":2020244449,"currentRatchet":{"ephemeralKeyPair":{"pubKey":"BR/56om6l83hEYLB7fqUx+GO/t4xwA2ZEdZJmVgifjQx","privKey":"wN1jEo1XagDze6jeOJUKIGmFWEaIUEuUxrwv9gQ9OlI="},"lastRemoteEphemeralKey":"BW3IfkfqmOh490isC57yK2uViOvtM0XR38uADSooyPJT","previousCounter":0,"rootKey":"rwZpQTSI0cgcTjvRC3IQciVCkkWBefDNzYWvjY21HEw="},"indexInfo":{"baseKey":"Bd8hacwpHdCZzIegObvQH3jeXmPU9OfO0Q0vZbpgKRhT","baseKeyType":1,"closed":-1,"used":1714085805429,"created":1714085805429,"remoteIdentityKey":"BTjH6qDdMgGpO577A966jMa/hBW5neHyX3nIVuZvfjo8"},"_chains":{"BR/56om6l83hEYLB7fqUx+GO/t4xwA2ZEdZJmVgifjQx":{"chainKey":{"counter":20,"key":"u5W3NUX92zszBaH0Vq6Rwi8BWVl8XGxnhpcEzToEA7E="},"chainType":1,"messageKeys":{}}},"pendingPreKey":{"signedKeyId":2,"baseKey":"Bd8hacwpHdCZzIegObvQH3jeXmPU9OfO0Q0vZbpgKRhT","preKeyId":10120702}}},"version":"v1"}