{"_sessions":{"BaL6tsIP3mFZg88aGy0ND4hpjfdurNXtGonsgaVQiAln":{"registrationId":955468653,"currentRatchet":{"ephemeralKeyPair":{"pubKey":"BerpLfj9z4CxIQyIILW23+RVzErZM5/CC/rwelARadJv","privKey":"KO3V+bCt8RJ6odJmOHxKr2L7AMriw5g03M/5bFjkEXM="},"lastRemoteEphemeralKey":"BVMxF/l9QEehKzjpubI973S3EpYs6zeasboDmlbGZ9RP","previousCounter":0,"rootKey":"j448ez5fNA36nZ9fIM83oD36fUAhdWqn5+KYST6aM0o="},"indexInfo":{"baseKey":"BaL6tsIP3mFZg88aGy0ND4hpjfdurNXtGonsgaVQiAln","baseKeyType":1,"closed":-1,"used":1714085805281,"created":1714085805281,"remoteIdentityKey":"BTQaoqTODWZoHO2lhdUCN7EDaqAtdbwGFSST7+nN+z45"},"_chains":{"BerpLfj9z4CxIQyIILW23+RVzErZM5/CC/rwelARadJv":{"chainKey":{"counter":20,"key":"L/7f5BAWnsLwjlaBqpP3CACBjWqXSwvntdj/otnBUsg="},"chainType":1,"messageKeys":{}}},"pendingPreKey":{"signedKeyId":1,"baseKey":"BaL6tsIP3mFZg88aGy0ND4hpjfdurNXtGonsgaVQiAln","preKeyId":10420544}}},"version":"v1"}