{"_sessions":{"BbJW+eb1vqpoqmqiBjGPrRBuZ4bLgrxTMjRhFfQXubkl":{"registrationId":151360704,"currentRatchet":{"ephemeralKeyPair":{"pubKey":"Bcxq1zYoBCPswQ5HM9OE84uxmgc5ZeOTAf4tjU80yN07","privKey":"kKaQS9g7L9j68ndlFiFCUSiIl+KK7MrQHP5C4RzrV1M="},"lastRemoteEphemeralKey":"BRDT0afDCl5xXiRnlDPDGguNjj62fUxGzZDrXlfGNFUw","previousCounter":0,"rootKey":"b/ZJU5KBgL7cmqKZWcxE+okQ/wvXdt8OhhdW8tM2CRc="},"indexInfo":{"baseKey":"BbJW+eb1vqpoqmqiBjGPrRBuZ4bLgrxTMjRhFfQXubkl","baseKeyType":1,"closed":-1,"used":1714085805644,"created":1714085805644,"remoteIdentityKey":"BR9waGE2CRj+g3SAMNuo4r5BPdVGsoIzoHa+klxY1HZz"},"_chains":{"Bcxq1zYoBCPswQ5HM9OE84uxmgc5ZeOTAf4tjU80yN07":{"chainKey":{"counter":20,"key":"B1IfEt7nY4r/n11njY/HVzepN/2oSmMrjjn8hRL0Dv8="},"chainType":1,"messageKeys":{}}},"pendingPreKey":{"signedKeyId":2,"baseKey":"BbJW+eb1vqpoqmqiBjGPrRBuZ4bLgrxTMjRhFfQXubkl","preKeyId":10953121}}},"version":"v1"}