{"_sessions":{"BYByDaanW3lt70I6b5PeW7Gyb2aC37tzu+e2bfK7a8ZJ":{"registrationId":2028224601,"currentRatchet":{"ephemeralKeyPair":{"pubKey":"BQHtduR76UzVsjScxPbCV3Gg5/5ttjW2vQZxWBIXGJp8","privKey":"mLMyXUwEkVzUkDUWc26EXf+jzaJC1bANMSv4zB+Jq3I="},"lastRemoteEphemeralKey":"BXTBxVM4DM+P9MO9inqwXVXQYj64IZC3A5CJsn/iafAR","previousCounter":0,"rootKey":"9ZOxqMWdApoHMc8z35ahul5fyjabbyZN4cReBA9ytdQ="},"indexInfo":{"baseKey":"BYByDaanW3lt70I6b5PeW7Gyb2aC37tzu+e2bfK7a8ZJ","baseKeyType":1,"closed":-1,"used":1714085805495,"created":1714085805495,"remoteIdentityKey":"BfLVM/ySbkKNLDdC5ODkEFYJYp9lbEXej0dxfkNTht1Z"},"_chains":{"BQHtduR76UzVsjScxPbCV3Gg5/5ttjW2vQZxWBIXGJp8":{"chainKey":{"counter":20,"key":"WYF08qrwmAznN5PEY29m2br3UeTmgo0L9lwwSfRNKe4="},"chainType":1,"messageKeys":{}}},"pendingPreKey":{"signedKeyId":8,"baseKey":"BYByDaanW3lt70I6b5PeW7Gyb2aC37tzu+e2bfK7a8ZJ","preKeyId":16448490}}},"version":"v1"}