{"_sessions":{"BdZNA3HUQuX8EAs8p9m7YhR3wxVXOd1dpqb+kJ5Y37tF":{"registrationId":1347187723,"currentRatchet":{"ephemeralKeyPair":{"pubKey":"BWYRqA7MDyHlwVrVFwzSnVkFae4wZbO2JCq74EqOYeYs","privKey":"OHhVPF6f/NMpD0LX6QhDxr2Jhwhu3UpxsdMDbfyEBV0="},"lastRemoteEphemeralKey":"BQhGVo6Q+ra7YURTSH20Ih2zabVa8wnprLHvhnNNBGoH","previousCounter":0,"rootKey":"9UcU2K0TMOs4b9SxaFaW+bBiw4lqSMUIjcjePf15CoE="},"indexInfo":{"baseKey":"BdZNA3HUQuX8EAs8p9m7YhR3wxVXOd1dpqb+kJ5Y37tF","baseKeyType":1,"closed":-1,"used":1714085805326,"created":1714085805326,"remoteIdentityKey":"BfK2cz+EN4MTB6Vsv0AM5cn8R0ia9iklq2prXTBrEn9A"},"_chains":{"BWYRqA7MDyHlwVrVFwzSnVkFae4wZbO2JCq74EqOYeYs":{"chainKey":{"counter":20,"key":"uxQHDVwmueaC9m1PqPcQfP8Frqa/GEhXT4HI/hr+CvM="},"chainType":1,"messageKeys":{}}},"pendingPreKey":{"signedKeyId":13,"baseKey":"BdZNA3HUQuX8EAs8p9m7YhR3wxVXOd1dpqb+kJ5Y37tF","preKeyId":761018}}},"version":"v1"}