{"_sessions":{"BT5mZLBY8y7XklvQ2dKMoaS4TqLLRaexmRSMsJVUDhJH":{"registrationId":1551055952,"currentRatchet":{"ephemeralKeyPair":{"pubKey":"BWNh48iw9tBEaqBmBDST6CHjunIMYOJp9LC30skHRyMY","privKey":"6Oj7rjuqwlxMNhIPhUWHZUBD+dtCKG4XsIGK4mSSa1Q="},"lastRemoteEphemeralKey":"BW3PlZhwBzWtOTzn959SfTbTd6WUnQIFvdBx7gLPW7Be","previousCounter":0,"rootKey":"j6DAID/AH8qA0tOHW/fCh1MungJd06VPxMs2vMBu/i4="},"indexInfo":{"baseKey":"BT5mZLBY8y7XklvQ2dKMoaS4TqLLRaexmRSMsJVUDhJH","baseKeyType":1,"closed":-1,"used":1714085805657,"created":1714085805657,"remoteIdentityKey":"BXkLXKL2w7KPe9JkGHVKO2REs9blMTtB90l5+vZR0EwL"},"_chains":{"BWNh48iw9tBEaqBmBDST6CHjunIMYOJp9LC30skHRyMY":{"chainKey":{"counter":20,"key":"7hxzy7J4giFdJ/W5UxPAknmMKdOGm4CLz92OHAUPy0M="},"chainType":1,"messageKeys":{}}},"pendingPreKey":{"signedKeyId":3,"baseKey":"BT5mZLBY8y7XklvQ2dKMoaS4TqLLRaexmRSMsJVUDhJH","preKeyId":10009326}}},"version":"v1"}