{"_sessions":{"BWMW76DJ7PeeQJWDkUbQTSuMOc3Y79RANOFKl09EeM1d":{"registrationId":15127,"currentRatchet":{"ephemeralKeyPair":{"pubKey":"BSQI5tzZyvQI5I2VSmS6PixXK58BbtkwL8eJEcQUz9cp","privKey":"sBfK6hvifjSUtfh1qUVDKAu8ydSaZh+6veoxJ2GIa1Y="},"lastRemoteEphemeralKey":"BUmexYyXSyGij1MMZs2lteRVuG6E/6J97qb/Q7etqQth","previousCounter":0,"rootKey":"Ppc5AOEyJtqBQH381gfNiRFPVevwxSgD5CadbsTdELA="},"indexInfo":{"baseKey":"BWMW76DJ7PeeQJWDkUbQTSuMOc3Y79RANOFKl09EeM1d","baseKeyType":1,"closed":-1,"used":1714085805127,"created":1714085805127,"remoteIdentityKey":"BdBLsD5+dL2GnO7Q8MpA22gRcVbAMPLKozbu8VrMPPUK"},"_chains":{"BSQI5tzZyvQI5I2VSmS6PixXK58BbtkwL8eJEcQUz9cp":{"chainKey":{"counter":20,"key":"SpBVxUI6AwqtWrHb1DeWtxASfwG7fJEQMiR/ygQPgNI="},"chainType":1,"messageKeys":{}}},"pendingPreKey":{"signedKeyId":1,"baseKey":"BWMW76DJ7PeeQJWDkUbQTSuMOc3Y79RANOFKl09EeM1d"}}},"version":"v1"}