{"_sessions":{"BUPWJtA8ex7KwG0yyzta6dsHjBgCqdZpOFapQA2578kR":{"registrationId":1178137470,"currentRatchet":{"ephemeralKeyPair":{"pubKey":"BTSukkMS/9SMlvoHGu6pe3AujiYg1Jo/DuFIQE6jnyQz","privKey":"OKn6nRGkHOyL3Kx4cVOIQnavLgBniUogqGpu11pYjXg="},"lastRemoteEphemeralKey":"BXAwxCGe22eE9I/H406HU7N3i50/NZEPz61DMI3q39le","previousCounter":0,"rootKey":"jQ12K1+4l8CUOIqDY48drbmb9dCipGX8SaH94tZct9g="},"indexInfo":{"baseKey":"BUPWJtA8ex7KwG0yyzta6dsHjBgCqdZpOFapQA2578kR","baseKeyType":1,"closed":-1,"used":1714085805621,"created":1714085805621,"remoteIdentityKey":"BQ3/yQTk6DPIuqlJqeZr9F3AzTazqsZXYElJSwv9aA03"},"_chains":{"BTSukkMS/9SMlvoHGu6pe3AujiYg1Jo/DuFIQE6jnyQz":{"chainKey":{"counter":20,"key":"YVtcQqNhvhSim526kmXcbrzkuCVVQYYgrxmFn7Ry7D0="},"chainType":1,"messageKeys":{}}},"pendingPreKey":{"signedKeyId":4,"baseKey":"BUPWJtA8ex7KwG0yyzta6dsHjBgCqdZpOFapQA2578kR","preKeyId":8525125}}},"version":"v1"}