{"_sessions":{"BWihMeKAdiOhIsekpsb8h9MmantOLT13x1vdOkA1M/kt":{"registrationId":2126864388,"currentRatchet":{"ephemeralKeyPair":{"pubKey":"Ba4SMOxLzBbtkXZbfp4j2cgGy5tdA8wG43eWBibpx/5s","privKey":"gICd2Ajl1l31RKT3HGfxbQo0Bv9avjyGXo39PCx4xHs="},"lastRemoteEphemeralKey":"BYgBk8MNGy9Csz4EvDRproQhvt1vlmceyz1vdyagSjQp","previousCounter":0,"rootKey":"WCVC9kC4SETHS1Foy+53+9fPOw99zM8ldg3M+1L41lc="},"indexInfo":{"baseKey":"BWihMeKAdiOhIsekpsb8h9MmantOLT13x1vdOkA1M/kt","baseKeyType":1,"closed":-1,"used":1714085805646,"created":1714085805646,"remoteIdentityKey":"BZi+AJUqL2FSzmE5wjlV3qFx4+To0vEHBP+qGr4pM+cY"},"_chains":{"Ba4SMOxLzBbtkXZbfp4j2cgGy5tdA8wG43eWBibpx/5s":{"chainKey":{"counter":20,"key":"iXy6MnDvUmvTLnPcBGVPTYPCfJ+296Ig1ZzDPp08T2Q="},"chainType":1,"messageKeys":{}}},"pendingPreKey":{"signedKeyId":5,"baseKey":"BWihMeKAdiOhIsekpsb8h9MmantOLT13x1vdOkA1M/kt"}}},"version":"v1"}