{"_sessions":{"BcI+eaAhzOgCo1FtdXrSWxSAxqux/KWTLtOlWCWwH5tl":{"registrationId":1327734294,"currentRatchet":{"ephemeralKeyPair":{"pubKey":"BZwtRiUTwqfhvBxOVT84RL7NQgLh0X7XMeAQuDHPNNlV","privKey":"WFXoq6bG4OHRLsLh6B5yUfuIrOqSBZmk8LBT/SUpHEQ="},"lastRemoteEphemeralKey":"Bb4z7nCjvhha82jg0YxKNS15dL5r1zG/IbBBlVo6RH4h","previousCounter":0,"rootKey":"3krDlX9vuiHNhQh3hR/FdKYpH7ZVf0yYi5JqPExSJjA="},"indexInfo":{"baseKey":"BcI+eaAhzOgCo1FtdXrSWxSAxqux/KWTLtOlWCWwH5tl","baseKeyType":1,"closed":1714105955044,"used":1714105954882,"created":1714105954882,"remoteIdentityKey":"BawCC8udEylAQ8Oz/U60m/48d1t2q3bpfCSoyMlDD0F/"},"_chains":{"BZwtRiUTwqfhvBxOVT84RL7NQgLh0X7XMeAQuDHPNNlV":{"chainKey":{"counter":0,"key":"pK/cxl6KS0NHx8JCmoDFvKLDJIepKmHswiJmoWGaA/I="},"chainType":1,"messageKeys":{}}},"pendingPreKey":{"signedKeyId":13,"baseKey":"BcI+eaAhzOgCo1FtdXrSWxSAxqux/KWTLtOlWCWwH5tl","preKeyId":10401050}},"BYR4y8Lff2XrP6V5D8g8vFxmbiHBUAHU0N3vLKvpTOdN":{"registrationId":1327734294,"currentRatchet":{"ephemeralKeyPair":{"pubKey":"BRaIGyRAjESqluIZbr5+r2Th/c/PsXES4QC6phG1tSdz","privKey":"2OlHd+AviVgYa6GrhzXaZ1JJXhkM57DlAJ56SCIGdGU="},"lastRemoteEphemeralKey":"BZzmUQx7XOjC0M8Gdeh7kwthN35t+PVldi31BMtyPYtN","previousCounter":-1,"rootKey":"rHGtVHdOe8JgV4BIPm1aMdxY61K9WrRxGKf8phzUURY="},"indexInfo":{"baseKey":"BYR4y8Lff2XrP6V5D8g8vFxmbiHBUAHU0N3vLKvpTOdN","baseKeyType":1,"closed":-1,"used":1714114394221,"created":1714105955042,"remoteIdentityKey":"BawCC8udEylAQ8Oz/U60m/48d1t2q3bpfCSoyMlDD0F/"},"_chains":{"Bbmjy5py2a7J6XGQU0KMI6Kcg/XE5VjG306b8pTifpxV":{"chainKey":{"counter":0},"chainType":2,"messageKeys":{}},"BfMwIiDK0WLIqwO7wCe6rkIjpZT3HPA/qXrK4ZRiK9sV":{"chainKey":{"counter":0},"chainType":2,"messageKeys":{}},"BZzmUQx7XOjC0M8Gdeh7kwthN35t+PVldi31BMtyPYtN":{"chainKey":{"counter":0,"key":"Gdx9CRS5gkv1YnybkhhPWtKFwWOaODzBFvdq5zE4FyI="},"chainType":2,"messageKeys":{}},"BRaIGyRAjESqluIZbr5+r2Th/c/PsXES4QC6phG1tSdz":{"chainKey":{"counter":-1,"key":"UqxO+cO0OvTf7R8XaUxDYu6ZkTa6v65AR0LzqdmaTlA="},"chainType":1,"messageKeys":{}}}}},"version":"v1"}