{"_sessions":{"BflA6MrSfKgk0A3a1IzERUTp1F3PhVLZKZ0VrtDpCFdf":{"registrationId":636796965,"currentRatchet":{"ephemeralKeyPair":{"pubKey":"BUrDPncnPxNE3d/Xr7Q07T9/aPaYRSwaOEoJOvfS8ORy","privKey":"2FcYDDhKuB15gC+bLmqvG13uwRn6prN+0IF5ie4BLnw="},"lastRemoteEphemeralKey":"BUXSCtydH3vxGD39VMBsuXa/g89TlKXrbWHweWpmwRlO","previousCounter":0,"rootKey":"+SfeAXg9JQ0N2XABVouKerBHDvg9wOqj0uK+PugAnbU="},"indexInfo":{"baseKey":"BflA6MrSfKgk0A3a1IzERUTp1F3PhVLZKZ0VrtDpCFdf","baseKeyType":1,"closed":-1,"used":1714086182554,"created":1714085843163,"remoteIdentityKey":"BaFsFRlb+RwuiOqzeJ/WEaUwwZ61smYRD96Z6afnct1V"},"_chains":{"BUXSCtydH3vxGD39VMBsuXa/g89TlKXrbWHweWpmwRlO":{"chainKey":{"counter":0,"key":"6zJinOpN7GieZ/SECIIbM/a8EqreUyJQRhjpRGjftF0="},"chainType":2,"messageKeys":{}},"BUrDPncnPxNE3d/Xr7Q07T9/aPaYRSwaOEoJOvfS8ORy":{"chainKey":{"counter":-1,"key":"6MBQP2Q3Yo9vsCLgfai9fj+cVRTz98zda0FGeRvw9wY="},"chainType":1,"messageKeys":{}}}}},"version":"v1"}