{"_sessions":{"BbAHEXV7Cju5kGcNOU3yGnwnZgvKM6QMR6uymxYTYIUQ":{"registrationId":1746338768,"currentRatchet":{"ephemeralKeyPair":{"pubKey":"BTndaWa2O9bAmJnDGXORZO4dYQOcZwHsy802dCfFE9Nu","privKey":"yEtCaBLADRpRW0xoU9RMDWB2140bxO3FIXyDE9mbn1E="},"lastRemoteEphemeralKey":"BWzn4pcPd97LY2+RdqyCZkq0OFdDEVzpiTOdxEZlLEQw","previousCounter":0,"rootKey":"88F0yhOL5aVJjzD/gfU9VIR6jht/yAPYKIgx/9bCw/g="},"indexInfo":{"baseKey":"BbAHEXV7Cju5kGcNOU3yGnwnZgvKM6QMR6uymxYTYIUQ","baseKeyType":1,"closed":-1,"used":1714085805488,"created":1714085805488,"remoteIdentityKey":"BZ3wDd5qJ1H9Mk2DGjwgZhfh2KOpSYQZIwKBY/SoX+93"},"_chains":{"BTndaWa2O9bAmJnDGXORZO4dYQOcZwHsy802dCfFE9Nu":{"chainKey":{"counter":20,"key":"VdJg4P7M4hVMXqhJRWt/Z189LrMpnOwtOy249oqv3ZU="},"chainType":1,"messageKeys":{}}},"pendingPreKey":{"signedKeyId":3415065,"baseKey":"BbAHEXV7Cju5kGcNOU3yGnwnZgvKM6QMR6uymxYTYIUQ","preKeyId":44}}},"version":"v1"}