{"_sessions":{"BR5GHNDNlMNwnGLOc/Hjc7MEB2Y+bYWw/Z5UzUtjpNcX":{"registrationId":508947263,"currentRatchet":{"ephemeralKeyPair":{"pubKey":"BZ4S47hmZTBkVUa2bLpXc4vosP/hVYydT8hPeq92vrIz","privKey":"UCFXAk8p1RE5NnttfmjYRXlTvXsILfCdbdsR3I+yfls="},"lastRemoteEphemeralKey":"BT6RuxlJnFsUVBR0bnS0gbIcdvTzRCR2p0a9Net8ha8S","previousCounter":0,"rootKey":"PmjrvY5Rkabx8lO2vTXe4G6WgDU25Sp7oZ6LH51ADvQ="},"indexInfo":{"baseKey":"BR5GHNDNlMNwnGLOc/Hjc7MEB2Y+bYWw/Z5UzUtjpNcX","baseKeyType":1,"closed":-1,"used":1714106299322,"created":1714106299322,"remoteIdentityKey":"BVfPuMlnXfpvaftiG/ICa7n5+jg9iUzfnP50hzgatupz"},"_chains":{"BZ4S47hmZTBkVUa2bLpXc4vosP/hVYydT8hPeq92vrIz":{"chainKey":{"counter":0,"key":"iRTXo+mvgPrJTVGLXnoUKpbruvCkIzpuoCESa2vl2Ec="},"chainType":1,"messageKeys":{}}},"pendingPreKey":{"signedKeyId":1,"baseKey":"BR5GHNDNlMNwnGLOc/Hjc7MEB2Y+bYWw/Z5UzUtjpNcX","preKeyId":4838062}}},"version":"v1"}