{"_sessions":{"BW8Dlk/T9mZOEuIhHyGdZm7rX7wJO+CU8ppUuzid28I1":{"registrationId":1070465512,"currentRatchet":{"ephemeralKeyPair":{"pubKey":"BST+wpbyEdPsUCbCJQnrJsDAV/XzLt7koxTbwYw1jcBE","privKey":"QDFzDhekx8I4fa4xppMCm3ZlreuyAcG24EzFWBxuXVg="},"lastRemoteEphemeralKey":"BVkdHraSX0oXwNWC+1UEOEForuRaOfaDGTQfXUbHM79I","previousCounter":0,"rootKey":"Z2i3URjCrKqowa8CYTWaRAc9rSZg1Q6JSsM8ZI5PNgk="},"indexInfo":{"baseKey":"BW8Dlk/T9mZOEuIhHyGdZm7rX7wJO+CU8ppUuzid28I1","baseKeyType":1,"closed":-1,"used":1714085805586,"created":1714085805586,"remoteIdentityKey":"Bcv21hZkY2++z2Bo+IaGMTjPxfheHkQD3+BfhyitGB5Q"},"_chains":{"BST+wpbyEdPsUCbCJQnrJsDAV/XzLt7koxTbwYw1jcBE":{"chainKey":{"counter":20,"key":"2Yg79w4mmGdXcVNKjZR8a5ZmcT8O+ePRKW+fHIZJnSM="},"chainType":1,"messageKeys":{}}},"pendingPreKey":{"signedKeyId":4,"baseKey":"BW8Dlk/T9mZOEuIhHyGdZm7rX7wJO+CU8ppUuzid28I1","preKeyId":5528934}}},"version":"v1"}