{"_sessions":{"BW2fegwiN3WKYlPPRrkkhcOLRguT9rd4mb4cXY19srB0":{"registrationId":1492568208,"currentRatchet":{"ephemeralKeyPair":{"pubKey":"BX8iY2E/r1Y4NVubZ3OXv4l77UxR/Gnnj3h6VfIOU4wR","privKey":"ePTGaLu04KiQZ2gniR+LMov7nRwijzd8CVBV7nu1KVg="},"lastRemoteEphemeralKey":"BdJtHTg3qzMnD84uP1pHT1dKk9oRbTEMu7DFtDmknVhk","previousCounter":0,"rootKey":"aCqGCcQDVqucpG7Lpe4BoFs9r1VwcS1y7a5f73E6+rM="},"indexInfo":{"baseKey":"BW2fegwiN3WKYlPPRrkkhcOLRguT9rd4mb4cXY19srB0","baseKeyType":1,"closed":-1,"used":1714085843143,"created":1714085843143,"remoteIdentityKey":"BQiOtXDXaYnF9WNB50Pg9nvbbkEAQDIFa+4DfhECyR9W"},"_chains":{"BX8iY2E/r1Y4NVubZ3OXv4l77UxR/Gnnj3h6VfIOU4wR":{"chainKey":{"counter":0,"key":"D47gjkWlm/uDT8P3rSRxrhExx5Y+RpN/MJzK0zM5FFU="},"chainType":1,"messageKeys":{}}},"pendingPreKey":{"signedKeyId":8,"baseKey":"BW2fegwiN3WKYlPPRrkkhcOLRguT9rd4mb4cXY19srB0","preKeyId":10006765}}},"version":"v1"}