{"_sessions":{"BTzXo/efYFwze5XcrOpziblo/IyDEiuwOghCq962Abcl":{"registrationId":1345057301,"currentRatchet":{"ephemeralKeyPair":{"pubKey":"BS/ONgXB0Lug9+EtlIaWMYt1rxrFea4kpBvqAoW1G9cP","privKey":"AGPgTtBgZd0zgoGswB1rcISzZ+8HDUOx3kypqyngzUw="},"lastRemoteEphemeralKey":"Bfb7hjVgfhmYRqsVRUDmbQ7bRLvVd5L33O0HThnfc38U","previousCounter":0,"rootKey":"KUDle7lwTaCnkZdTLjojhwFwFhqirbx1dO5agm8BMlA="},"indexInfo":{"baseKey":"BTzXo/efYFwze5XcrOpziblo/IyDEiuwOghCq962Abcl","baseKeyType":1,"closed":-1,"used":1714085805681,"created":1714085805681,"remoteIdentityKey":"BR28D5P9IZXvh7VIoqrfxaIvNZQwlkphIe14WfPDMaQv"},"_chains":{"BS/ONgXB0Lug9+EtlIaWMYt1rxrFea4kpBvqAoW1G9cP":{"chainKey":{"counter":20,"key":"qFW+KP+X+zRKJDnslrBWcyD6g0YJiogOen+20XsyywY="},"chainType":1,"messageKeys":{}}},"pendingPreKey":{"signedKeyId":2,"baseKey":"BTzXo/efYFwze5XcrOpziblo/IyDEiuwOghCq962Abcl","preKeyId":16291398}}},"version":"v1"}