{"_sessions":{"BY0hvPDhKriul2bmLDB714OeB/YQgtp3ZgqTWLafhBcz":{"registrationId":2136671599,"currentRatchet":{"ephemeralKeyPair":{"pubKey":"BQe1QM3k0DCOfKZ/0zPvRy18slyfQvO0l/NkaSrGkYxt","privKey":"sEve+CCymbdWzWo2BEtMVkwsNCiKv6pP4suoj+V0J3c="},"lastRemoteEphemeralKey":"BdmvIdlChvG+znO3hx5/fkkXucJRIvsVBIiZBvaxahwM","previousCounter":0,"rootKey":"tX9rfyuBf6FNXu+mpNrnJ+bSX7YLSqdIM3op+9TX/Ic="},"indexInfo":{"baseKey":"BY0hvPDhKriul2bmLDB714OeB/YQgtp3ZgqTWLafhBcz","baseKeyType":1,"closed":-1,"used":1714085843156,"created":1714085843156,"remoteIdentityKey":"BSVMgEtgbZY3wedffgAmC3yQOIj4NVlI/NCoCp6gyEIC"},"_chains":{"BQe1QM3k0DCOfKZ/0zPvRy18slyfQvO0l/NkaSrGkYxt":{"chainKey":{"counter":0,"key":"Q2sZokUvDYtFaadN1RDrWBs1fj69or989YvDIWakTF0="},"chainType":1,"messageKeys":{}}},"pendingPreKey":{"signedKeyId":7,"baseKey":"BY0hvPDhKriul2bmLDB714OeB/YQgtp3ZgqTWLafhBcz","preKeyId":11446741}}},"version":"v1"}