{"_sessions":{"BehnbhAidu9EfhnLLzN2fRcqNPowsgl06CDd21bLFvEB":{"registrationId":777233846,"currentRatchet":{"ephemeralKeyPair":{"pubKey":"BekXlQVGjeW6KWNQBUvA9KHah+W7u3ffNNnpTMGWVuw+","privKey":"CCkaIutAj5UFxzQr9uVWTKHxhMgpeGP5a8ZgP9GIDG0="},"lastRemoteEphemeralKey":"BbhPDOnXMGV7zjMRDkGBue1mprf5ywvJ0fDn0g32a/1Z","previousCounter":0,"rootKey":"9lcl/0X3bIZCffxmOTxsI411Dx/YIbmSL7JPz5zGQQU="},"indexInfo":{"baseKey":"BehnbhAidu9EfhnLLzN2fRcqNPowsgl06CDd21bLFvEB","baseKeyType":1,"closed":-1,"used":1714106011959,"created":1714106011959,"remoteIdentityKey":"Bfs+UZLMzqZUnQ1Mel1AwAiGYMl9TlSlAPj2D7yKPV0o"},"_chains":{"BekXlQVGjeW6KWNQBUvA9KHah+W7u3ffNNnpTMGWVuw+":{"chainKey":{"counter":6,"key":"svizt94lMffFm3k1G+FLCSX+ay99m2IizWhmVcf0qWk="},"chainType":1,"messageKeys":{}}},"pendingPreKey":{"signedKeyId":2,"baseKey":"BehnbhAidu9EfhnLLzN2fRcqNPowsgl06CDd21bLFvEB","preKeyId":4635672}}},"version":"v1"}