{"_sessions":{"BWT2AqQ+39GhK6rel5QdLwjHxtXqnQVwnOZo+SOEnB9V":{"registrationId":593584163,"currentRatchet":{"ephemeralKeyPair":{"pubKey":"BbxJGkkKnJz2jKcKS3PFKghr1v0BbHgxdFA0s5PPmeVr","privKey":"GEEqN/8lLrc4Km+HY6HBl/YC7llcBMEOU8WyzwmVc3s="},"lastRemoteEphemeralKey":"BcFnbmEmBa4GarTXCAI6CLAiqsB3WUJYPTuNWnLTLbRs","previousCounter":0,"rootKey":"GH9RW5cxn8N+zc9E8FToSWwsuh6sUtRfck/7ftPO1J4="},"indexInfo":{"baseKey":"BWT2AqQ+39GhK6rel5QdLwjHxtXqnQVwnOZo+SOEnB9V","baseKeyType":1,"closed":-1,"used":1714106299336,"created":1714106299336,"remoteIdentityKey":"BRgzYEQx5AkkVSKk/DcGf3iyv7/zzu+kBshMbGyPgq0M"},"_chains":{"BbxJGkkKnJz2jKcKS3PFKghr1v0BbHgxdFA0s5PPmeVr":{"chainKey":{"counter":0,"key":"wNxjJefYGaXu0nLFCjGGlOqI3XF3Xi7gLgJFcG/Mpc8="},"chainType":1,"messageKeys":{}}},"pendingPreKey":{"signedKeyId":0,"baseKey":"BWT2AqQ+39GhK6rel5QdLwjHxtXqnQVwnOZo+SOEnB9V","preKeyId":11190489}}},"version":"v1"}