{"_sessions":{"BWwkRN2mB5lEtPAgOOxr51DLHqt/NgnPE3KkSW1s8/Zy":{"registrationId":1977992322,"currentRatchet":{"ephemeralKeyPair":{"pubKey":"BebqYGtjR/QfeCngF9Rdqt9moVb6RThQQCxXS/+P1WYh","privKey":"gPXgf0JdS00LCVWSSVtyqle/nj/DAqOqKjnl7gHqJWA="},"lastRemoteEphemeralKey":"BbopKIUS6keIZ9A2ymOqmwXssCG0L9/QvqSawJ7m8xJ/","previousCounter":0,"rootKey":"qtERyWDyl9ZW7dhlBoM8ojRxQDWCUHZxyZeTqF9PN6c="},"indexInfo":{"baseKey":"BWwkRN2mB5lEtPAgOOxr51DLHqt/NgnPE3KkSW1s8/Zy","baseKeyType":1,"closed":-1,"used":1714106011985,"created":1714106011985,"remoteIdentityKey":"BeT5ROHxcPgpQf1p5v+fCrIsbOKplSkn8pQbImksGB8o"},"_chains":{"BebqYGtjR/QfeCngF9Rdqt9moVb6RThQQCxXS/+P1WYh":{"chainKey":{"counter":6,"key":"aHVzxTsQjTNipPmx+wTpGg6lC/RNa6s9iTNdhJrDRYs="},"chainType":1,"messageKeys":{}}},"pendingPreKey":{"signedKeyId":11,"baseKey":"BWwkRN2mB5lEtPAgOOxr51DLHqt/NgnPE3KkSW1s8/Zy","preKeyId":4226607}}},"version":"v1"}