{"_sessions":{"BUuUV9LuCUryBPtmuaJLm2Wijbsm7TPhENkP5Ha4hTB9":{"registrationId":605844706,"currentRatchet":{"ephemeralKeyPair":{"pubKey":"BXrCaF10bfgcnTI/s0z4agAbFH18fA7X/4gprbL7m68z","privKey":"GGpoRhv/hO2MWaqh5hfhoRPeC5N0mRMzAehv1aUAj0U="},"lastRemoteEphemeralKey":"Bbn13vrxpknsoZck28QdyTjvCUmQ1e6xw29eGwmbOkZs","previousCounter":0,"rootKey":"C3+OHDd9yeJkj/WIvJ/6QejYstagXSsfJRUyUOUbg98="},"indexInfo":{"baseKey":"BUuUV9LuCUryBPtmuaJLm2Wijbsm7TPhENkP5Ha4hTB9","baseKeyType":1,"closed":-1,"used":1714085805693,"created":1714085805693,"remoteIdentityKey":"Bc3Lj9tJfb5J1mWRHB0UQmZ48CShEU+7b53bNJXcR/gO"},"_chains":{"BXrCaF10bfgcnTI/s0z4agAbFH18fA7X/4gprbL7m68z":{"chainKey":{"counter":20,"key":"kY0l38bQGeGGEgAJ9TZf6bWw3ARwIocPeN/UGfkxFes="},"chainType":1,"messageKeys":{}}},"pendingPreKey":{"signedKeyId":3,"baseKey":"BUuUV9LuCUryBPtmuaJLm2Wijbsm7TPhENkP5Ha4hTB9","preKeyId":1672673}}},"version":"v1"}