{"_sessions":{"BafcWZzmUfhE6/PV0Ih3gxvJjHu5ZBoIxavxn1yB8f00":{"registrationId":553505375,"currentRatchet":{"ephemeralKeyPair":{"pubKey":"BXUg8oTBGiYlibE2Wvbo/IUNOriz7t/VfDi2qoq2/tpf","privKey":"2FqXHnPqn7oCpGZ6jpo9R0xpbRx9oDTT7Hb8jEzNMFM="},"lastRemoteEphemeralKey":"BSgA9mNJL31oDk41fS3ANlZeoSzmsVNlwFuoiI1hsDoy","previousCounter":0,"rootKey":"IBoCzLW6tXEMbkJNhKDny+ma9ysJwVRqkzJk9NPcork="},"indexInfo":{"baseKey":"BafcWZzmUfhE6/PV0Ih3gxvJjHu5ZBoIxavxn1yB8f00","baseKeyType":1,"closed":-1,"used":1714085805550,"created":1714085805550,"remoteIdentityKey":"BfrqKcznq4o2PUdeWhcEGs/bEVIflwA9H4Rg1wYV/1ox"},"_chains":{"BXUg8oTBGiYlibE2Wvbo/IUNOriz7t/VfDi2qoq2/tpf":{"chainKey":{"counter":20,"key":"om5bVlQFdOzi4TIjvwNS4HJdBYqjfQLO4Dp9rMYSyKI="},"chainType":1,"messageKeys":{}}},"pendingPreKey":{"signedKeyId":7,"baseKey":"BafcWZzmUfhE6/PV0Ih3gxvJjHu5ZBoIxavxn1yB8f00","preKeyId":15835724}}},"version":"v1"}