{"_sessions":{"Ba0KfhfvBXs6R8fsrB4D4WC0kQ987qrppWhWMH9SuIQS":{"registrationId":206650159,"currentRatchet":{"ephemeralKeyPair":{"pubKey":"BbCODKeGh4H2upZCPPRXly93HbYimkzKY/IriFneCu9o","privKey":"4AT2tVafVWgXruAd6rC9Tq9DI5aTtNl2O6lfVW2vpFI="},"lastRemoteEphemeralKey":"Ba6WlYBqG0pxXycd9J1/VG4tQ8eCJ5vqnWhKA2GcjB1J","previousCounter":0,"rootKey":"xh5qd8YhIlAy4sYSGNvuiE33QMWTePNo3JLdA+BQ5Ms="},"indexInfo":{"baseKey":"Ba0KfhfvBXs6R8fsrB4D4WC0kQ987qrppWhWMH9SuIQS","baseKeyType":1,"closed":-1,"used":1714085805344,"created":1714085805344,"remoteIdentityKey":"BRaWTvO9df/EnkXMlZlEieTtSbLCHMYfq77i+iRN7dFD"},"_chains":{"BbCODKeGh4H2upZCPPRXly93HbYimkzKY/IriFneCu9o":{"chainKey":{"counter":20,"key":"HYOu5vyndJNPaXLv9XON30zrEH/wj9oHm9lw3afz/Vo="},"chainType":1,"messageKeys":{}}},"pendingPreKey":{"signedKeyId":2,"baseKey":"Ba0KfhfvBXs6R8fsrB4D4WC0kQ987qrppWhWMH9SuIQS","preKeyId":14730223}}},"version":"v1"}