{"_sessions":{"BQInWMMzZKhFRUIKomO3xFjQIm7ArWH+vQbxegylaeAZ":{"registrationId":771677466,"currentRatchet":{"ephemeralKeyPair":{"pubKey":"BVYI/ThyHgGz8FcBBlxFXXwbeGWS3eXgyeW9qCm3AqQJ","privKey":"uHTg8sfH4ZJffqC0UMsHhjpcNsbLirJbSvFoVt1coFM="},"lastRemoteEphemeralKey":"Ba7omLDCQyOZpc+PVCLpm13XCgUGJBfiZ0GZH/oJBP15","previousCounter":0,"rootKey":"qU172fEXyG72ZaYeUqmmcTExFixaXdFDCkcHkPp0M6U="},"indexInfo":{"baseKey":"BQInWMMzZKhFRUIKomO3xFjQIm7ArWH+vQbxegylaeAZ","baseKeyType":1,"closed":-1,"used":1714085805391,"created":1714085805391,"remoteIdentityKey":"BXUsz7dnVFq3HjPEb03Oc2p6TocXwTd7R+4Mzto+RcQ1"},"_chains":{"BVYI/ThyHgGz8FcBBlxFXXwbeGWS3eXgyeW9qCm3AqQJ":{"chainKey":{"counter":20,"key":"fkLrMZ870g0pOL40yYoC0TnEYmHfxDyS+5QlIKwisoA="},"chainType":1,"messageKeys":{}}},"pendingPreKey":{"signedKeyId":3,"baseKey":"BQInWMMzZKhFRUIKomO3xFjQIm7ArWH+vQbxegylaeAZ","preKeyId":12507314}}},"version":"v1"}