{"_sessions":{"BV1hUtfhL9TCPZvDcUvDrAZnnBEMwfcXRUbYUucVkjR6":{"registrationId":1522396682,"currentRatchet":{"ephemeralKeyPair":{"pubKey":"BWC4KC2/lmlwZQ5KrWVCIL4agbCMPLM+1/YFL5cYrVQ3","privKey":"yBU3IOtkQ3aVO+kUtIv/lo45Bd/G6WwUA4cJrk+39mM="},"lastRemoteEphemeralKey":"BejJOD60ThLMJ4HJ0PabVXJBY/5aABHUQyDMLUStYmp5","previousCounter":0,"rootKey":"s5Sr9dlCFSKX6493tRYv+7Md/DW3VqvgoBNp813wwdQ="},"indexInfo":{"baseKey":"BV1hUtfhL9TCPZvDcUvDrAZnnBEMwfcXRUbYUucVkjR6","baseKeyType":1,"closed":-1,"used":1714085843141,"created":1714085843141,"remoteIdentityKey":"BTViMnY3oxUc5DVTDRZeKMbcO7akh5RJbOwDHtAjfLsX"},"_chains":{"BWC4KC2/lmlwZQ5KrWVCIL4agbCMPLM+1/YFL5cYrVQ3":{"chainKey":{"counter":0,"key":"z4H5mD/PrrPgYYhEfodQHF2vfweJRWVWlfLqeeun4RY="},"chainType":1,"messageKeys":{}}},"pendingPreKey":{"signedKeyId":11,"baseKey":"BV1hUtfhL9TCPZvDcUvDrAZnnBEMwfcXRUbYUucVkjR6","preKeyId":4136268}}},"version":"v1"}