{"_sessions":{"BQD8C8OnPFvcVyhX+SmFN7Py7sb48B6/lKwIl4RpbiQ/":{"registrationId":9749,"currentRatchet":{"ephemeralKeyPair":{"pubKey":"BcaBeflh8WiPe3nfHA9mVoXSCMcoYU7NslNmOuwau749","privKey":"SOhIUG9yt0BKeNpLzKo7+QwH46rjAr39AZvjjB1vv3Y="},"lastRemoteEphemeralKey":"BZIMmm7QEF2Ne8DR8LQZ57cWGP0jKUrzGzGYldAIT245","previousCounter":0,"rootKey":"Z1nonG0F9WgIusKOUw52sBagKoWFjIoXNsJ205+JxeI="},"indexInfo":{"baseKey":"BQD8C8OnPFvcVyhX+SmFN7Py7sb48B6/lKwIl4RpbiQ/","baseKeyType":1,"closed":-1,"used":1714085805228,"created":1714085805228,"remoteIdentityKey":"BeK8raRBQXVvWXO1Wj73LoXPH562jRZkw+rIdlwzxtg1"},"_chains":{"BcaBeflh8WiPe3nfHA9mVoXSCMcoYU7NslNmOuwau749":{"chainKey":{"counter":20,"key":"zGSDrdrbtsfXpTF5tsvgTNnGEejq2wwvTjZcONFeYcw="},"chainType":1,"messageKeys":{}}},"pendingPreKey":{"signedKeyId":1,"baseKey":"BQD8C8OnPFvcVyhX+SmFN7Py7sb48B6/lKwIl4RpbiQ/"}}},"version":"v1"}