{"_sessions":{"BZalFyRTl1YIuYw3Xb0dA7sxhFOhblpLhaNokfx5RX1v":{"registrationId":5855,"currentRatchet":{"ephemeralKeyPair":{"pubKey":"Ba0+EIVazVeefGVIRKXSW2/XDVYiwUoHktp8YBoeJ+sd","privKey":"CE1LaEVmLsAsLGGRulKdgowmHRDazugGzLolBLYg4ks="},"lastRemoteEphemeralKey":"BVdpOwBjhCNdtxcXhXtSDgbx0o4THzXNW+cUmY0+SbAO","previousCounter":0,"rootKey":"d9xv2D3oDBzbNYpYz0Ye5z4pfuVyGiOXqLszD502CsA="},"indexInfo":{"baseKey":"BZalFyRTl1YIuYw3Xb0dA7sxhFOhblpLhaNokfx5RX1v","baseKeyType":1,"closed":-1,"used":1714085805222,"created":1714085805222,"remoteIdentityKey":"BbYjaUxnlRHNRts56WtIvGK7+A6ngU1LvUdRfuwD3fha"},"_chains":{"Ba0+EIVazVeefGVIRKXSW2/XDVYiwUoHktp8YBoeJ+sd":{"chainKey":{"counter":20,"key":"yRuj/YgHXCqSSYKhx+IgQjwUZHtB28qkozMPr2+r04g="},"chainType":1,"messageKeys":{}}},"pendingPreKey":{"signedKeyId":4,"baseKey":"BZalFyRTl1YIuYw3Xb0dA7sxhFOhblpLhaNokfx5RX1v"}}},"version":"v1"}