{"_sessions":{"BXIG7jQ7ScAIsJyhq4m8mrBtVKGukl3vuyNdUkWqMadY":{"registrationId":1897652780,"currentRatchet":{"ephemeralKeyPair":{"pubKey":"BTetURkV5Qi+FWMv7h+x6TgphzsIB3q3rLWHtTA3+J5j","privKey":"oGYwZOOsbNpqHIayeX7BE1KNxDUHhckzyvsZB32K01w="},"lastRemoteEphemeralKey":"Bb81YQFKJOtsmL+Yg+q1B2rAnDt2Fj446rJUCPh//qxt","previousCounter":0,"rootKey":"CinJol4At+/rm10vgQENFpeDPEWSav2CIg0G+x3auVk="},"indexInfo":{"baseKey":"BXIG7jQ7ScAIsJyhq4m8mrBtVKGukl3vuyNdUkWqMadY","baseKeyType":1,"closed":-1,"used":1714106011969,"created":1714106011969,"remoteIdentityKey":"BcxUjeSlZOTRDNTN2SGSsFR+sYvDlPKwwZvMeaf9RZYN"},"_chains":{"BTetURkV5Qi+FWMv7h+x6TgphzsIB3q3rLWHtTA3+J5j":{"chainKey":{"counter":6,"key":"MjgCYKgKBBNI/LNu10mnN0QrBvnSr471lg6EZOjgRzU="},"chainType":1,"messageKeys":{}}},"pendingPreKey":{"signedKeyId":23,"baseKey":"BXIG7jQ7ScAIsJyhq4m8mrBtVKGukl3vuyNdUkWqMadY"}}},"version":"v1"}