{"_sessions":{"BfzOKODw+1YE3cdgLkChxrXKoQ7V/PEbCg8AQ4K/5646":{"registrationId":12987,"currentRatchet":{"ephemeralKeyPair":{"pubKey":"Bd6ZYOkn3GeI57PbYS/8WknWS7tjeyHHVuc0zuKspwUT","privKey":"6NOBvhTwhpVZ1RNJbkXp52KIFTZQmY9ULx0oYEPDV28="},"lastRemoteEphemeralKey":"BS7Z98LMcC8rGRrT7bmku8m7usImGkUq8d5MXl4RdDl4","previousCounter":0,"rootKey":"xE1DSol4+Bo0NcbDzpH02RWedzpeg10Tpio3WKYVtt0="},"indexInfo":{"baseKey":"BfzOKODw+1YE3cdgLkChxrXKoQ7V/PEbCg8AQ4K/5646","baseKeyType":1,"closed":-1,"used":1714085805174,"created":1714085805174,"remoteIdentityKey":"Bb9netk6lcsg4sNJ25Ou+OVX2OSLtcn1LWJw/FUt1yE+"},"_chains":{"Bd6ZYOkn3GeI57PbYS/8WknWS7tjeyHHVuc0zuKspwUT":{"chainKey":{"counter":3,"key":"4aPB30sRAYN7OFf110pK4kowFU5Xj3JC91cUWhp7stg="},"chainType":1,"messageKeys":{}}},"pendingPreKey":{"signedKeyId":1,"baseKey":"BfzOKODw+1YE3cdgLkChxrXKoQ7V/PEbCg8AQ4K/5646"}}},"version":"v1"}