{"_sessions":{"BRyTm0h4PpZE9U9U6kqJ6zXyD3wmvg5HacCagc/R0HZ6":{"registrationId":1139831558,"currentRatchet":{"ephemeralKeyPair":{"pubKey":"BfNb82ow0BdSqSR7UnT+4A9ZUEGyQKqeBZ6Hd+BnYCxd","privKey":"YGIqykZ3tyEQnNRLCo+8xOKAtLuVocadZ6og1F9iElo="},"lastRemoteEphemeralKey":"BVm8/eV7YUFqzu0835UcE+09wkoot0TsJ4tOTejFjrxc","previousCounter":0,"rootKey":"kC5+wv9GCBV2KDzMwTsvFe5Igny6MNaqvn2HDWQzb40="},"indexInfo":{"baseKey":"BRyTm0h4PpZE9U9U6kqJ6zXyD3wmvg5HacCagc/R0HZ6","baseKeyType":2,"closed":-1,"used":1714108038849,"created":1714108038849,"remoteIdentityKey":"BUIaylYC2ePg+1mCOnBd/yUVVzZw7Kp/tndj7VzwZBYn"},"_chains":{"BVm8/eV7YUFqzu0835UcE+09wkoot0TsJ4tOTejFjrxc":{"chainKey":{"counter":0,"key":"rYLmopVMSizpgj32e5zrTas7tKRUi/p63o3XS5bkkR8="},"chainType":2,"messageKeys":{}},"BfNb82ow0BdSqSR7UnT+4A9ZUEGyQKqeBZ6Hd+BnYCxd":{"chainKey":{"counter":-1,"key":"ptF1wTGcyJqCEBax2O8ePYopcxR+dqpNWTNX38t/0FE="},"chainType":1,"messageKeys":{}}}}},"version":"v1"}