{"_sessions":{"BeX+HV28KnOzn9Fp2iBkNYQb8ONqLIDQlCv/wQ64G3MF":{"registrationId":1930163996,"currentRatchet":{"ephemeralKeyPair":{"pubKey":"BaKH03LqOZgmgbKCifBRHAMSCQOx0WdN37aeD6U3ZzFq","privKey":"0Mp4rEbyXV/9WGSuWE3rJHM66qff8BfVzp7K33BKR1g="},"lastRemoteEphemeralKey":"BQ13ReKmU+5GFtR5LgYMMFI7JmsX1lNNe8+PegX0dXgt","previousCounter":0,"rootKey":"ztV1GYYw6FBxyqqqTj3e6Z3Qm0AX8MbzJHxFOuLIrpY="},"indexInfo":{"baseKey":"BeX+HV28KnOzn9Fp2iBkNYQb8ONqLIDQlCv/wQ64G3MF","baseKeyType":1,"closed":-1,"used":1714106011996,"created":1714106011996,"remoteIdentityKey":"BcQ/AOq7Au8G4gsBkAgKXpzJRhCPBRMH3X0RX1/G35c7"},"_chains":{"BaKH03LqOZgmgbKCifBRHAMSCQOx0WdN37aeD6U3ZzFq":{"chainKey":{"counter":6,"key":"Nq/Jru8g22E3k69ZobZvyzB3E3l15PjqZPuYpjXYRXo="},"chainType":1,"messageKeys":{}}},"pendingPreKey":{"signedKeyId":4,"baseKey":"BeX+HV28KnOzn9Fp2iBkNYQb8ONqLIDQlCv/wQ64G3MF","preKeyId":1750754}}},"version":"v1"}