{"_sessions":{"BbaUa40UwElwSWhwJHF8RneBeAfXAjDaX5RSIDy+qghY":{"registrationId":1457631911,"currentRatchet":{"ephemeralKeyPair":{"pubKey":"BS9IbF9mBF9CVvh83TDK2IPMoscmbLvh7z01g8t6PjFH","privKey":"6F1iVDJ0nmHGpnTI3tI7fPacwYURIVB4B2NwL+eTkmc="},"lastRemoteEphemeralKey":"Bb+2fZC71dmA3Ud1U668RFyyZaK6gcmoShz25wyTvkA4","previousCounter":0,"rootKey":"hjvf12RbqWCHTytj8TEXHkkhPI48P5WXt5tfFHvTgTo="},"indexInfo":{"baseKey":"BbaUa40UwElwSWhwJHF8RneBeAfXAjDaX5RSIDy+qghY","baseKeyType":1,"closed":-1,"used":1714085805739,"created":1714085805739,"remoteIdentityKey":"BR4RDgBjNZk+VylbfDS71Kk/pWEYKI06yG6yDdzQoas1"},"_chains":{"BS9IbF9mBF9CVvh83TDK2IPMoscmbLvh7z01g8t6PjFH":{"chainKey":{"counter":20,"key":"lzFw79kORhukM1rgRPTWopr9OPRXUD5Afyupnn7DEag="},"chainType":1,"messageKeys":{}}},"pendingPreKey":{"signedKeyId":6,"baseKey":"BbaUa40UwElwSWhwJHF8RneBeAfXAjDaX5RSIDy+qghY","preKeyId":15315789}}},"version":"v1"}