{"_sessions":{"BZhiNZ/iGf2XINdeMyQm3CrhKplt6eJin9/IA7OrnmNL":{"registrationId":949960084,"currentRatchet":{"ephemeralKeyPair":{"pubKey":"BaEbMrsxWspMPBt5nDx+RnXCMP+cMrZ8ZK0I0ymUEIhV","privKey":"oLL9egaz7jwgqVpqNpxc1ibZzu5/dR4rjoXG5zOPkXo="},"lastRemoteEphemeralKey":"BWWnvfSc91O/U9F7FrpIuSr1mepOVq5Vfd4HyBaRee5o","previousCounter":0,"rootKey":"cBRejPQSEmlt4Hy148NV32L4yTV/+XV6kpBFs+d2QIY="},"indexInfo":{"baseKey":"BZhiNZ/iGf2XINdeMyQm3CrhKplt6eJin9/IA7OrnmNL","baseKeyType":1,"closed":-1,"used":1714085805368,"created":1714085805368,"remoteIdentityKey":"Be/MSERmQ5VoR+xAExjobLPY1pdBlakx3bvhxu8Xexpt"},"_chains":{"BaEbMrsxWspMPBt5nDx+RnXCMP+cMrZ8ZK0I0ymUEIhV":{"chainKey":{"counter":20,"key":"jSBgNPQjeYUHqdFy44BwrG9IBuqRCxx25vp3nwqW4qE="},"chainType":1,"messageKeys":{}}},"pendingPreKey":{"signedKeyId":7,"baseKey":"BZhiNZ/iGf2XINdeMyQm3CrhKplt6eJin9/IA7OrnmNL","preKeyId":7723700}}},"version":"v1"}