{"_sessions":{"BTb64Swz+5oQAX4hIIbbOyJoLLUQy1pgK7DN5p1K184W":{"registrationId":444442485,"currentRatchet":{"ephemeralKeyPair":{"pubKey":"BZ+E1ZV4VnWXkCu2tjcMBxJIU9KGFwSvGEekVEL//9FP","privKey":"kJlEqqUDNnihJPZ4qTslik1Y+UBv0rxeyr/l1gjuUEg="},"lastRemoteEphemeralKey":"BU32B9QzcA/aoAUoLJcbSOIhaL+IPVBUq3WzHzWO1xBC","previousCounter":20,"rootKey":"BPwp/ImR7WMG5X4CBtBooKNByO6b/Er4b5IPxG+mgj0="},"indexInfo":{"baseKey":"BTb64Swz+5oQAX4hIIbbOyJoLLUQy1pgK7DN5p1K184W","baseKeyType":1,"closed":-1,"used":1714114463716,"created":1714085805394,"remoteIdentityKey":"Be5obaqnTWaNm8AxqmpRlUoy0HmDLctxQty85UKlbtpO"},"_chains":{"BU32B9QzcA/aoAUoLJcbSOIhaL+IPVBUq3WzHzWO1xBC":{"chainKey":{"counter":0,"key":"yAR6jNGNOPUaWX42p0eSnwdTMyZmdZFZGv6ryGA7ieQ="},"chainType":2,"messageKeys":{}},"BZ+E1ZV4VnWXkCu2tjcMBxJIU9KGFwSvGEekVEL//9FP":{"chainKey":{"counter":-1,"key":"sSyA2SHaH9Y9nj+KGho+MxS5O8z5uT/cPWX46Cph+TA="},"chainType":1,"messageKeys":{}}}}},"version":"v1"}