{"_sessions":{"BZaZ4RdxZ6di8kl0DGVH6gOHcCIIUJlP0LLWQTBIUUpP":{"registrationId":1048015376,"currentRatchet":{"ephemeralKeyPair":{"pubKey":"BSkwkeKSvZr63gjoV6eZQGYPB58V3r36DBFBHd/jMJQA","privKey":"WL9FknTVfHD0vR+ikFuzRb6AkwLA9ARZartVyI2xPVQ="},"lastRemoteEphemeralKey":"BSplq0VGZXxVX7NH9NlC7JTGmYuLcRt8w7kUntlsGdEI","previousCounter":0,"rootKey":"MBkwYumsGvSwhz/2almmiqh51TUFnLkug/qgiBs0Fdk="},"indexInfo":{"baseKey":"BZaZ4RdxZ6di8kl0DGVH6gOHcCIIUJlP0LLWQTBIUUpP","baseKeyType":1,"closed":-1,"used":1714085805664,"created":1714085805664,"remoteIdentityKey":"BdjTbT5yZwujUbGNpeujyWA1EXE5cSx2SqUepnGE1P9Z"},"_chains":{"BSkwkeKSvZr63gjoV6eZQGYPB58V3r36DBFBHd/jMJQA":{"chainKey":{"counter":20,"key":"o3ZH8M3HBcI3f16Tg4m3ksmxCKm/MS1GkNIIk2xdNxw="},"chainType":1,"messageKeys":{}}},"pendingPreKey":{"signedKeyId":24,"baseKey":"BZaZ4RdxZ6di8kl0DGVH6gOHcCIIUJlP0LLWQTBIUUpP","preKeyId":12604478}}},"version":"v1"}