{"_sessions":{"BYn5AdnKbQ+gDFDUcaUJBGA2QRKhcGKvsKvT4r/FLbUl":{"registrationId":428453394,"currentRatchet":{"ephemeralKeyPair":{"pubKey":"BXkAZhjJs/dqmlrZkwTPx8lnFvE9jhujgq4IFwn8sLJ+","privKey":"AO7fEpiM1diS0eTFKFwV6000I500vEjejp/4GqYZzns="},"lastRemoteEphemeralKey":"BQw3C9obKU2eFRCq6iJs37GjWSfD49lY93IsaEpkiX4X","previousCounter":0,"rootKey":"8XbzxD6wBNSUmxuBJxMZj/N7oKKMTQp0UCn2xu/t8kg="},"indexInfo":{"baseKey":"BYn5AdnKbQ+gDFDUcaUJBGA2QRKhcGKvsKvT4r/FLbUl","baseKeyType":1,"closed":-1,"used":1714085805493,"created":1714085805493,"remoteIdentityKey":"BTlLn7296yyvIfXVvVjlXYkQE0cwClSM8/36U9S2FjAa"},"_chains":{"BXkAZhjJs/dqmlrZkwTPx8lnFvE9jhujgq4IFwn8sLJ+":{"chainKey":{"counter":20,"key":"2XSIYXSPIbn4xgfIBtWy/5K/kEmQpHeJtgoCvMI71Yc="},"chainType":1,"messageKeys":{}}},"pendingPreKey":{"signedKeyId":10,"baseKey":"BYn5AdnKbQ+gDFDUcaUJBGA2QRKhcGKvsKvT4r/FLbUl","preKeyId":9536311}}},"version":"v1"}