{"_sessions":{"BYYbr4t6nXpbt6hChvkiLdCpLziJ9pcuPDmrAbo8QTN7":{"registrationId":1619354264,"currentRatchet":{"ephemeralKeyPair":{"pubKey":"BbIDN4yewG0rv7THq8ldasrnjf2wme86i2xHjQ4lYkcy","privKey":"uE/GpL+Cx2HatejbMn2huxPO6ZajsntICDIqU7yo4HM="},"lastRemoteEphemeralKey":"BdURkZKCUWvf4gWQvmRKbNfX6W/UekdxAfPk7M2RgJNs","previousCounter":0,"rootKey":"tQwb4wGMN+6QGhmIaZtLmT3Zgnlj0IXPnZV/5gZ9bd0="},"indexInfo":{"baseKey":"BYYbr4t6nXpbt6hChvkiLdCpLziJ9pcuPDmrAbo8QTN7","baseKeyType":1,"closed":-1,"used":1714106299247,"created":1714106299247,"remoteIdentityKey":"Bd+FORMQ+74yISlb8HOXhKQ1r9mfPVSqQWFa2/5cwD0a"},"_chains":{"BbIDN4yewG0rv7THq8ldasrnjf2wme86i2xHjQ4lYkcy":{"chainKey":{"counter":0,"key":"IifXF5Y1eJLfzYp9I+7MhjimEb+dpHNfm6E6co0esvA="},"chainType":1,"messageKeys":{}}},"pendingPreKey":{"signedKeyId":4,"baseKey":"BYYbr4t6nXpbt6hChvkiLdCpLziJ9pcuPDmrAbo8QTN7","preKeyId":12952354}}},"version":"v1"}