{"_sessions":{"BSP/fS0GzZCPiONtwv2sxCaoGFSZQn5rHcDd6z1PIPFV":{"registrationId":1341128659,"currentRatchet":{"ephemeralKeyPair":{"pubKey":"BRwBaUCTz3vacni1XSCpJIAgYAgYyl1nmJ2fcQmUuysj","privKey":"wNfWrVfZnlWUa7t1VQVw4CZlkKfA1ZKJXikfo2lgIGE="},"lastRemoteEphemeralKey":"BTmtxDecGmWSasyJWj2/ULzML4Rf8JqxNlrYCHspJ3M7","previousCounter":0,"rootKey":"GKrfOPhoGMIEln2RYjLiwyHMKwU5YI1GndcFYwfIzZE="},"indexInfo":{"baseKey":"BSP/fS0GzZCPiONtwv2sxCaoGFSZQn5rHcDd6z1PIPFV","baseKeyType":1,"closed":-1,"used":1714106299266,"created":1714106299266,"remoteIdentityKey":"BfG4XZKXvixDOZaKqX1CAHIlWzX5SbU6arC2R8Y3DeZv"},"_chains":{"BRwBaUCTz3vacni1XSCpJIAgYAgYyl1nmJ2fcQmUuysj":{"chainKey":{"counter":0,"key":"Xm0jjY6YeNcuvtEDbXbh2cq1qyxsLNsdCMHkOQWgQr4="},"chainType":1,"messageKeys":{}}},"pendingPreKey":{"signedKeyId":10,"baseKey":"BSP/fS0GzZCPiONtwv2sxCaoGFSZQn5rHcDd6z1PIPFV","preKeyId":246454}}},"version":"v1"}