{"_sessions":{"BUTY86NObKiWHRigrzBAFR/HCj3T6bVaEwIEhTkRx+Qh":{"registrationId":1554886067,"currentRatchet":{"ephemeralKeyPair":{"pubKey":"BYuJqu3PivathBJe1RxzflkfiaA5pisSkEYqyLqO7HF4","privKey":"iMfQwMZNhXjmtoeZl4XkwYeLuBrziXWRDBBWAGNfqWY="},"lastRemoteEphemeralKey":"Bf18FGKZZHeRQi8lhlHL6RqoalkzloBUcEQjLhzXKopb","previousCounter":0,"rootKey":"lqFASDeh8xTN4qmVUWPCJHT82vfLDkYKsNQQrJoaIL8="},"indexInfo":{"baseKey":"BUTY86NObKiWHRigrzBAFR/HCj3T6bVaEwIEhTkRx+Qh","baseKeyType":1,"closed":-1,"used":1714085843169,"created":1714085843169,"remoteIdentityKey":"Bfa6cCz0X2p2CFJgWy7/GVMkHdTipwVEgaZYa5K98nIm"},"_chains":{"BYuJqu3PivathBJe1RxzflkfiaA5pisSkEYqyLqO7HF4":{"chainKey":{"counter":0,"key":"sGqg92IeeMTuJKxX16yLepdhapP0cmYZP+GHB90TwkY="},"chainType":1,"messageKeys":{}}},"pendingPreKey":{"signedKeyId":18,"baseKey":"BUTY86NObKiWHRigrzBAFR/HCj3T6bVaEwIEhTkRx+Qh","preKeyId":7832037}}},"version":"v1"}