{"_sessions":{"BT5g7NPtZyTtXWjVb6eE3kj6iFSPY42UZZjQf5ayk+1r":{"registrationId":1337547589,"currentRatchet":{"ephemeralKeyPair":{"pubKey":"BWfYDr2k2REFQl2/P3oIwuKEDZ09cPhNfOaBoqnIaGVB","privKey":"4KxsN/SYyvEpEXzm6g8+HlPpIPVtSNNfs28jWG3S6l4="},"lastRemoteEphemeralKey":"BcQrl/JC/HksPmrsbhuDbwl/QeZXmeiI0vGdEbwUEGBu","previousCounter":3,"rootKey":"V1kkOVBZcZjDbgKi3N3c9xO4+hl+GN5qz0jLLKBdFtY="},"indexInfo":{"baseKey":"BT5g7NPtZyTtXWjVb6eE3kj6iFSPY42UZZjQf5ayk+1r","baseKeyType":1,"closed":-1,"used":1714106219547,"created":1714085805066,"remoteIdentityKey":"BX6FTyNMsgWhGDr8F0APoKIbu6LSmf0f5oV3FZsKi8JM"},"_chains":{"BcQrl/JC/HksPmrsbhuDbwl/QeZXmeiI0vGdEbwUEGBu":{"chainKey":{"counter":1,"key":"OnZuUzhxC5elujRhlA96zr0RfkzjN4vNjYaqjxIgpKc="},"chainType":2,"messageKeys":{"0":"iOYbWHYh8ofk/XgdCRUmvt7BnY2r7g2SKN6p4D/00kc="}},"BWfYDr2k2REFQl2/P3oIwuKEDZ09cPhNfOaBoqnIaGVB":{"chainKey":{"counter":16,"key":"4qObeNMUWRNcXPGZIN90jlLk1g5KquMij3eFQGlhOq8="},"chainType":1,"messageKeys":{}}}}},"version":"v1"}