{"_sessions":{"BSYu0ChQGdatUB5mDtqPSmr6eibIBBxLQcpDFQLOxR8b":{"registrationId":1084445046,"currentRatchet":{"ephemeralKeyPair":{"pubKey":"BeDByi2fuTQUx2MplW9YG22HYL/Q/x1mrNk1EhRO4yRS","privKey":"SJLPWt8xGycJhwzdgaYdUgE5puM9vQrbHtQ/I2DT7nE="},"lastRemoteEphemeralKey":"Be05le7q3oGk0oqh7ybmc3vBp9Cw5VvRErvKRdvBwgxw","previousCounter":0,"rootKey":"g1kc+WpX3lBskYGHXBVBxsudbZmyw/8bPx3gDhlLuE0="},"indexInfo":{"baseKey":"BSYu0ChQGdatUB5mDtqPSmr6eibIBBxLQcpDFQLOxR8b","baseKeyType":1,"closed":-1,"used":1714109150783,"created":1714085843178,"remoteIdentityKey":"Be2Cjb+fOc/XhYZjjC05THN8BtnyZuwYwcwiKBQM8tZB"},"_chains":{"Be05le7q3oGk0oqh7ybmc3vBp9Cw5VvRErvKRdvBwgxw":{"chainKey":{"counter":0,"key":"AObHgPVrThKeKh3YVbuuGbt3FAFXuuO7i5U6+zvCURc="},"chainType":2,"messageKeys":{}},"BeDByi2fuTQUx2MplW9YG22HYL/Q/x1mrNk1EhRO4yRS":{"chainKey":{"counter":-1,"key":"tTriv4gSKKLOLIaAyHsYj0ZxMyvFrOGREIGm64E4xdA="},"chainType":1,"messageKeys":{}}}}},"version":"v1"}