{"_sessions":{"BccVaZjVohUZhrWNlOJ7pHjr+8c9GVaInrlfi8i0rmJc":{"registrationId":171078044,"currentRatchet":{"ephemeralKeyPair":{"pubKey":"BfvuVPH8ih4V5w/7M/2tmUwHQjop3xUX9PULlIukjYRP","privKey":"AOZ0+Z6xi5G2UVZrswCq6Qx366ougs5dtInnm+tphkU="},"lastRemoteEphemeralKey":"BeCiNdSnWQkBEFMn0SdMLQjNPArA3jyCWxXLCw/ZQA4Z","previousCounter":0,"rootKey":"AAcdv5YgV7gjcZQGtMutpNZ73K6rKzGk3nAnurSdLlU="},"indexInfo":{"baseKey":"BccVaZjVohUZhrWNlOJ7pHjr+8c9GVaInrlfi8i0rmJc","baseKeyType":1,"closed":-1,"used":1714085805380,"created":1714085805380,"remoteIdentityKey":"BZI0Y4D0VFdCFC1oGPeFI2PuXWcrQMGONFmjmVT6O/c2"},"_chains":{"BfvuVPH8ih4V5w/7M/2tmUwHQjop3xUX9PULlIukjYRP":{"chainKey":{"counter":20,"key":"21NdN90ZZVOVUTuH21HvVPh3HnHJ4f8ln6mOJDQJl3E="},"chainType":1,"messageKeys":{}}},"pendingPreKey":{"signedKeyId":3,"baseKey":"BccVaZjVohUZhrWNlOJ7pHjr+8c9GVaInrlfi8i0rmJc","preKeyId":10708532}}},"version":"v1"}