{"_sessions":{"BbuMHhzS9x0T22z1ID5O4ZITPbn+MMpMmOkDvAr85zt2":{"registrationId":474139239,"currentRatchet":{"ephemeralKeyPair":{"pubKey":"BfkkCiUYvSuMv+6IOXIhmnQz5lGvo2sRPia+cjt3TXlx","privKey":"8PkJCzy2gqdhxhTj+h9qlOOOGpgtEYnetlKTC2EzuFU="},"lastRemoteEphemeralKey":"BZSC0DB0Xi6tU5yvrb374S9HwT19p2JbSUjZc0810E4o","previousCounter":0,"rootKey":"dyx2O8ZtRii60RHAc3LUPnN26KAeFJZpv4CXMyV7FkI="},"indexInfo":{"baseKey":"BbuMHhzS9x0T22z1ID5O4ZITPbn+MMpMmOkDvAr85zt2","baseKeyType":1,"closed":-1,"used":1714106011974,"created":1714106011974,"remoteIdentityKey":"BUdJojow0xJIblTRC7tBxI3k5UxBDS7IqosMtLucX1cG"},"_chains":{"BfkkCiUYvSuMv+6IOXIhmnQz5lGvo2sRPia+cjt3TXlx":{"chainKey":{"counter":6,"key":"kPZ5mlMHX15iuUc9xxqnknKWls/+JFV1zaSrtBhJbxk="},"chainType":1,"messageKeys":{}}},"pendingPreKey":{"signedKeyId":0,"baseKey":"BbuMHhzS9x0T22z1ID5O4ZITPbn+MMpMmOkDvAr85zt2","preKeyId":13471425}}},"version":"v1"}