{"_sessions":{"BTUceu8y3O2TYTafmgrEqBwoaecHFnOMYlVRBpYXvLFp":{"registrationId":599578766,"currentRatchet":{"ephemeralKeyPair":{"pubKey":"BQ9oErolCeek/lhh1ZPq/ZUmA4QOzC9yv9yusFbRfgBq","privKey":"8ONfuNDiWw19qBltHIJTCJR2+Ws7SUdjG+5c8i8thEo="},"lastRemoteEphemeralKey":"BYbzpbhGUKmgGGH0cnyVVMk4oFm9bOCaftPLSSJkdJE+","previousCounter":3,"rootKey":"FKDpUgzQfk/wanr1o8H8Xfi/G6WTlKFKabgTJldfQ80="},"indexInfo":{"baseKey":"BTUceu8y3O2TYTafmgrEqBwoaecHFnOMYlVRBpYXvLFp","baseKeyType":1,"closed":1714106806931,"used":1714090752509,"created":1714085805523,"remoteIdentityKey":"BfkeipCUD2FeBsaH+5WYrjGYv9Sxxw7DG64u5ZLg/9lF"},"_chains":{"BYbzpbhGUKmgGGH0cnyVVMk4oFm9bOCaftPLSSJkdJE+":{"chainKey":{"counter":1,"key":"34fQQNEzdgWHb4zSYBQkxyG3IB4NQjvelh5FN1gKaOg="},"chainType":2,"messageKeys":{"0":"Mwu/dKqi1dNckyhbIuXV8927S0+PNfqzcnB7P51VMEI="}},"BQ9oErolCeek/lhh1ZPq/ZUmA4QOzC9yv9yusFbRfgBq":{"chainKey":{"counter":5,"key":"h4zNdgI5Y5VCERTNi+D1rGvbILHPBdj4d83F7nlu2TY="},"chainType":1,"messageKeys":{}}}},"BZQ+t8VVApiRYk4UvVuzvBnZmNO3IEyUD7ZIQdenpgJR":{"registrationId":599578766,"currentRatchet":{"ephemeralKeyPair":{"pubKey":"BYi5yqeEIwloSQiHtJtP0GtBoWN1bLOmyWH5g8rYTx5I","privKey":"MH48+yCQzFw0hdN81aGnqRQGKj3V+e8YLktiRKehVW8="},"lastRemoteEphemeralKey":"Bed0T5CJyZeJGs9MS1okifgwJ+pHCY7+8Zau5nqChlAR","previousCounter":10,"rootKey":"MLaftDJBDP1nY0v0F7Bbr2fD/eGVwCg7toK7S3XHVyU="},"indexInfo":{"baseKey":"BZQ+t8VVApiRYk4UvVuzvBnZmNO3IEyUD7ZIQdenpgJR","baseKeyType":2,"closed":-1,"used":1714110961162,"created":1714106806936,"remoteIdentityKey":"BfkeipCUD2FeBsaH+5WYrjGYv9Sxxw7DG64u5ZLg/9lF"},"_chains":{"BQdQtGQNArzhymvqyOZ0ss+aqVMvMgZZRc+gpPI6wDAy":{"chainKey":{"counter":0},"chainType":2,"messageKeys":{}},"Bed0T5CJyZeJGs9MS1okifgwJ+pHCY7+8Zau5nqChlAR":{"chainKey":{"counter":0,"key":"+KPMNQRbO+vz+ivihMZNmPtdUZxxtmgLsX5769GFCXA="},"chainType":2,"messageKeys":{}},"BYi5yqeEIwloSQiHtJtP0GtBoWN1bLOmyWH5g8rYTx5I":{"chainKey":{"counter":-1,"key":"tuQKxAumUKqcYsa6eIWxrS3Dxm3TJODfGui85a/Tddw="},"chainType":1,"messageKeys":{}}}}},"version":"v1"}