{"_sessions":{"BUAcoqYCFP0d8Y1iZopGjryQGa0l/tTX7u7uqK5HBXA4":{"registrationId":847327976,"currentRatchet":{"ephemeralKeyPair":{"pubKey":"BVES47tLBJMF62ZS0B/TVucy2Yfz4kjdEmhi3Lg3n0d1","privKey":"4ORpHX35cyIE/L56EhFBnFsfbM0zVFcQWULnGNTUqVE="},"lastRemoteEphemeralKey":"BW2ejsSAjZx044E0ZbsaqxEPebRmTVyashf1aw/6erwp","previousCounter":0,"rootKey":"a86tWMzx/miKqYwOoIkMv9Y/EKz8fFo+RSbDeYoRMTI="},"indexInfo":{"baseKey":"BUAcoqYCFP0d8Y1iZopGjryQGa0l/tTX7u7uqK5HBXA4","baseKeyType":1,"closed":-1,"used":1714106396812,"created":1714106299270,"remoteIdentityKey":"BakiErETUj/TMR59z/qhKv0/mOw2Abm4IYO3iAcay85H"},"_chains":{"BW2ejsSAjZx044E0ZbsaqxEPebRmTVyashf1aw/6erwp":{"chainKey":{"counter":0,"key":"ectH02poPuUaPMWYVFrhTkOjAI3VpEta+T/1bcHsfZY="},"chainType":2,"messageKeys":{}},"BVES47tLBJMF62ZS0B/TVucy2Yfz4kjdEmhi3Lg3n0d1":{"chainKey":{"counter":-1,"key":"wDP/BWN/Dycg7nLPJcs3cnzxQQkvU8gQgT3T2NJbNPc="},"chainType":1,"messageKeys":{}}}}},"version":"v1"}