{"_sessions":{"BTqY0scoRj2CG2bztTRc1jjpss/ToZZrglWDkBidLgoJ":{"registrationId":1302557314,"currentRatchet":{"ephemeralKeyPair":{"pubKey":"BYOPnOPgODOjM5Jkadb+D8a8KKf5tVaYOX7K3X0EqNdb","privKey":"gKPer19jK3+3LFMwB1TrXbNyoxL/6oPDRLW6rxcszGc="},"lastRemoteEphemeralKey":"BRExGDzcTacB1Mxa/+Wtxs0jLZ8hzmHVc1IDY0HsUkRJ","previousCounter":0,"rootKey":"VFXu5YQ7/Oj0hbUFIjdFIb6C5LViKjGSTcPjdnZQ7Oc="},"indexInfo":{"baseKey":"BTqY0scoRj2CG2bztTRc1jjpss/ToZZrglWDkBidLgoJ","baseKeyType":1,"closed":-1,"used":1714106011944,"created":1714106011944,"remoteIdentityKey":"BT5ra4kF/QYy3UufSbSlieejoxHDu+R/C5neXFIxZKkB"},"_chains":{"BYOPnOPgODOjM5Jkadb+D8a8KKf5tVaYOX7K3X0EqNdb":{"chainKey":{"counter":6,"key":"IGypHj+dN9Rkc3EZt3FhGpzQG1EVxAFDk5RAPDhnH78="},"chainType":1,"messageKeys":{}}},"pendingPreKey":{"signedKeyId":1,"baseKey":"BTqY0scoRj2CG2bztTRc1jjpss/ToZZrglWDkBidLgoJ","preKeyId":4874559}}},"version":"v1"}