{"_sessions":{"BRJ2WazNO3Kj/sSloxA6ORX8i9n0Lhfh+b31SkfLLTVm":{"registrationId":109974992,"currentRatchet":{"ephemeralKeyPair":{"pubKey":"BZUu6neW05IrPM102NtXtEYAUZXfdezIZvTV1oX5kdcw","privKey":"iKdGGP9wOC3oaKTAgOvNzpNoqfRIqKoYOJ1ZEaQ/iXA="},"lastRemoteEphemeralKey":"Bd6+52b86O2xSTuvxVIpfO7cmom00yc+W11zd+I2LHhF","previousCounter":0,"rootKey":"TLcNzhzc6FgrNRxvAOzIeoRIx9HvSYY4ZB98olHjltg="},"indexInfo":{"baseKey":"BRJ2WazNO3Kj/sSloxA6ORX8i9n0Lhfh+b31SkfLLTVm","baseKeyType":1,"closed":-1,"used":1714085843165,"created":1714085843165,"remoteIdentityKey":"BeuNGjzUd1Q5lKUv7QrBBDUPVtzUrjwQ+9BvsQ0eOygX"},"_chains":{"BZUu6neW05IrPM102NtXtEYAUZXfdezIZvTV1oX5kdcw":{"chainKey":{"counter":0,"key":"QfsqHzJaPFWSMPoyuSpmzl3zS4gWRT9/TtSa4O2CM+k="},"chainType":1,"messageKeys":{}}},"pendingPreKey":{"signedKeyId":0,"baseKey":"BRJ2WazNO3Kj/sSloxA6ORX8i9n0Lhfh+b31SkfLLTVm","preKeyId":14285692}}},"version":"v1"}