{"_sessions":{"BWDSNe8n5PqbsqfORbmqE0Z0ry6wl6L/RlNmBnDNcaYC":{"registrationId":177170681,"currentRatchet":{"ephemeralKeyPair":{"pubKey":"BfNPejI9MRJ53Q9a+geFwNTxWtb2y5tiB7yy9rPBfHpY","privKey":"EHfkzCmcPFY4Pk4IPPXX84pBgKrYrf1TDQwMulZOPGA="},"lastRemoteEphemeralKey":"BQYgKVQ/AJmjZjpJ8ifSHBUiaBJRf9WWVa7Rdby/LvxA","previousCounter":0,"rootKey":"gUUcVk6IpxW1sbtoHD/2JE2tzcT861w648qfBq8V9/8="},"indexInfo":{"baseKey":"BWDSNe8n5PqbsqfORbmqE0Z0ry6wl6L/RlNmBnDNcaYC","baseKeyType":1,"closed":-1,"used":1714106011950,"created":1714106011950,"remoteIdentityKey":"BXpTS/rwN6ws9OuuVf0HZPQAm7ZTZz0jq1sNP7gNYmF2"},"_chains":{"BfNPejI9MRJ53Q9a+geFwNTxWtb2y5tiB7yy9rPBfHpY":{"chainKey":{"counter":6,"key":"MMxs5YdXm8BL8sp8sUKXh+LTAEuOczRmLaWz37hzlQw="},"chainType":1,"messageKeys":{}}},"pendingPreKey":{"signedKeyId":1,"baseKey":"BWDSNe8n5PqbsqfORbmqE0Z0ry6wl6L/RlNmBnDNcaYC","preKeyId":2714311}}},"version":"v1"}