{"_sessions":{"BVMQbtJ3jyMXI9twZkuEER8LtDpBq7uBrI+4r9vFX9km":{"registrationId":2146136931,"currentRatchet":{"ephemeralKeyPair":{"pubKey":"BcitOEvgQuLUEWzkh/JOCJEJEIwqOIKKSPCzF0k9g0N0","privKey":"KPgAZ0hP0jiOBMtjSbyoeLmRvLGojsZowvBLChIFDnE="},"lastRemoteEphemeralKey":"BUnL9Zy6sTkKvwfzF+ftRIwIvHjDu4kFFzBwJ1RGYAlp","previousCounter":0,"rootKey":"O3ijhT6Dr+D6MVA/D1XgyVCrMmWyBfO9NItKZhHcfhs="},"indexInfo":{"baseKey":"BVMQbtJ3jyMXI9twZkuEER8LtDpBq7uBrI+4r9vFX9km","baseKeyType":1,"closed":-1,"used":1714085805584,"created":1714085805584,"remoteIdentityKey":"BTSDdN8aka5tBvAFjEhYKP76UuUcVFGUElYEB68N0f0M"},"_chains":{"BcitOEvgQuLUEWzkh/JOCJEJEIwqOIKKSPCzF0k9g0N0":{"chainKey":{"counter":20,"key":"d8/HfR7dQGfYPPCruxjdIFKiYTdm0gxAF3THx2eXEs8="},"chainType":1,"messageKeys":{}}},"pendingPreKey":{"signedKeyId":15,"baseKey":"BVMQbtJ3jyMXI9twZkuEER8LtDpBq7uBrI+4r9vFX9km","preKeyId":10168951}}},"version":"v1"}