{"_sessions":{"BUFCTgmD5bKRQNVE8ac0fYlcm4KzWlHBEw3/ockagzN9":{"registrationId":288189421,"currentRatchet":{"ephemeralKeyPair":{"pubKey":"Bao/nVYzRSFTpogcTdJj/jj9/QX00MY2WqNBNi7faTM0","privKey":"2MrBPQYh5hd5XEMRF15v6MlKh62/xVBjwZzvBVMOw0E="},"lastRemoteEphemeralKey":"BcN6auTLN94tJn6mnAMtdyhIbGLlXw87HFtjvxeYoYB1","previousCounter":0,"rootKey":"G/DmjVZk0m/8Nt05H+IQnQjvAz9picKBU0d4QdDzonQ="},"indexInfo":{"baseKey":"BUFCTgmD5bKRQNVE8ac0fYlcm4KzWlHBEw3/ockagzN9","baseKeyType":1,"closed":-1,"used":1714106299330,"created":1714106299330,"remoteIdentityKey":"Bfc4WfabrY75n9ZqcXrDevBqth28sEvSk12IU1nekOUb"},"_chains":{"Bao/nVYzRSFTpogcTdJj/jj9/QX00MY2WqNBNi7faTM0":{"chainKey":{"counter":0,"key":"Nvb8xM+O1MP6C5uv5McSxMVCa/7BeoN9qGjmjv3lfsk="},"chainType":1,"messageKeys":{}}},"pendingPreKey":{"signedKeyId":20,"baseKey":"BUFCTgmD5bKRQNVE8ac0fYlcm4KzWlHBEw3/ockagzN9","preKeyId":11244043}}},"version":"v1"}