{"_sessions":{"BSFzmACXdXFwvqd07nl1L9yHL3d6TZZ7ePzr3wOvlMN+":{"registrationId":1547289069,"currentRatchet":{"ephemeralKeyPair":{"pubKey":"BTTaVQASJ+KuixH35dmlEBKQS/7lciimtLqyL4QT/2oB","privKey":"WEMRWxelAyARzDrvGFLN98iWoIPty3TaKB4l7UsXm2Y="},"lastRemoteEphemeralKey":"BadpxExnOHhahOgdj6Db8JpFs5gOvKgre1WHDiDz+TEo","previousCounter":0,"rootKey":"jdPhI5iXMlJ6KfDVRwlPT3ReZm4+SilzpuINgRwaPuo="},"indexInfo":{"baseKey":"BSFzmACXdXFwvqd07nl1L9yHL3d6TZZ7ePzr3wOvlMN+","baseKeyType":1,"closed":-1,"used":1714085805667,"created":1714085805667,"remoteIdentityKey":"BYvSbJLoFDDTV/2wqJRulTBtJFP4zVJUWKHwuJCoTc9k"},"_chains":{"BTTaVQASJ+KuixH35dmlEBKQS/7lciimtLqyL4QT/2oB":{"chainKey":{"counter":20,"key":"ATu1ChJ9SAntkQfyRQFHe3iPEP89RZap6okUqbpV+Go="},"chainType":1,"messageKeys":{}}},"pendingPreKey":{"signedKeyId":6,"baseKey":"BSFzmACXdXFwvqd07nl1L9yHL3d6TZZ7ePzr3wOvlMN+","preKeyId":12747013}}},"version":"v1"}