{"_sessions":{"BRWafmCDpeMCI9D+hOAhkSD7ZqS7t0tgqPt7U7ul2YEy":{"registrationId":50325336,"currentRatchet":{"ephemeralKeyPair":{"pubKey":"BeyS/cb8l/GGEdt2CuUADWr3ckjyLsh94SS4TAUwf5EB","privKey":"4L4xS10nT8dm5vakdd0VPBaGylHI/4/6sCLwmZc1V3k="},"lastRemoteEphemeralKey":"Bez7rx3qXo/5CuGMB79b1hki045FkQYt0V3MZFpL7/o4","previousCounter":0,"rootKey":"c+sog/uo8CdI5MNANZ2RG34QJEnv9sZbyQi+C39+2z0="},"indexInfo":{"baseKey":"BRWafmCDpeMCI9D+hOAhkSD7ZqS7t0tgqPt7U7ul2YEy","baseKeyType":1,"closed":-1,"used":1714106299261,"created":1714106299261,"remoteIdentityKey":"BTDHWA0zoZ8Z/JT/Q+bVb1KkRtWHRi1zKwQGIzINmKMD"},"_chains":{"BeyS/cb8l/GGEdt2CuUADWr3ckjyLsh94SS4TAUwf5EB":{"chainKey":{"counter":0,"key":"xXnwktB8G1bdYsXUhvIZblaOcluJxT36yDg4eOm8E9w="},"chainType":1,"messageKeys":{}}},"pendingPreKey":{"signedKeyId":0,"baseKey":"BRWafmCDpeMCI9D+hOAhkSD7ZqS7t0tgqPt7U7ul2YEy"}}},"version":"v1"}