{"_sessions":{"BRZdRmHfzxkXhxc20CtSizubDpWSVSuMLvKCgndMBEZV":{"registrationId":537250803,"currentRatchet":{"ephemeralKeyPair":{"pubKey":"BR7MQqsPctkUKeCjtiVIdKGrA4zQTFF4E/PbR7F/xKEn","privKey":"CCTlBIlMJXHMZILShGje+Bd7VMPfiXI66DLgyhaQdlo="},"lastRemoteEphemeralKey":"BTAj+FiN+7O9IPsY5XGpRHjX7qnObWQmRxzcJdQznqdt","previousCounter":0,"rootKey":"j4a28wujWXWEnezaGWpMJHMhFh5ZbYTwyQkZiDVqzRk="},"indexInfo":{"baseKey":"BRZdRmHfzxkXhxc20CtSizubDpWSVSuMLvKCgndMBEZV","baseKeyType":1,"closed":-1,"used":1714085805286,"created":1714085805286,"remoteIdentityKey":"BSqS6ktn8NySPnugrfkR6mvuuFoeqeDkE1Rz7pArnJYi"},"_chains":{"BR7MQqsPctkUKeCjtiVIdKGrA4zQTFF4E/PbR7F/xKEn":{"chainKey":{"counter":20,"key":"VvNVwwCzowlsASwbu+g54o7GYX7wUid8Pyky3bSEK8o="},"chainType":1,"messageKeys":{}}},"pendingPreKey":{"signedKeyId":4,"baseKey":"BRZdRmHfzxkXhxc20CtSizubDpWSVSuMLvKCgndMBEZV","preKeyId":16127587}}},"version":"v1"}