{"_sessions":{"BZNVklBnQ9mvRWa1Qm1McoOtFvEhpIfDf3nfKVxEuXxB":{"registrationId":1999559525,"currentRatchet":{"ephemeralKeyPair":{"pubKey":"BT+e7JabZQHaCSOdSGcI+oGCj1pFODtbG1dmqSLjbm9L","privKey":"ECbPlLUnv3oUqVlvClIUbCLw5WgaE2jkFbBmLg8KRX4="},"lastRemoteEphemeralKey":"BdlPLh7gwMPY7lvDUGBTACs7ZYEY2om1cvELxCejtPFe","previousCounter":0,"rootKey":"KPexTClMjcG4pa4cUuEjNPpcYdP7WQaMXuyvCaE+UNU="},"indexInfo":{"baseKey":"BZNVklBnQ9mvRWa1Qm1McoOtFvEhpIfDf3nfKVxEuXxB","baseKeyType":1,"closed":-1,"used":1714106011987,"created":1714106011987,"remoteIdentityKey":"BTSSfCnhpkBsObxAueyJY2EZZs3hCxvobk36kUesXdUp"},"_chains":{"BT+e7JabZQHaCSOdSGcI+oGCj1pFODtbG1dmqSLjbm9L":{"chainKey":{"counter":6,"key":"aym/26355bWHhJ+JiC6omboscleirLtwa9CUjiYr/OE="},"chainType":1,"messageKeys":{}}},"pendingPreKey":{"signedKeyId":12,"baseKey":"BZNVklBnQ9mvRWa1Qm1McoOtFvEhpIfDf3nfKVxEuXxB","preKeyId":6244903}}},"version":"v1"}