{"_sessions":{"BVm6SxHn0DJGTl9C2TKBTRRdRkRq1Rm5GPvj7IGbjO1b":{"registrationId":1644004702,"currentRatchet":{"ephemeralKeyPair":{"pubKey":"BbuGaxcchwyv1yYq0P4QxIkBeZKu57exTewWBNcWceYn","privKey":"cHlro14e9IvdlZobfAZj7LWw7NukA9HqFysLd0O1kFA="},"lastRemoteEphemeralKey":"BeE5NgAJNAJPDqTf3FFZe3m3x8yn68GY4PPy/dKvolsd","previousCounter":0,"rootKey":"w5aG1f7aEZ4uFhEW8IWPlTOINscCqFXuv9UQb7jSSWQ="},"indexInfo":{"baseKey":"BVm6SxHn0DJGTl9C2TKBTRRdRkRq1Rm5GPvj7IGbjO1b","baseKeyType":1,"closed":-1,"used":1714085805169,"created":1714085805169,"remoteIdentityKey":"BcYGaVcYglYxAxRhR1IWiR0REfZdIeyHbYOKbIrPgcV5"},"_chains":{"BbuGaxcchwyv1yYq0P4QxIkBeZKu57exTewWBNcWceYn":{"chainKey":{"counter":20,"key":"eW22X7AhevgXj234RrJRDpXmPuWlhYwKi1SGoq6OuSY="},"chainType":1,"messageKeys":{}}},"pendingPreKey":{"signedKeyId":1,"baseKey":"BVm6SxHn0DJGTl9C2TKBTRRdRkRq1Rm5GPvj7IGbjO1b","preKeyId":1480}}},"version":"v1"}