{"_sessions":{"BabOCc8lpKox0Lsf0ttvgwazh+urnYGJFcixji7CU3g6":{"registrationId":1509502399,"currentRatchet":{"ephemeralKeyPair":{"pubKey":"Bf9nPNrNqC+ezClAL7DtLmwvfnJJJjo3+I/QmSa/WOxM","privKey":"2Ic5rWLs/W0FO6hcPsp5v7uxeV8sZX1fZkRD26G2QlM="},"lastRemoteEphemeralKey":"BVV68EdVIgdSlYIl9k58N8FW54hcbk3lu29deCujjsRb","previousCounter":0,"rootKey":"yVKsVchXwoYkE3Xoy4LxyZfpHlby2swrLJcevycI5lA="},"indexInfo":{"baseKey":"BabOCc8lpKox0Lsf0ttvgwazh+urnYGJFcixji7CU3g6","baseKeyType":1,"closed":-1,"used":1714085805454,"created":1714085805454,"remoteIdentityKey":"BYahpMZ/CWYtmbChmMTpUxZmpgsgaAab1jLMgZm9ZXsE"},"_chains":{"Bf9nPNrNqC+ezClAL7DtLmwvfnJJJjo3+I/QmSa/WOxM":{"chainKey":{"counter":20,"key":"deqTT8liA6lw/BNOZbtU79/bYfA3GlNL5xNUGRvg/YY="},"chainType":1,"messageKeys":{}}},"pendingPreKey":{"signedKeyId":41,"baseKey":"BabOCc8lpKox0Lsf0ttvgwazh+urnYGJFcixji7CU3g6","preKeyId":16315727}}},"version":"v1"}