{"_sessions":{"BXncYhfdPfuLqGWrzNOxAPgx/9Tbbs9CecloYIH8Thl6":{"registrationId":1436618841,"currentRatchet":{"ephemeralKeyPair":{"pubKey":"BQr3L/RLB/rb1EXQ6ggk16HjQtRG63faHJ+QGmmX0L4x","privKey":"iMxa9nmYZLHe3pYuvMvYjpIcDnLAjtY69IaloDnndEo="},"lastRemoteEphemeralKey":"BeOtpD0n/VzPyOEGQcvWT+XfGMv2osLv2nzNL1DienJG","previousCounter":0,"rootKey":"TCW8WRJrg47p8C3UnHCPcTiNc72CMajwz2j+qhUxB1s="},"indexInfo":{"baseKey":"BXncYhfdPfuLqGWrzNOxAPgx/9Tbbs9CecloYIH8Thl6","baseKeyType":1,"closed":-1,"used":1714085805291,"created":1714085805291,"remoteIdentityKey":"BQlQDhiYxRcaPLPtQNxeDIig9jGjvO8mJhYFX13ooRd+"},"_chains":{"BQr3L/RLB/rb1EXQ6ggk16HjQtRG63faHJ+QGmmX0L4x":{"chainKey":{"counter":20,"key":"G4F24S1b5h3VpVIKDddUkZUf69uAsldEEt1C2leAjCM="},"chainType":1,"messageKeys":{}}},"pendingPreKey":{"signedKeyId":17,"baseKey":"BXncYhfdPfuLqGWrzNOxAPgx/9Tbbs9CecloYIH8Thl6","preKeyId":16689997}}},"version":"v1"}