{"_sessions":{"BTOC3nEgnfx6KygkJEQnfxv4aJzAq9Gsg/hL/5xsniZn":{"registrationId":1105183325,"currentRatchet":{"ephemeralKeyPair":{"pubKey":"BSKWgpb0SnvsroPXzk4WO90d76ba8oTdgj463bpdCDZl","privKey":"sF1rfHPeFpTtmM6MFAvh9/I9Pss0LQrWfNMeTsoXKm4="},"lastRemoteEphemeralKey":"BT8r+Gtywuhmvcs2knrbSliwEL86gf2nSkU0hqaFspsx","previousCounter":0,"rootKey":"gfera3S5LLzXNZ9rfDbG/8bLNs6yKX/Cz9sc4aoZyBM="},"indexInfo":{"baseKey":"BTOC3nEgnfx6KygkJEQnfxv4aJzAq9Gsg/hL/5xsniZn","baseKeyType":1,"closed":-1,"used":1714085805142,"created":1714085805142,"remoteIdentityKey":"BURm+VqxcfGh4RzPi7fx57A/4xmMvgiQ91WlAoiSjFlp"},"_chains":{"BSKWgpb0SnvsroPXzk4WO90d76ba8oTdgj463bpdCDZl":{"chainKey":{"counter":20,"key":"x1MQW5qOpZ1KRWIk5jbBBKCIbhLKaiJ8cy4o6Kc/eD4="},"chainType":1,"messageKeys":{}}},"pendingPreKey":{"signedKeyId":1,"baseKey":"BTOC3nEgnfx6KygkJEQnfxv4aJzAq9Gsg/hL/5xsniZn","preKeyId":442}}},"version":"v1"}