{"_sessions":{"BXmCwD5W6aO1FCnzyJjxVXbOORalf0K0C2/LuMrCYOY9":{"registrationId":2035767545,"currentRatchet":{"ephemeralKeyPair":{"pubKey":"BYvhI7OSEvp6gxr5gQEBbMyHrYTlxJdgVEqKGOvdJfQK","privKey":"gCBhB5ApocRasKLItsNz4YRPyjGWf0h1lYYGDqupR18="},"lastRemoteEphemeralKey":"BYv1tnrebefPIAFo4yyjqBEm1/sJlWHsjwsjbru1rQ1p","previousCounter":15,"rootKey":"q67wqYSiZ2WN9g+MJdEju8nWHpnN6pluuNzssYcfO5w="},"indexInfo":{"baseKey":"BXmCwD5W6aO1FCnzyJjxVXbOORalf0K0C2/LuMrCYOY9","baseKeyType":1,"closed":-1,"used":1714107350944,"created":1714085805371,"remoteIdentityKey":"BWHWDBfWv4CUhXN02u7NnseEG4Gy6KEpZypfkIkR56I+"},"_chains":{"BYv1tnrebefPIAFo4yyjqBEm1/sJlWHsjwsjbru1rQ1p":{"chainKey":{"counter":0,"key":"TKsGn5HeTDezIA1k1MFyotCvw4Hy7i5OASQOUeTghOg="},"chainType":2,"messageKeys":{}},"BYvhI7OSEvp6gxr5gQEBbMyHrYTlxJdgVEqKGOvdJfQK":{"chainKey":{"counter":4,"key":"2aZhhJscW9Wp1HFdKKJ0qGdScf67d8n683S3bN0vf0A="},"chainType":1,"messageKeys":{}}}}},"version":"v1"}