{"_sessions":{"Bfnizqi/RsEmcyvlyZTc3yxfD3sA6UZcz9uqPuBRPSdv":{"registrationId":1743231460,"currentRatchet":{"ephemeralKeyPair":{"pubKey":"BaZ+8LlPlKM9gkklEoz9QD2nbwtgTYkrUmOQYh3BYFhD","privKey":"AL99wBi50Du4MFYPJOei9u/aVRIC2+SgIBEumPq+X2I="},"lastRemoteEphemeralKey":"BWpw7SbWlc4N/XXhPvNHJWUtwNCUUgvys32Y7jh0epIl","previousCounter":0,"rootKey":"7ZlmToRl3GVWWv5OXLXPxlt26cWLQz/XBR5CEqWQtPA="},"indexInfo":{"baseKey":"Bfnizqi/RsEmcyvlyZTc3yxfD3sA6UZcz9uqPuBRPSdv","baseKeyType":1,"closed":-1,"used":1714085805532,"created":1714085805532,"remoteIdentityKey":"Bb7ZloL/PnPfylwkm3J63/qOy+Jjyz+eftv3tLPDw001"},"_chains":{"BaZ+8LlPlKM9gkklEoz9QD2nbwtgTYkrUmOQYh3BYFhD":{"chainKey":{"counter":20,"key":"ZYGQ3Dn0AEQVNGfevbwBAgbUAPgLSBBlb9VTSXXu7ZY="},"chainType":1,"messageKeys":{}}},"pendingPreKey":{"signedKeyId":28,"baseKey":"Bfnizqi/RsEmcyvlyZTc3yxfD3sA6UZcz9uqPuBRPSdv","preKeyId":5245237}}},"version":"v1"}