{"_sessions":{"Bf62vF77gBMxh6OlX7i4iviR/YXhU/i7AUUtlU5+/zNl":{"registrationId":1568216425,"currentRatchet":{"ephemeralKeyPair":{"pubKey":"BaRRwhBkLVoFWfrGzs00q+QxmkJh2hLnypDZc76G7Pwp","privKey":"aOOA+dbFxF3ZQcwSI+r/2Zo7hH4RbmkQ3yNdMoaRpmI="},"lastRemoteEphemeralKey":"Bfgbd1H68Fev4wnLwLAPXZ8D/bQDecxNm37QGWvtw7kI","previousCounter":0,"rootKey":"0289zG2LXjDWSCG7FIvw8xo/eefK5nb6iGA7wJw+QQ4="},"indexInfo":{"baseKey":"Bf62vF77gBMxh6OlX7i4iviR/YXhU/i7AUUtlU5+/zNl","baseKeyType":1,"closed":-1,"used":1714085805695,"created":1714085805695,"remoteIdentityKey":"BeGfacf6u6MJ6ytYwczxIn6o0zR6jIUAzO/4f5ILdHZj"},"_chains":{"BaRRwhBkLVoFWfrGzs00q+QxmkJh2hLnypDZc76G7Pwp":{"chainKey":{"counter":20,"key":"2gw0fQnXYGYZeoZEtuNDm/mZvTyqKaoCOU11Y6IYo9c="},"chainType":1,"messageKeys":{}}},"pendingPreKey":{"signedKeyId":15,"baseKey":"Bf62vF77gBMxh6OlX7i4iviR/YXhU/i7AUUtlU5+/zNl","preKeyId":4549797}}},"version":"v1"}