{"_sessions":{"BaEaCP4MGjmOCzzYXtg2E+09ENWUFkr3Y9cyKXXOYoZh":{"registrationId":777914772,"currentRatchet":{"ephemeralKeyPair":{"pubKey":"Bb6TUCuvRre76wMkvawzr8iWkQbL1CqXCwAKKXaQaARY","privKey":"QKqy9vKxcKIN0gTmVyAYlFN8wzdR2G3TO8VVWBLVtkM="},"lastRemoteEphemeralKey":"BWj/sCAXr6aqDZASB+XLXS9l667qQMg9Zn3JfFgicbMm","previousCounter":0,"rootKey":"E2RN8EIHS42j8DDJJptuKmhxiXLTOQv2nkfDdUtAwss="},"indexInfo":{"baseKey":"BaEaCP4MGjmOCzzYXtg2E+09ENWUFkr3Y9cyKXXOYoZh","baseKeyType":1,"closed":-1,"used":1714085461994,"created":1714085461994,"remoteIdentityKey":"BeoUId9cX5hVqMz32hN8V677NkZu9iLZHqCFTJ4P0R4j"},"_chains":{"Bb6TUCuvRre76wMkvawzr8iWkQbL1CqXCwAKKXaQaARY":{"chainKey":{"counter":7,"key":"5WOYJZNZTTD0AIYljhb+p7u9cGO5av8W63wgqu9NjRI="},"chainType":1,"messageKeys":{}}},"pendingPreKey":{"signedKeyId":3,"baseKey":"BaEaCP4MGjmOCzzYXtg2E+09ENWUFkr3Y9cyKXXOYoZh","preKeyId":8350068}}},"version":"v1"}