{"_sessions":{"BTdHtqvQH6k+Rmb/OHqU/+B0SGJjrrMbTEONYAhu/cI6":{"registrationId":228197692,"currentRatchet":{"ephemeralKeyPair":{"pubKey":"Bd6Sf5cnVwJPl3TbW475pCaMkpKDC3KnjbVB/ZBFQkYJ","privKey":"mOM2px6jn8ogwasQCkL2qM4qoPe7M6cJ9nUIxYB9N3w="},"lastRemoteEphemeralKey":"BV1nubBCJr6JxKY3Gxz8oIelu5OFGZRRLOi4neDUccU+","previousCounter":0,"rootKey":"dxzfJigwOFqohro1dcAA/q8EK1pQX4ZWFpgBlHimTNk="},"indexInfo":{"baseKey":"BTdHtqvQH6k+Rmb/OHqU/+B0SGJjrrMbTEONYAhu/cI6","baseKeyType":1,"closed":-1,"used":1714085805276,"created":1714085805276,"remoteIdentityKey":"Be8jMK5fxc28/PlNxsHIn3vJv33T0obbu53vwFZxY3ZO"},"_chains":{"Bd6Sf5cnVwJPl3TbW475pCaMkpKDC3KnjbVB/ZBFQkYJ":{"chainKey":{"counter":20,"key":"UTAVKyOrQWtuHddUCq6CZuL1ToXkdQ+v9Ylam5cFz4k="},"chainType":1,"messageKeys":{}}},"pendingPreKey":{"signedKeyId":2,"baseKey":"BTdHtqvQH6k+Rmb/OHqU/+B0SGJjrrMbTEONYAhu/cI6","preKeyId":13846288}}},"version":"v1"}