{"_sessions":{"BT7VD1Ys86vx1AGc6R3oKdQbcVbL86JEGbKIClqosAdc":{"registrationId":1470801850,"currentRatchet":{"ephemeralKeyPair":{"pubKey":"BXeWy23AdivVGa0ywfmD96JOGuNFOjm1TSdIyJnZ/D80","privKey":"gHgJUfosrPMR4p+El6O24TFfPt7jSU4cNK5oav8f5FI="},"lastRemoteEphemeralKey":"BX9AKPDWXwlL/rYQItr4uEM3X/4cgJO3Ij765vbCXQdq","previousCounter":0,"rootKey":"5m6xqQU+yvgYjVtWMdXayAwh0AftbLiEvXnzdSB4WsI="},"indexInfo":{"baseKey":"BT7VD1Ys86vx1AGc6R3oKdQbcVbL86JEGbKIClqosAdc","baseKeyType":1,"closed":-1,"used":1714085805502,"created":1714085805502,"remoteIdentityKey":"BZ/8jlgv7riER3K+oq7Klb+NuSsbFiVHw39FTbYbKJgB"},"_chains":{"BXeWy23AdivVGa0ywfmD96JOGuNFOjm1TSdIyJnZ/D80":{"chainKey":{"counter":20,"key":"NgI8hy1SyFIVehldHK97yaso3a5a4x1Bxnye29JwmUI="},"chainType":1,"messageKeys":{}}},"pendingPreKey":{"signedKeyId":3,"baseKey":"BT7VD1Ys86vx1AGc6R3oKdQbcVbL86JEGbKIClqosAdc","preKeyId":8178083}}},"version":"v1"}