{"_sessions":{"BYZCELocnwZD6ybYEippY5Fot6UibuWWGfCxibsrhQAE":{"registrationId":268298267,"currentRatchet":{"ephemeralKeyPair":{"pubKey":"BTq/6wFzgVAf60p41WJHqkBQSOzkSzzqXarSUwkMP+QZ","privKey":"wEpPglhLb37FckpV3PrzyABgI0jFsKpRRekoNFZhFVI="},"lastRemoteEphemeralKey":"Bequ7ymP2G1AHruZIlI6pgbbyK67BxiUxXsvXsrFmvwA","previousCounter":0,"rootKey":"PMyFd6R549v4teTL3jwW+gBnesSx0xiCEhSGLQIkKD8="},"indexInfo":{"baseKey":"BYZCELocnwZD6ybYEippY5Fot6UibuWWGfCxibsrhQAE","baseKeyType":1,"closed":-1,"used":1714106011931,"created":1714106011931,"remoteIdentityKey":"BRXCwxNlX5A36Fvapvktrg1FNAA4kHSPxawApKYnkW5e"},"_chains":{"BTq/6wFzgVAf60p41WJHqkBQSOzkSzzqXarSUwkMP+QZ":{"chainKey":{"counter":6,"key":"MiRbOjjKYCUWOXag55jA3+ALSzryqQGmWkaY4BNDC4g="},"chainType":1,"messageKeys":{}}},"pendingPreKey":{"signedKeyId":8,"baseKey":"BYZCELocnwZD6ybYEippY5Fot6UibuWWGfCxibsrhQAE","preKeyId":5660233}}},"version":"v1"}