{"_sessions":{"BSE7yYRpeOuxivqZZXKbHZls3wZtLQ0yu/uHYh/K9BYI":{"registrationId":393413499,"currentRatchet":{"ephemeralKeyPair":{"pubKey":"BR5nBif0fvLf9/pbte8XhzlczQpwiBf+BmIuPV1bFB1D","privKey":"EA8NvGQDynVegXE4iX7nKmYOy47M6vNt8aO9HPPzfms="},"lastRemoteEphemeralKey":"BUgE381q+UDjbFA3qrx/Z+29XvTJxVoLS/D8ohQyatJM","previousCounter":0,"rootKey":"cq1Nq54453kwCcxd4/+XxuOTMMz+b3iV792i3BT9JN0="},"indexInfo":{"baseKey":"BSE7yYRpeOuxivqZZXKbHZls3wZtLQ0yu/uHYh/K9BYI","baseKeyType":1,"closed":-1,"used":1714085805484,"created":1714085805484,"remoteIdentityKey":"BUQ2aseVWdowvl2wtZvVl6m2KFZq6ONuPZLD3aLiw6YK"},"_chains":{"BR5nBif0fvLf9/pbte8XhzlczQpwiBf+BmIuPV1bFB1D":{"chainKey":{"counter":20,"key":"w0L/R1TASOS7+xpEcuKsTxn7MTHl63p36SwjgF71Jnw="},"chainType":1,"messageKeys":{}}},"pendingPreKey":{"signedKeyId":0,"baseKey":"BSE7yYRpeOuxivqZZXKbHZls3wZtLQ0yu/uHYh/K9BYI","preKeyId":8146577}}},"version":"v1"}