{"_sessions":{"BZEhkT2q494wStmrFgAtE15NgwH+ZAts7xE93fE1A+kN":{"registrationId":962791451,"currentRatchet":{"ephemeralKeyPair":{"pubKey":"BewCpsZ3kynKYc8kI1r09GZGBvyeLnrFSAS+E6v8p9xy","privKey":"cOe7IrzLenZLmfrh9pjFG9qxblR5KSFA8GsmngEXaX4="},"lastRemoteEphemeralKey":"BaSIrLLYVnLo9Zu7DfWsBpBVmZOeDJD4a9BhNI3wHXd+","previousCounter":0,"rootKey":"5d5hcVkX5TrBClQSz3x2YXygU3oeifwnOpDA+ef8OKE="},"indexInfo":{"baseKey":"BZEhkT2q494wStmrFgAtE15NgwH+ZAts7xE93fE1A+kN","baseKeyType":1,"closed":-1,"used":1714106011965,"created":1714106011965,"remoteIdentityKey":"BYrQMTiGWcynLwItwZIFz4+kqSesAXZSWi0tXO5hUuNo"},"_chains":{"BewCpsZ3kynKYc8kI1r09GZGBvyeLnrFSAS+E6v8p9xy":{"chainKey":{"counter":6,"key":"/d/0ckybSXLEfaMo05S9Xk7O34YPsseAXThK+RVStYo="},"chainType":1,"messageKeys":{}}},"pendingPreKey":{"signedKeyId":16,"baseKey":"BZEhkT2q494wStmrFgAtE15NgwH+ZAts7xE93fE1A+kN","preKeyId":56771}}},"version":"v1"}