{"_sessions":{"BWOiTNm41idy/I9f3Jaf8rHjVoJaW61fYC8OH4qnMLpz":{"registrationId":516742606,"currentRatchet":{"ephemeralKeyPair":{"pubKey":"BZdXyaphvw4ZvhrpjxB7zVjDF11DbSO6JJmb41qO5Tte","privKey":"oKhe42Jqg29g19Ppy/OldbaSlse1nPgTTO97DpAaZVk="},"lastRemoteEphemeralKey":"BYURYuHsbqyCF0TD2aBJdTxsmRUo1PktO1WXDOtrlJxB","previousCounter":0,"rootKey":"onL5IomVfWRTo7JxUsePlQcGN4+jCkq4iRS4L8ByqYw="},"indexInfo":{"baseKey":"BWOiTNm41idy/I9f3Jaf8rHjVoJaW61fYC8OH4qnMLpz","baseKeyType":1,"closed":-1,"used":1714085805721,"created":1714085805721,"remoteIdentityKey":"Bewj5x1N8xAiYnBywWMl69XWpV6EKzMlOOhJ0SHe/LtU"},"_chains":{"BZdXyaphvw4ZvhrpjxB7zVjDF11DbSO6JJmb41qO5Tte":{"chainKey":{"counter":20,"key":"kdZq7BHz5nFRXSmbJO//nQH0VC3MDb8CjMq6G1qxSLU="},"chainType":1,"messageKeys":{}}},"pendingPreKey":{"signedKeyId":4,"baseKey":"BWOiTNm41idy/I9f3Jaf8rHjVoJaW61fYC8OH4qnMLpz","preKeyId":7873679}}},"version":"v1"}