{"_sessions":{"Bd0ekJpFTGeOWDpf0j91Sq8XFmdlEIeNY60SiMV6CJRb":{"registrationId":1760253080,"currentRatchet":{"ephemeralKeyPair":{"pubKey":"BZcx+Es0sFdhm03lYRq/71mRCATjnpeNGI2jBgNg/T1F","privKey":"GKtaBW4sChioHnIoK//eb9MYM/nBw8hRr+NXh1VpFHY="},"lastRemoteEphemeralKey":"BUZOOk0F/U6piiJTWRlROk7JPlGe3UhSsTCuk5pRr4oy","previousCounter":0,"rootKey":"C9jVaKYhiciPyq1WVnP57jkK0ic+Q6C94CIHkpmAXHQ="},"indexInfo":{"baseKey":"Bd0ekJpFTGeOWDpf0j91Sq8XFmdlEIeNY60SiMV6CJRb","baseKeyType":1,"closed":-1,"used":1714085805465,"created":1714085805465,"remoteIdentityKey":"BejJn/6wcKtmBd1frYZ5d0lC//XszFP7Oad6r36FfqUQ"},"_chains":{"BZcx+Es0sFdhm03lYRq/71mRCATjnpeNGI2jBgNg/T1F":{"chainKey":{"counter":20,"key":"U2VIRVmT947BxYuYbJGqvxVmQiDqxBLmJKxFxw4NxKk="},"chainType":1,"messageKeys":{}}},"pendingPreKey":{"signedKeyId":2,"baseKey":"Bd0ekJpFTGeOWDpf0j91Sq8XFmdlEIeNY60SiMV6CJRb","preKeyId":11264582}}},"version":"v1"}