{"_sessions":{"BciLHJljxN1fa3vVFgM8JrdVxnZwousJe5gGfgklyf8t":{"registrationId":12515584,"currentRatchet":{"ephemeralKeyPair":{"pubKey":"BcVYbx6h/1DPQIKlKObc4XlW4tjABK3KnthvL0vexWJz","privKey":"wGZWEcuNR/9ZQg2qrMyWQtAjXjLSzEXM9hqA3vOSBW4="},"lastRemoteEphemeralKey":"BdrigVsWLwWt5bwxR2uZ+Qd7qXtjICFiGGL3h91jOMUb","previousCounter":0,"rootKey":"4K0sxRRaWq37j6X9nuSgHFvYJBtiDUPprYe+bO/Ak/E="},"indexInfo":{"baseKey":"BciLHJljxN1fa3vVFgM8JrdVxnZwousJe5gGfgklyf8t","baseKeyType":1,"closed":-1,"used":1714085805676,"created":1714085805676,"remoteIdentityKey":"BYX9mUFM5rvbJB901ME0K9G6gq20xPdSuauROb0rmNRY"},"_chains":{"BcVYbx6h/1DPQIKlKObc4XlW4tjABK3KnthvL0vexWJz":{"chainKey":{"counter":20,"key":"Mi1Yr96zxsDJREIDuIyb08uOWwFukIBGOR5vLqSZItc="},"chainType":1,"messageKeys":{}}},"pendingPreKey":{"signedKeyId":4,"baseKey":"BciLHJljxN1fa3vVFgM8JrdVxnZwousJe5gGfgklyf8t","preKeyId":16571127}}},"version":"v1"}