{"_sessions":{"BXXLlNyiwHkLog3krS4cNlXjZ4HKFvLYegLSBtDEWcAr":{"registrationId":9133,"currentRatchet":{"ephemeralKeyPair":{"pubKey":"BeNTSujWKciTtgEsmHKIeA7j3oPxa3ikM8GXDuyDBlQo","privKey":"CLaVpC2EcCNYIXg6TFiapTDjKVaiGZhYwcz1qvb8NFQ="},"lastRemoteEphemeralKey":"BetYw7cz7ve2l8e4+lY8ms5T9D1MTgRlc5DqeBtJAj9C","previousCounter":0,"rootKey":"M0tnLRK413K2+68uxftk+Ujds1pZ3oSqm7SvsdsE83o="},"indexInfo":{"baseKey":"BXXLlNyiwHkLog3krS4cNlXjZ4HKFvLYegLSBtDEWcAr","baseKeyType":1,"closed":-1,"used":1714085805247,"created":1714085805247,"remoteIdentityKey":"BSirV7XiwKnNVkXkzGICge6hdMEPbWGz6p3uHjcrwMIF"},"_chains":{"BeNTSujWKciTtgEsmHKIeA7j3oPxa3ikM8GXDuyDBlQo":{"chainKey":{"counter":20,"key":"1KOO+44hkOb2Bf6v6OSXYnxnF3Y0/iH/qvHaCxOFBXE="},"chainType":1,"messageKeys":{}}},"pendingPreKey":{"signedKeyId":1,"baseKey":"BXXLlNyiwHkLog3krS4cNlXjZ4HKFvLYegLSBtDEWcAr"}}},"version":"v1"}