{"_sessions":{"Bcc0vwmaWllrIPPtJ+uAfP7+o7YgtE3q7Pr1qTWUiLYz":{"registrationId":1208755594,"currentRatchet":{"ephemeralKeyPair":{"pubKey":"BY5dSgwUoKrEH/t3Zr8UUQ8385JoxnGh+s5KaT8BRkdC","privKey":"WNre458AIOVVom1T3w7u1slzeUX6GiimJt69OfYA91M="},"lastRemoteEphemeralKey":"BVpCjRtCB/k4rBuRQzCC/qe5gZXliQLJr65bmwdNlV5A","previousCounter":0,"rootKey":"/vgYm0796fGUO9MaF6tICagHpmEEewSBbcR/AEUx8Pc="},"indexInfo":{"baseKey":"Bcc0vwmaWllrIPPtJ+uAfP7+o7YgtE3q7Pr1qTWUiLYz","baseKeyType":1,"closed":-1,"used":1714085805623,"created":1714085805623,"remoteIdentityKey":"BSikZ/H7nO5N9VVcnVXFdQXgkPkuN9JO8OhjqaeKfBpF"},"_chains":{"BY5dSgwUoKrEH/t3Zr8UUQ8385JoxnGh+s5KaT8BRkdC":{"chainKey":{"counter":20,"key":"yoslgaWaHmdgG8W5s+FNw8R/Az/UmlYQfwIAjVukyzE="},"chainType":1,"messageKeys":{}}},"pendingPreKey":{"signedKeyId":6,"baseKey":"Bcc0vwmaWllrIPPtJ+uAfP7+o7YgtE3q7Pr1qTWUiLYz","preKeyId":15202498}}},"version":"v1"}