{"_sessions":{"BZl4EnIv4X8uUceZjucyYVQACR6hLBvV2d4zVqXDdk8r":{"registrationId":2648,"currentRatchet":{"ephemeralKeyPair":{"pubKey":"BWbhJnNijsGACEBcJIUakZ/vVcHufuHWsuhtWa2Bynto","privKey":"yGC3J/ePwnSNpPmi2RfBHdUXiiM93r/N1bRyy4Iu6XI="},"lastRemoteEphemeralKey":"Ba3ZT96ZJHiUGKfxKJ3m/NKcWgwZG7pnd/NLb1B/H5RR","previousCounter":0,"rootKey":"tBJyPMDzNwPly3G1E+y9M59v4crscOrpAI7HS0TS5bI="},"indexInfo":{"baseKey":"BZl4EnIv4X8uUceZjucyYVQACR6hLBvV2d4zVqXDdk8r","baseKeyType":2,"closed":-1,"used":1714090278988,"created":1714090278988,"remoteIdentityKey":"BXx4/cdaJZHx0Clecd+ldKDtMmTiIsxX0Tjin2yHmvdn"},"_chains":{"Ba3ZT96ZJHiUGKfxKJ3m/NKcWgwZG7pnd/NLb1B/H5RR":{"chainKey":{"counter":0,"key":"f7IsqVdd/KOmdDWrn5vXi4MveAdOC1uxLkZoyBO5v7o="},"chainType":2,"messageKeys":{}},"BWbhJnNijsGACEBcJIUakZ/vVcHufuHWsuhtWa2Bynto":{"chainKey":{"counter":-1,"key":"YQ9ZBHPEfFS8EuS1tqzFrJpxF9ljqCNw39IvHNp5q5w="},"chainType":1,"messageKeys":{}}}}},"version":"v1"}