{"_sessions":{"BewyZKItjakpDpK5+F7b3+QCZIncJhBBt+nf5OLOELQx":{"registrationId":891639638,"currentRatchet":{"ephemeralKeyPair":{"pubKey":"BVHW4ZZPz+uXpsOC9TdhqodR3UaQ4EBw3bZ9ugiUkdkg","privKey":"yIzi7d35YKxw/GQxYF5DQDP6wl12/dXsXHIJPTWKAG4="},"lastRemoteEphemeralKey":"BYl/dFpjpZKNdl9iSTObxZAMneFeuQTygr3/ZwamiMNC","previousCounter":0,"rootKey":"FJtiV00l7Qyz5chqtezHi8RDBfM7oWeOq0qG6azkPx0="},"indexInfo":{"baseKey":"BewyZKItjakpDpK5+F7b3+QCZIncJhBBt+nf5OLOELQx","baseKeyType":1,"closed":-1,"used":1714106299287,"created":1714106299287,"remoteIdentityKey":"BUI1Nl8j3ry37R1ukCoZjzJ15QK509Xi8LcVgxCu0xF/"},"_chains":{"BVHW4ZZPz+uXpsOC9TdhqodR3UaQ4EBw3bZ9ugiUkdkg":{"chainKey":{"counter":0,"key":"ZdjdkhAtJ8mFPrT8qemItOKO9+y1BuIbDf7kcsGyIoo="},"chainType":1,"messageKeys":{}}},"pendingPreKey":{"signedKeyId":2,"baseKey":"BewyZKItjakpDpK5+F7b3+QCZIncJhBBt+nf5OLOELQx","preKeyId":2092921}}},"version":"v1"}