{"_sessions":{"BfAYy4w2v68lCp7GemHySandofsfnR5NrMTeB1OsYzl6":{"registrationId":1748,"currentRatchet":{"ephemeralKeyPair":{"pubKey":"Ba0Alw4gVCfk1eVLtEI37prSQg6S1zyRGfsxYcz31jRW","privKey":"KN1Hz8YYtttADwm/UCdQm/NBIYCd6vBvMdMLCxGJHWQ="},"lastRemoteEphemeralKey":"BcjZJwyf+s9ArqyLZBFp4mVB1nEGV7H9OdmDpyQMN0QN","previousCounter":0,"rootKey":"6DTCcXTxtdiRMZLjEohiYiO1A5ph9xwi5o7M9f8+knI="},"indexInfo":{"baseKey":"BfAYy4w2v68lCp7GemHySandofsfnR5NrMTeB1OsYzl6","baseKeyType":1,"closed":-1,"used":1714085805149,"created":1714085805149,"remoteIdentityKey":"BWStPd2dUTHSGtTZMoymLbe7MBpSd2EkjegPlRbXmAwP"},"_chains":{"Ba0Alw4gVCfk1eVLtEI37prSQg6S1zyRGfsxYcz31jRW":{"chainKey":{"counter":20,"key":"2uKzly2XD48nq8h/PfLyXH7FKW6Wx+xFdgjdQSq0xc4="},"chainType":1,"messageKeys":{}}},"pendingPreKey":{"signedKeyId":1,"baseKey":"BfAYy4w2v68lCp7GemHySandofsfnR5NrMTeB1OsYzl6"}}},"version":"v1"}