{"_sessions":{"BTH5ltFA6c+GLVKs8cgv2c2OSWd4Rb93cY9eh0hKxVJF":{"registrationId":1002622540,"currentRatchet":{"ephemeralKeyPair":{"pubKey":"BQOaQ+6zqfKtARUuF4XxQ0GbkGe92A+qbmMnVW2LRDwe","privKey":"2LMei30HaKiTuScMinG+0zeFHIOj+jIXq9/WYrkUtVk="},"lastRemoteEphemeralKey":"BXxvWLZzL3cre7pX2RDtOjxATW0EI2Umuf7z1a+H52xv","previousCounter":0,"rootKey":"j3ln7vleZ+a8ZG/+/kK5Lot+Brwpl43Sqhtv10z1aK4="},"indexInfo":{"baseKey":"BTH5ltFA6c+GLVKs8cgv2c2OSWd4Rb93cY9eh0hKxVJF","baseKeyType":1,"closed":-1,"used":1714085805330,"created":1714085805330,"remoteIdentityKey":"BdlksTfYOgIcpaEgpEYbPitgSRKh+4RM6UZUOu/WLnUR"},"_chains":{"BQOaQ+6zqfKtARUuF4XxQ0GbkGe92A+qbmMnVW2LRDwe":{"chainKey":{"counter":20,"key":"xafVP6a9PaLTLmGOzn8/vcG8iSNd5L6jlrFO1C7GYBQ="},"chainType":1,"messageKeys":{}}},"pendingPreKey":{"signedKeyId":14,"baseKey":"BTH5ltFA6c+GLVKs8cgv2c2OSWd4Rb93cY9eh0hKxVJF","preKeyId":2958952}}},"version":"v1"}