{"_sessions":{"BS0CTSd/J5mveOLNRQtn5ZR0Mpg8iszFoGH03YF/CxIl":{"registrationId":1287321280,"currentRatchet":{"ephemeralKeyPair":{"pubKey":"BSztCUVUy81ZSw8qstlPKl3uNj99AzfDV2gS6bI5NPE+","privKey":"yOCZJjCnZxk0pndeUfhfy4TQ/bKoiqxYGiDNHaFp4Wc="},"lastRemoteEphemeralKey":"BSoA1xCeE2ppuouemtIbwbiBO1il8VheM6/AbdFyfB0X","previousCounter":0,"rootKey":"tUar0PyJl39v5l2tY1FICRNXAsWOoYowC76Il6hHt7U="},"indexInfo":{"baseKey":"BS0CTSd/J5mveOLNRQtn5ZR0Mpg8iszFoGH03YF/CxIl","baseKeyType":1,"closed":-1,"used":1714108823409,"created":1714106299285,"remoteIdentityKey":"BeekkDfJuwwxERicgpf44ntoI2VWjj/I56UhQdnEygkA"},"_chains":{"BSoA1xCeE2ppuouemtIbwbiBO1il8VheM6/AbdFyfB0X":{"chainKey":{"counter":0,"key":"d8biosm3x3b+W5uo4pYy2v+ZDgzyAW/4swc/JvQQnf4="},"chainType":2,"messageKeys":{}},"BSztCUVUy81ZSw8qstlPKl3uNj99AzfDV2gS6bI5NPE+":{"chainKey":{"counter":-1,"key":"9xDCFWyfp89GujrhGbyNOJnfzJPzxGAgxq8LXEuuP64="},"chainType":1,"messageKeys":{}}}}},"version":"v1"}