{"_sessions":{"BZDrUBZ+/b54XsBsIn3ehYLTHkUTZjsPypbFH5gp4XUb":{"registrationId":814883350,"currentRatchet":{"ephemeralKeyPair":{"pubKey":"Bb/OQJT7JoLW9/HEdQgymGPIfAI+QEHSWdI2IBvjbvF5","privKey":"iJFuvc0ZjVD2mTFIoBlRi2bKWLmXeNwObXnjauE+A30="},"lastRemoteEphemeralKey":"BV5iYrZ+PZoGCcLZBMkkEzGrAwTQ/QoaFFZ2B/tcSNsI","previousCounter":0,"rootKey":"061J0p31m9ZX98dORryCEcwWaKwFsQcw3vWUhKRPb1Q="},"indexInfo":{"baseKey":"BZDrUBZ+/b54XsBsIn3ehYLTHkUTZjsPypbFH5gp4XUb","baseKeyType":1,"closed":-1,"used":1714106011948,"created":1714106011948,"remoteIdentityKey":"BSnhTq4ykjyAgjg3n7lBkePHqao6UqbsACcWFdpDc6kf"},"_chains":{"Bb/OQJT7JoLW9/HEdQgymGPIfAI+QEHSWdI2IBvjbvF5":{"chainKey":{"counter":6,"key":"PtiIXhoMqUFDieCUt6USUEIEk/nLt+cUAnfvvLLkP6A="},"chainType":1,"messageKeys":{}}},"pendingPreKey":{"signedKeyId":0,"baseKey":"BZDrUBZ+/b54XsBsIn3ehYLTHkUTZjsPypbFH5gp4XUb","preKeyId":1966544}}},"version":"v1"}