{"_sessions":{"BV51Jn2gF2uxqiaXXt/W8B5/+72b22SRE07+0His+Bd2":{"registrationId":1655929297,"currentRatchet":{"ephemeralKeyPair":{"pubKey":"BVRRvWci9DcPSA6HbsASn0pmuaID6e17ejBTK+DhbFsu","privKey":"wOlQtAA3Bs/B2Qd2NkXXyJUHc/K5sysdOuJT4JmZvUA="},"lastRemoteEphemeralKey":"BZd7Bl0dpohsLW8K/eNxlMBbVG8m4Izbzt38FxqriqIu","previousCounter":0,"rootKey":"LtJt1JwAPAHFScBqvv0fgTVhYB+yIyVMsCE4dqKJopg="},"indexInfo":{"baseKey":"BV51Jn2gF2uxqiaXXt/W8B5/+72b22SRE07+0His+Bd2","baseKeyType":1,"closed":1714107246305,"used":1714085461987,"created":1714085461987,"remoteIdentityKey":"BZoCpYgy/XrcL0hBBEHAWltPFSlloasq6IWIWHsQA5oD"},"_chains":{"BVRRvWci9DcPSA6HbsASn0pmuaID6e17ejBTK+DhbFsu":{"chainKey":{"counter":3,"key":"WnZQRF9/AKk59BjJTUAda6kaenA/ohQYPdfxyJAJmg4="},"chainType":1,"messageKeys":{}}},"pendingPreKey":{"signedKeyId":8,"baseKey":"BV51Jn2gF2uxqiaXXt/W8B5/+72b22SRE07+0His+Bd2","preKeyId":16712149}},"BVCcoKDKv/y17jQ+d0NLoQsagd+EEybahgcXwM12UXkc":{"registrationId":1655929297,"currentRatchet":{"ephemeralKeyPair":{"pubKey":"BTS06KXSgEPGO8PkTYK7WDgpGU4/3SsrC6S+Z7kppqty","privKey":"GCM64Okyx9Yk/MYC3IC1BU9zZOdIdenLIH2BJDHKh1Q="},"lastRemoteEphemeralKey":"BZd7Bl0dpohsLW8K/eNxlMBbVG8m4Izbzt38FxqriqIu","previousCounter":0,"rootKey":"4w7M3YANEySDsfI+AAzE8hWqF53tPLaBo5Sext3+bvI="},"indexInfo":{"baseKey":"BVCcoKDKv/y17jQ+d0NLoQsagd+EEybahgcXwM12UXkc","baseKeyType":1,"closed":1714107247433,"used":1714107246303,"created":1714107246303,"remoteIdentityKey":"BZoCpYgy/XrcL0hBBEHAWltPFSlloasq6IWIWHsQA5oD"},"_chains":{"BTS06KXSgEPGO8PkTYK7WDgpGU4/3SsrC6S+Z7kppqty":{"chainKey":{"counter":0,"key":"dFDMOImlGROhS3DyvbBopIE1W/kwZBvK0EUCABHJRVg="},"chainType":1,"messageKeys":{}}},"pendingPreKey":{"signedKeyId":8,"baseKey":"BVCcoKDKv/y17jQ+d0NLoQsagd+EEybahgcXwM12UXkc","preKeyId":16712229}},"BRLwi/WWCgUORGtOY01up5DRawX5WeFUVOjPCazWwioP":{"registrationId":1655929297,"currentRatchet":{"ephemeralKeyPair":{"pubKey":"BSFkri9a/CUmO9+BwNZqtVL/8+vqzkb0t8H7yEnzCSwf","privKey":"UHO+sOc0hidE/9RTQJMSHVMaHCJSO9zuzZJC1FsL7mM="},"lastRemoteEphemeralKey":"BTjRybiBm5nSygJ+t/tKMSmhiD6TRZaDq20lMMgsYqMU","previousCounter":0,"rootKey":"vTTX5XTVH7NZJ8wnrSsB5enafaoUavMHzVxURdKUXIk="},"indexInfo":{"baseKey":"BRLwi/WWCgUORGtOY01up5DRawX5WeFUVOjPCazWwioP","baseKeyType":1,"closed":-1,"used":1714107532372,"created":1714107247430,"remoteIdentityKey":"BZoCpYgy/XrcL0hBBEHAWltPFSlloasq6IWIWHsQA5oD"},"_chains":{"BTjRybiBm5nSygJ+t/tKMSmhiD6TRZaDq20lMMgsYqMU":{"chainKey":{"counter":0,"key":"ZsccP8oaSAlKU7KP57KZsXWlwC3EQAiHfTmwa85E3sw="},"chainType":2,"messageKeys":{}},"BSFkri9a/CUmO9+BwNZqtVL/8+vqzkb0t8H7yEnzCSwf":{"chainKey":{"counter":1,"key":"B7VvrQAcqIY2ZOtgv1tx2zClj+KsM3/XkWDjTk4Yg3Q="},"chainType":1,"messageKeys":{}}}}},"version":"v1"}