{"_sessions":{"Bb+/7yQGQM3ifzdiVxrQT2IxGsSsouOZ7hSbMUZ3yqAz":{"registrationId":1010552203,"currentRatchet":{"ephemeralKeyPair":{"pubKey":"BbUMevnZEVc4XJwor9tdUL3AYZhHehM7mVb1LCX+a6Rx","privKey":"OI0hY+xQWQuayOVRBAB17Vg5hLR0KRBsBf/TEdcFD38="},"lastRemoteEphemeralKey":"BQiRqDcQ+PCz9MwIcwD81O8tFSHC8IrCTMeaSCVDZ1Rg","previousCounter":0,"rootKey":"+2OLTzST6EVL6eBrgjmqhFByzWm9JfA/27r4n3RvqUc="},"indexInfo":{"baseKey":"Bb+/7yQGQM3ifzdiVxrQT2IxGsSsouOZ7hSbMUZ3yqAz","baseKeyType":1,"closed":-1,"used":1714085805679,"created":1714085805679,"remoteIdentityKey":"BV4y1RBh8g/9pTbxmJZ+X1CAsnsjUn0qnINU74RbTpoK"},"_chains":{"BbUMevnZEVc4XJwor9tdUL3AYZhHehM7mVb1LCX+a6Rx":{"chainKey":{"counter":20,"key":"WGbHBL7sL442S2uh8fi4KMaQxqKtbvUB81GjhiApV6E="},"chainType":1,"messageKeys":{}}},"pendingPreKey":{"signedKeyId":41,"baseKey":"Bb+/7yQGQM3ifzdiVxrQT2IxGsSsouOZ7hSbMUZ3yqAz","preKeyId":4557387}}},"version":"v1"}