{"_sessions":{"Bc+ufRmtKXkQtlkxv7KGQKhk33818KCaQrUI4x2S3E5W":{"registrationId":1043331656,"currentRatchet":{"ephemeralKeyPair":{"pubKey":"BUpcmdUd39ojjL9+tSlfERoFZl2Y0RTlZmqn48kmvhZV","privKey":"cFSmu5pey38gr1NVo+rSg1UhIW21PV5A1XLW/4Jkek4="},"lastRemoteEphemeralKey":"BQSNnK18jcYW+6c1ARu3ipsA+KpOexqGP5feMtyc2IVy","previousCounter":0,"rootKey":"4dkJlgIbGtAqj3wpvmPdkdj+dJkB6ngKI+8HGYTcxNw="},"indexInfo":{"baseKey":"Bc+ufRmtKXkQtlkxv7KGQKhk33818KCaQrUI4x2S3E5W","baseKeyType":1,"closed":-1,"used":1714085805572,"created":1714085805572,"remoteIdentityKey":"BeEdXpudjfz2OH/6MN8tviKkB8ga+YemtlweMinxrvAu"},"_chains":{"BUpcmdUd39ojjL9+tSlfERoFZl2Y0RTlZmqn48kmvhZV":{"chainKey":{"counter":20,"key":"wxjm3kffNLh2qANameWGCvQUrM+pbIJcDO2Cg7rxiSQ="},"chainType":1,"messageKeys":{}}},"pendingPreKey":{"signedKeyId":3,"baseKey":"Bc+ufRmtKXkQtlkxv7KGQKhk33818KCaQrUI4x2S3E5W","preKeyId":10086489}}},"version":"v1"}