{"_sessions":{"BXdC832q1TcS2+ijxhBV2mG+UHCUN/BDNA9UpVYv3MoJ":{"registrationId":1066504543,"currentRatchet":{"ephemeralKeyPair":{"pubKey":"BaR3G8Y4i05m5MHd63KrU1OBzgZYQ3mDfjLUrNauIxd1","privKey":"yACqM2RjbSEL1+2roRNc8BRc/35+mX7qW3DFcGbF3VU="},"lastRemoteEphemeralKey":"BSsmATsF/CjRcpAv0MO4lY0s6se3ShNTGYVMu9XCFaVf","previousCounter":0,"rootKey":"N4ajCqnqnnqOBqOAcP7Itw5AKnUCBWoNCMKQs9A12sY="},"indexInfo":{"baseKey":"BXdC832q1TcS2+ijxhBV2mG+UHCUN/BDNA9UpVYv3MoJ","baseKeyType":1,"closed":-1,"used":1714085805558,"created":1714085805558,"remoteIdentityKey":"BcyakC6bymMwk5K9n5Is7Qlm+f4POtSgV/RAGC8eHmUH"},"_chains":{"BaR3G8Y4i05m5MHd63KrU1OBzgZYQ3mDfjLUrNauIxd1":{"chainKey":{"counter":3,"key":"5o77tdU+XZWvZrLa52sAB6n3hYqcjZy7FtBHvEqm94E="},"chainType":1,"messageKeys":{}}},"pendingPreKey":{"signedKeyId":2,"baseKey":"BXdC832q1TcS2+ijxhBV2mG+UHCUN/BDNA9UpVYv3MoJ","preKeyId":7978284}}},"version":"v1"}