{"_sessions":{"BRFrtuT00QpBbWipWTcHyzYaV+5b1sJl78K4wuj+b/Ja":{"registrationId":1036052188,"currentRatchet":{"ephemeralKeyPair":{"pubKey":"BVm09yFHy1UwuwYupFn6vlMrT+mZbcjY+dc1p/N/oIUV","privKey":"SKBkf2UwEYjsOkPavfy0ePFZBuMdoMmlxTjvI4yYh3E="},"lastRemoteEphemeralKey":"BcovfjkICtqLeCcFvSedK0cOQYIdG1io6hIKJpEr+yJX","previousCounter":0,"rootKey":"qS/z0xXHbNzv/neJTF8Ro5Fb8L27mHM8qyyuGwhM0M8="},"indexInfo":{"baseKey":"BRFrtuT00QpBbWipWTcHyzYaV+5b1sJl78K4wuj+b/Ja","baseKeyType":1,"closed":-1,"used":1714085805691,"created":1714085805691,"remoteIdentityKey":"BRpEdTR4zqs02FnuTf+0Ud5m2zl5+4QExRmVGXvm73Ig"},"_chains":{"BVm09yFHy1UwuwYupFn6vlMrT+mZbcjY+dc1p/N/oIUV":{"chainKey":{"counter":20,"key":"B6mdsVvqRh1PyXN3qqs8wbgBz6kMvwaQltrqgimZPz8="},"chainType":1,"messageKeys":{}}},"pendingPreKey":{"signedKeyId":29,"baseKey":"BRFrtuT00QpBbWipWTcHyzYaV+5b1sJl78K4wuj+b/Ja","preKeyId":1053580}}},"version":"v1"}