{"_sessions":{"BfvDmABXRhFQI3Wvf27xhIHuwDRMGIo+rgr9ZsnuRa8u":{"registrationId":1951028870,"currentRatchet":{"ephemeralKeyPair":{"pubKey":"BUsvNQUDTh8l+jrBz9oxqf4wa/1zBBDhAUPa6lUdgad/","privKey":"qGYQdxUlQTxS2r8zw1iBfOWK7Wj5PmKnRM7H+/EY6l0="},"lastRemoteEphemeralKey":"BX4YAtv0zch0hP6URHfWH5oLU4vNzW1ALAwhEmTnXsEo","previousCounter":0,"rootKey":"vpk7ogwuRnYiKehV7GzezJo3k42C7mKnKfxJVpfRiuc="},"indexInfo":{"baseKey":"BfvDmABXRhFQI3Wvf27xhIHuwDRMGIo+rgr9ZsnuRa8u","baseKeyType":1,"closed":-1,"used":1714085805442,"created":1714085805442,"remoteIdentityKey":"BVRMLXhW/A2JS18H6q4G9KmLqUCcGC5lBp8GOncu/fED"},"_chains":{"BUsvNQUDTh8l+jrBz9oxqf4wa/1zBBDhAUPa6lUdgad/":{"chainKey":{"counter":20,"key":"Z5jE+WWxr6z2QmBn4SFg3t1odX9AZhuC6zPA5+mTa/g="},"chainType":1,"messageKeys":{}}},"pendingPreKey":{"signedKeyId":57,"baseKey":"BfvDmABXRhFQI3Wvf27xhIHuwDRMGIo+rgr9ZsnuRa8u","preKeyId":16005063}}},"version":"v1"}