{"_sessions":{"Bba8w+v8IKlUHe+gXpV2K4nz5pKcOSTyNHFE/qJoWQgl":{"registrationId":1488012530,"currentRatchet":{"ephemeralKeyPair":{"pubKey":"BbgQbiTTVzTtkqtpIlfUJAA/NPMt9Sww4H9kE+63BbFW","privKey":"8PHNFhCTt3Q/PqA+n690hpkqK13+D3Gs9v1TwDHhXUc="},"lastRemoteEphemeralKey":"BRxWONufUuOyBkLEeVHdwrXZWnXSFdvbdrDGVx8Czf8B","previousCounter":0,"rootKey":"UtBCrB6TA7jWKsGBf9bsztnKYt9RBGMAi5JxALmXiVE="},"indexInfo":{"baseKey":"Bba8w+v8IKlUHe+gXpV2K4nz5pKcOSTyNHFE/qJoWQgl","baseKeyType":1,"closed":-1,"used":1714085805474,"created":1714085805474,"remoteIdentityKey":"BUxWZeFKlKIA1WbmYWMf5RKTPXvUJH+AFsv4kPFguf5d"},"_chains":{"BbgQbiTTVzTtkqtpIlfUJAA/NPMt9Sww4H9kE+63BbFW":{"chainKey":{"counter":20,"key":"VUpKxvU+KTTscjwAXmkPrCO5ekjwGxOAqf1Rr0u21ig="},"chainType":1,"messageKeys":{}}},"pendingPreKey":{"signedKeyId":324,"baseKey":"Bba8w+v8IKlUHe+gXpV2K4nz5pKcOSTyNHFE/qJoWQgl","preKeyId":11751373}}},"version":"v1"}