{"_sessions":{"BUGjBVrU3gG29TvYJOCeEeFePhiIFrXfoxCPn4zTOCwH":{"registrationId":1295980065,"currentRatchet":{"ephemeralKeyPair":{"pubKey":"BRuQkfBIjFxakFX+Fh+1oIrL/Rph4v/DuC47mqt0biEo","privKey":"yBbyzS3LJnOnnoVk6spCI5bnVvykyyf8iD9iN7q8LV4="},"lastRemoteEphemeralKey":"BROHhCDJqHIvkVEXNJNW+FH+Pr4cEkVPi5yYS5oFrxJx","previousCounter":0,"rootKey":"qcHcQUOH9WHmawW00dAmNhtt82+mYRCAeGis8uVn5GY="},"indexInfo":{"baseKey":"BUGjBVrU3gG29TvYJOCeEeFePhiIFrXfoxCPn4zTOCwH","baseKeyType":1,"closed":-1,"used":1714106011929,"created":1714106011929,"remoteIdentityKey":"BTQnyt0lNfMJHXZFELzJyZ476XdHRJLc1r3AZ8a9sfsb"},"_chains":{"BRuQkfBIjFxakFX+Fh+1oIrL/Rph4v/DuC47mqt0biEo":{"chainKey":{"counter":6,"key":"g0GlWA3b/un3pj93dfAqvi71n2MdjjqOTa6Jpt/cKFw="},"chainType":1,"messageKeys":{}}},"pendingPreKey":{"signedKeyId":24,"baseKey":"BUGjBVrU3gG29TvYJOCeEeFePhiIFrXfoxCPn4zTOCwH"}}},"version":"v1"}