{"_sessions":{"BdgjtNnHymC8QLOVsB7peAUmNsop51i99d/aZiQ7/DpN":{"registrationId":308440917,"currentRatchet":{"ephemeralKeyPair":{"pubKey":"BbgdN/hdUNvFKDtxfD5CHt4oQZ55MJ7reBdqZ4j43g4L","privKey":"+LKxyM+iCSlobO1S6FdrKkRICGtRG4D306NEr+d2SU4="},"lastRemoteEphemeralKey":"BTpblx8dybjTWsvTgb7DXZnAjloTZxmpb9M07cg6UVIW","previousCounter":0,"rootKey":"KIw6ZM4TcCdV1sZycW/P5IXsK3lD+z6AjxJ57fyOT+4="},"indexInfo":{"baseKey":"BdgjtNnHymC8QLOVsB7peAUmNsop51i99d/aZiQ7/DpN","baseKeyType":1,"closed":-1,"used":1714085805481,"created":1714085805481,"remoteIdentityKey":"BZNy7Me/kcSj/XlOVuWZLaV8tXDMS4AO/zu3h9Q4fNtr"},"_chains":{"BbgdN/hdUNvFKDtxfD5CHt4oQZ55MJ7reBdqZ4j43g4L":{"chainKey":{"counter":20,"key":"SD+k/jkIdhurFwrHyO/70yLjsFkAWIy+jgRV22vxsKc="},"chainType":1,"messageKeys":{}}},"pendingPreKey":{"signedKeyId":26,"baseKey":"BdgjtNnHymC8QLOVsB7peAUmNsop51i99d/aZiQ7/DpN","preKeyId":8887373}}},"version":"v1"}