{"_sessions":{"Bdu/60TLiQ2yTMfCf+yiKmm0n8vYktlOmBwG5X88K2Ny":{"registrationId":814934178,"currentRatchet":{"ephemeralKeyPair":{"pubKey":"BaYjh7TXOQrgi5sEs0YZjoWQ+m/LFIbKhcgxWNVZIWIM","privKey":"oN2FsoqYU9aWlTEScCGNYwwKssHZNoXLlgjfzsYwP00="},"lastRemoteEphemeralKey":"BUmEjVCgxqVObdUqcXd2nx95Q9cPLkVUnSXDNiHVvAgv","previousCounter":0,"rootKey":"aB+hkL2chdNflhMJyw12DLCwmArXODrtkBnuBOZDzmg="},"indexInfo":{"baseKey":"Bdu/60TLiQ2yTMfCf+yiKmm0n8vYktlOmBwG5X88K2Ny","baseKeyType":1,"closed":-1,"used":1714085843176,"created":1714085843176,"remoteIdentityKey":"BZwA+J85NJlDe4Id6hJpWft8x1b7BXk7skfl56H1xN41"},"_chains":{"BaYjh7TXOQrgi5sEs0YZjoWQ+m/LFIbKhcgxWNVZIWIM":{"chainKey":{"counter":0,"key":"dkVyJs661h+g7klGwZ0Y4EwAU/M0GcneS9HW33mnUGM="},"chainType":1,"messageKeys":{}}},"pendingPreKey":{"signedKeyId":0,"baseKey":"Bdu/60TLiQ2yTMfCf+yiKmm0n8vYktlOmBwG5X88K2Ny","preKeyId":5946639}}},"version":"v1"}