{"_sessions":{"BU8spL13nybpm+smRQH6AiK5yvJ9mx+EzAdxlJnb8cNS":{"registrationId":1854417635,"currentRatchet":{"ephemeralKeyPair":{"pubKey":"BTMRbvaeY/nCbz5xxSM3aaz/9s0qZKLq2MhMWVII5nVc","privKey":"2C01yruErgZW2XRWxnLsadlaD+rTCrpD0/1YpuHOLUo="},"lastRemoteEphemeralKey":"BXTX5zuIsA7j97yoxBpUkyPaCHQUmg2em5MYJiOBK4N/","previousCounter":0,"rootKey":"O8InOHSMJ60g84Esgd21StS8EeFL3y/V/GtHRkU0V6I="},"indexInfo":{"baseKey":"BU8spL13nybpm+smRQH6AiK5yvJ9mx+EzAdxlJnb8cNS","baseKeyType":1,"closed":-1,"used":1714085805600,"created":1714085805600,"remoteIdentityKey":"BXBWszMOZF5an+/31n48mYV/TIWOdlNK2D+A29u8VuJt"},"_chains":{"BTMRbvaeY/nCbz5xxSM3aaz/9s0qZKLq2MhMWVII5nVc":{"chainKey":{"counter":20,"key":"Wbj0O+nSZRRGU/iDXb2FXonxZe/y35VIxndxaTWWInQ="},"chainType":1,"messageKeys":{}}},"pendingPreKey":{"signedKeyId":0,"baseKey":"BU8spL13nybpm+smRQH6AiK5yvJ9mx+EzAdxlJnb8cNS","preKeyId":11048382}}},"version":"v1"}