{"_sessions":{"BY7sFWgDPOE1wTxWyNQ84aCg/0CUVr/KdorkV1AX2NYx":{"registrationId":547961184,"currentRatchet":{"ephemeralKeyPair":{"pubKey":"Ba6Q91cBl/doUYTiflgCIZjfqn3NFHHoTE3GGCI2FjAM","privKey":"oP8n9r35ckaAQHabtllI6UnhImKALCWe2Q/zRFGO0no="},"lastRemoteEphemeralKey":"BchiHFEOM+yuckPZmFSyyYxnR4NuglE+uiOQjdC6sb5x","previousCounter":0,"rootKey":"VWLoo1f6p/KBcjEtx0SQKTLQhpyyXc0Bv71mkWYPXP4="},"indexInfo":{"baseKey":"BY7sFWgDPOE1wTxWyNQ84aCg/0CUVr/KdorkV1AX2NYx","baseKeyType":1,"closed":-1,"used":1714085805486,"created":1714085805486,"remoteIdentityKey":"BTgadWrKjCR/ez3akDTyXITFg1iI4oVYj9dOo6Au8cM2"},"_chains":{"Ba6Q91cBl/doUYTiflgCIZjfqn3NFHHoTE3GGCI2FjAM":{"chainKey":{"counter":20,"key":"qkUnTQc/yVtSIEigrRWEJnczY0dUgxhXcstDGsv/42Q="},"chainType":1,"messageKeys":{}}},"pendingPreKey":{"signedKeyId":34,"baseKey":"BY7sFWgDPOE1wTxWyNQ84aCg/0CUVr/KdorkV1AX2NYx","preKeyId":7737963}}},"version":"v1"}