{"_sessions":{"BdjygZx3UqPcfiUpF+fmIp9ZOFoJb22pyvjNykCF7mRx":{"registrationId":14194,"currentRatchet":{"ephemeralKeyPair":{"pubKey":"BfR9nKIoj+osZNbe4UvQSyiKFE07chFtCS5WuhZfOep6","privKey":"iLcQ7obpMnjNBCxRJRNtTceb5jdq1tT8IeeNh8VrpFk="},"lastRemoteEphemeralKey":"BZA9CF/TB2ktTO/ZEX2ezWWus6Xgy4EEFhBdqxgFkZlK","previousCounter":0,"rootKey":"KiU6jAmC+7fe/fWWJwJo6FTJO+x4VDsvRnp2z8cGGGc="},"indexInfo":{"baseKey":"BdjygZx3UqPcfiUpF+fmIp9ZOFoJb22pyvjNykCF7mRx","baseKeyType":1,"closed":-1,"used":1714106011861,"created":1714106011861,"remoteIdentityKey":"BbjjnGsYjxFvCXth8SCJEcKRqNWmQws9H6F6CjzOQv8J"},"_chains":{"BfR9nKIoj+osZNbe4UvQSyiKFE07chFtCS5WuhZfOep6":{"chainKey":{"counter":6,"key":"1R+zoeZTLJvisJtvvcgmUPPpEbszqcvrbS/1cscWZIg="},"chainType":1,"messageKeys":{}}},"pendingPreKey":{"signedKeyId":1,"baseKey":"BdjygZx3UqPcfiUpF+fmIp9ZOFoJb22pyvjNykCF7mRx","preKeyId":367}}},"version":"v1"}