{"_sessions":{"Bf/zMGb62hJ5cfeWtmOqtRge2jsRGqsmYHxcPBSGggQ0":{"registrationId":517631041,"currentRatchet":{"ephemeralKeyPair":{"pubKey":"BSBgnByibSCf65xKB2nPq+53gys3er5OdL7CM+dFc+pe","privKey":"yBzXncse7+JfCcPmPX1VHu5YeUZntgW5jeA36n/WPmg="},"lastRemoteEphemeralKey":"Bf90g0NRWAN04ynYsh4QEBuCt3hdIhhvLGf2xgVFRXlC","previousCounter":0,"rootKey":"2fZCl00C+5BK/qau/es+Z72XqNhW1uUPs27DeYifgG8="},"indexInfo":{"baseKey":"Bf/zMGb62hJ5cfeWtmOqtRge2jsRGqsmYHxcPBSGggQ0","baseKeyType":1,"closed":-1,"used":1714106011937,"created":1714106011937,"remoteIdentityKey":"BU9629awgWzO8dACTtH0TQ1kiq1LTvDxATJSKXuEGt4N"},"_chains":{"BSBgnByibSCf65xKB2nPq+53gys3er5OdL7CM+dFc+pe":{"chainKey":{"counter":6,"key":"lyKe7OSXe5Brd27d/hv+gSLVhLixPRUZ3Sjhd8X5Kxk="},"chainType":1,"messageKeys":{}}},"pendingPreKey":{"signedKeyId":0,"baseKey":"Bf/zMGb62hJ5cfeWtmOqtRge2jsRGqsmYHxcPBSGggQ0","preKeyId":5311064}}},"version":"v1"}