{"_sessions":{"BUNWy6RupWryXSyDstyUq1wimGA9ovqtjkB+Pmk+/15J":{"registrationId":797743989,"currentRatchet":{"ephemeralKeyPair":{"pubKey":"BRbV/UQVOVbwVKy0X6btPPHqOeah+Nm2T5R0vHdgY69Y","privKey":"+FHxz55QepD74LvRwgrQPixmNIfXwk/z8DadnkfDslw="},"lastRemoteEphemeralKey":"BcTc/P2UN44svOw9E1Fa0+wex9NbBIZwvoXnTwb6CNlA","previousCounter":0,"rootKey":"3y6QdRmWcObuXbbfYE2gTf3xWIPHn8xluglcpfpLTWQ="},"indexInfo":{"baseKey":"BUNWy6RupWryXSyDstyUq1wimGA9ovqtjkB+Pmk+/15J","baseKeyType":1,"closed":-1,"used":1714106011980,"created":1714106011980,"remoteIdentityKey":"BSgHLA+RgGq3EnmHFVNAPkBt0Qywt6qP/XHx2YnKZ8VZ"},"_chains":{"BRbV/UQVOVbwVKy0X6btPPHqOeah+Nm2T5R0vHdgY69Y":{"chainKey":{"counter":6,"key":"dW49NUp1ZfeyZZUut3dgenYPbCLdGXcU8iuw3zTtAWc="},"chainType":1,"messageKeys":{}}},"pendingPreKey":{"signedKeyId":12,"baseKey":"BUNWy6RupWryXSyDstyUq1wimGA9ovqtjkB+Pmk+/15J","preKeyId":12832204}}},"version":"v1"}