{"_sessions":{"BUPtzP4QpoLMhv5lA4jkH9h0HZM3X/QHWZPtQKlPA6Qz":{"registrationId":1257803947,"currentRatchet":{"ephemeralKeyPair":{"pubKey":"BUpVaWwUch61XqHZ8wCLmhKg1kzTtaxiKVNyc8lCjExK","privKey":"uHVTvT6ciWTcX5GESHLNo+mdOkjh7ne3G8f49UzrRnk="},"lastRemoteEphemeralKey":"BTc4aOonEoZXUBIbmMUE7uOF5zA8M8loMYF618LBwu0s","previousCounter":0,"rootKey":"YjWwfr2yiBaO8jmocL7wzQ3Z+C8Yw59RpC/1hwM+B6s="},"indexInfo":{"baseKey":"BUPtzP4QpoLMhv5lA4jkH9h0HZM3X/QHWZPtQKlPA6Qz","baseKeyType":1,"closed":-1,"used":1714085805435,"created":1714085805435,"remoteIdentityKey":"BRZavI10nzk4s05BnpXVqcnBZ7fWF6kQEi1HY/keOKd8"},"_chains":{"BUpVaWwUch61XqHZ8wCLmhKg1kzTtaxiKVNyc8lCjExK":{"chainKey":{"counter":20,"key":"klLebuBNsXEgdYqY0SmoBw9jvAGwrs6mgHkf8BD5z+0="},"chainType":1,"messageKeys":{}}},"pendingPreKey":{"signedKeyId":4,"baseKey":"BUPtzP4QpoLMhv5lA4jkH9h0HZM3X/QHWZPtQKlPA6Qz","preKeyId":2468929}}},"version":"v1"}