{"_sessions":{"BYpkp4IbujyLl82f647oAqbP+mzpTYdz8DkAesEirOg3":{"registrationId":1470156488,"currentRatchet":{"ephemeralKeyPair":{"pubKey":"BWtN5wL9/kdzm0Emngev1jP+EZut2EHcMlpwW/jxo8c0","privKey":"wAY49moHMfeeQokI9ap6499nMacf4Gu5Upj4s362Q1Q="},"lastRemoteEphemeralKey":"Beg1z6FEYcIGxytubEq3qbrAXAA5Cow2AlEP4ynTQwF7","previousCounter":0,"rootKey":"FnLfB7oknTbrpCsaNeBemGcOAHZT6WCP2O4ATnot1y8="},"indexInfo":{"baseKey":"BYpkp4IbujyLl82f647oAqbP+mzpTYdz8DkAesEirOg3","baseKeyType":1,"closed":-1,"used":1714106299332,"created":1714106299332,"remoteIdentityKey":"Bf8UUNe9eBbSxsCdPVhCq2vsgtsVrv+QfCX35xUa9bgb"},"_chains":{"BWtN5wL9/kdzm0Emngev1jP+EZut2EHcMlpwW/jxo8c0":{"chainKey":{"counter":0,"key":"dmSsvZTDIkh6k2h28iXxPC+wmnQvEEHNAYbk74G04Nw="},"chainType":1,"messageKeys":{}}},"pendingPreKey":{"signedKeyId":11,"baseKey":"BYpkp4IbujyLl82f647oAqbP+mzpTYdz8DkAesEirOg3","preKeyId":5047484}}},"version":"v1"}