{"_sessions":{"BSS5+GCRBxdCNiFGmA7PHinFguCyv4Yk7yyQEjD5FqVi":{"registrationId":109837111,"currentRatchet":{"ephemeralKeyPair":{"pubKey":"BeNsxAjLK77bVo51CFO9by1MHOAHypgB+MDUgK7FI1Iw","privKey":"mPSU8l/+1p9ktUBV2t5fnSfo8OIDTHXsPezPmYCHSkc="},"lastRemoteEphemeralKey":"BfYSF47rAIX2Bsz7a/azcLLl/oCcYzOIlIm79Jx9GoJO","previousCounter":0,"rootKey":"9uSpVEd0GcNPjm7GChtikJybiUYJgWb7VrgWSGejSw4="},"indexInfo":{"baseKey":"BSS5+GCRBxdCNiFGmA7PHinFguCyv4Yk7yyQEjD5FqVi","baseKeyType":1,"closed":-1,"used":1714085805669,"created":1714085805669,"remoteIdentityKey":"BRf3g0sk43DwxjqP7LzkwhNrVFRTUm9Hiatl2Aft9Dpl"},"_chains":{"BeNsxAjLK77bVo51CFO9by1MHOAHypgB+MDUgK7FI1Iw":{"chainKey":{"counter":20,"key":"jvFpzc/DCgYQL9639UInap+ZSNSNj/t5lpwUTLFgwpo="},"chainType":1,"messageKeys":{}}},"pendingPreKey":{"signedKeyId":14,"baseKey":"BSS5+GCRBxdCNiFGmA7PHinFguCyv4Yk7yyQEjD5FqVi","preKeyId":4940626}}},"version":"v1"}