{"_sessions":{"BdGxBTS6UWQl0PSV5yFpJpsdLsD9GbElLX6o75HjHY9Q":{"registrationId":2108345468,"currentRatchet":{"ephemeralKeyPair":{"pubKey":"BTIcUHwlUe0fm51NOTU6KNqdPx7DpOBoPG5Ff++AWFsD","privKey":"KHAMvv5z3TCKUDtPH1Wwralb6NouPkP0yDF3SBo+K0o="},"lastRemoteEphemeralKey":"BREJtdAo+1KBIsF+u/JJf0M8epS3c0V8lgHJCSGOeDw5","previousCounter":0,"rootKey":"vwe3gRr4QQgruGdMLEZKQSAbo6iB8GBHmNYzvQFiFVc="},"indexInfo":{"baseKey":"BdGxBTS6UWQl0PSV5yFpJpsdLsD9GbElLX6o75HjHY9Q","baseKeyType":1,"closed":-1,"used":1714085805560,"created":1714085805560,"remoteIdentityKey":"BU0u+ID27KcybZDdhVFX+coRVT7LucdfNme8h3+wMOgZ"},"_chains":{"BTIcUHwlUe0fm51NOTU6KNqdPx7DpOBoPG5Ff++AWFsD":{"chainKey":{"counter":21,"key":"3Tr89LmTFhJrpqMLWYLBoQv5pGa2ReBwrBXzthqWi/0="},"chainType":1,"messageKeys":{}}},"pendingPreKey":{"signedKeyId":2,"baseKey":"BdGxBTS6UWQl0PSV5yFpJpsdLsD9GbElLX6o75HjHY9Q","preKeyId":807321}}},"version":"v1"}