{"_sessions":{"BVj9BIdNSyuoEIxWJto9kZQQ5cKfqeUr9ugitx3yE0RU":{"registrationId":539572878,"currentRatchet":{"ephemeralKeyPair":{"pubKey":"BfESp/T9dQMqn6VqTNs9PtYFWp4vhqXVwFe84wGcbGM9","privKey":"WDzSwaXQovDaZAjF2a8rSDFk6zOX3Z5w6lq2cEsMQF0="},"lastRemoteEphemeralKey":"BZLoUFEXNXfi/qqdE3pmfcpTyvhHO1TIAPzXiAAYQrwI","previousCounter":0,"rootKey":"wbUMCMFMsjxE9QkOfPyrgUDnDvgP552Nt6hZEbsGC1Y="},"indexInfo":{"baseKey":"BVj9BIdNSyuoEIxWJto9kZQQ5cKfqeUr9ugitx3yE0RU","baseKeyType":1,"closed":-1,"used":1714106011952,"created":1714106011952,"remoteIdentityKey":"Bf76WGMJK/9UmMb5zWQlW8f5vwUpP9R82d2rJDaoVnAr"},"_chains":{"BfESp/T9dQMqn6VqTNs9PtYFWp4vhqXVwFe84wGcbGM9":{"chainKey":{"counter":6,"key":"HWBlq6SevefI361F0efVW5QgX09TIU+8WD6z+qcx9Gc="},"chainType":1,"messageKeys":{}}},"pendingPreKey":{"signedKeyId":10,"baseKey":"BVj9BIdNSyuoEIxWJto9kZQQ5cKfqeUr9ugitx3yE0RU","preKeyId":16062734}}},"version":"v1"}