{"_sessions":{"BQdtFaZrXu/3+A9LoIZ1SpAnzbnDxGlWaMCQXZnUqfpt":{"registrationId":676394276,"currentRatchet":{"ephemeralKeyPair":{"pubKey":"BQvMCCS6FhZgrXtzIuFhSTl+FYMlVpzsSt6/zlYEK+Fv","privKey":"UO3aH0rzCFwKFM4ayidcFXxq+HOtD0uguAPdhJrgp2g="},"lastRemoteEphemeralKey":"BUTfUT5CbnmkfLv8nuO79lL7cyuYJEGfHPSr0wVYQkkg","previousCounter":0,"rootKey":"yK6eAdFcrvmqBcECKIm0H2iUN2lPahGmPPN1a3yWNLc="},"indexInfo":{"baseKey":"BQdtFaZrXu/3+A9LoIZ1SpAnzbnDxGlWaMCQXZnUqfpt","baseKeyType":1,"closed":-1,"used":1714085805659,"created":1714085805659,"remoteIdentityKey":"BeuQDvgwBkH/wmXHX1RRkn7oJo7lkjjY/J8P6WX1I8hT"},"_chains":{"BQvMCCS6FhZgrXtzIuFhSTl+FYMlVpzsSt6/zlYEK+Fv":{"chainKey":{"counter":20,"key":"/xKEoIrJV1+9ug9lL8j7gGJl6p4gTAjlKhLxO9S9i0o="},"chainType":1,"messageKeys":{}}},"pendingPreKey":{"signedKeyId":9,"baseKey":"BQdtFaZrXu/3+A9LoIZ1SpAnzbnDxGlWaMCQXZnUqfpt","preKeyId":8377793}}},"version":"v1"}