{"_sessions":{"BbVIOCukO4u0IzBOrb+4hsFCRL87+92YTJYIiyj6TVhc":{"registrationId":382503435,"currentRatchet":{"ephemeralKeyPair":{"pubKey":"BckwAGN/cLUA+QqJI8bexEnUiCp1VFBrK58BFNryiwJB","privKey":"aBub/VL6EWTEHyZuEw8guunKbgfj0L1RB/Dt0X3G5nw="},"lastRemoteEphemeralKey":"BUcuZi8GTNW/rCAAVMXZm+x3Nh5A8ouPnSt8+1Ky2sYX","previousCounter":0,"rootKey":"VmQZp8kGkYK+jiZ1LITd6dt0uAnA/ZeHzLlBq9p4wcY="},"indexInfo":{"baseKey":"BbVIOCukO4u0IzBOrb+4hsFCRL87+92YTJYIiyj6TVhc","baseKeyType":1,"closed":-1,"used":1714085805652,"created":1714085805652,"remoteIdentityKey":"BTmRRxNbnopAm5dWvzZuQ0eBiJOhDi9QNaJFC5GprNFp"},"_chains":{"BckwAGN/cLUA+QqJI8bexEnUiCp1VFBrK58BFNryiwJB":{"chainKey":{"counter":20,"key":"ye1acG7jhG9veLIT6/D2duoTWzI7UNxZHzQf1pD6FvM="},"chainType":1,"messageKeys":{}}},"pendingPreKey":{"signedKeyId":1,"baseKey":"BbVIOCukO4u0IzBOrb+4hsFCRL87+92YTJYIiyj6TVhc","preKeyId":3904037}}},"version":"v1"}