{"_sessions":{"BeFLFmvVs8O2ieEEVCR02ygsZZ1Psz0xIEd/HUi4zakz":{"registrationId":282328169,"currentRatchet":{"ephemeralKeyPair":{"pubKey":"BQZH+W7ScM5IFUfTd/YPzyXln6yUGhkpA000akECV/xI","privKey":"UBpYkZfyWiUjMcVlA2iKe431yjrvnMQA82Wq0Qm3LHA="},"lastRemoteEphemeralKey":"BVUfoHaDQIEKU56f/KRyMlvUl1xRyBQGtZVhCQoztist","previousCounter":1,"rootKey":"PBneMz7x0nfGFS38cMYILmBuHqBd6GCOXc8/ZmQmxoA="},"indexInfo":{"baseKey":"BeFLFmvVs8O2ieEEVCR02ygsZZ1Psz0xIEd/HUi4zakz","baseKeyType":1,"closed":1714106580454,"used":1714086598899,"created":1714085805684,"remoteIdentityKey":"BRDzlVb2ZNkgivSHcronMTE5LZ/L80Dnr8agazfbfaQI"},"_chains":{"BVUfoHaDQIEKU56f/KRyMlvUl1xRyBQGtZVhCQoztist":{"chainKey":{"counter":0,"key":"SbnwM+AOj3hnPLW1eMG6qUkvNXs8Hz32hU+a1fH01Hc="},"chainType":2,"messageKeys":{}},"BQZH+W7ScM5IFUfTd/YPzyXln6yUGhkpA000akECV/xI":{"chainKey":{"counter":2,"key":"zbdFwSe9x6cpZCxqVOUXLE6u/8dOP7NMZ6HOzqzhlkg="},"chainType":1,"messageKeys":{}}}},"BZAlcklZVYs8gIYKyV0Aoc1uDhtMiFztAkLBadH/d1AF":{"registrationId":282328169,"currentRatchet":{"ephemeralKeyPair":{"pubKey":"Bc8c77h54K8KuMc2gO3H9k/yr5T5VSgRoLt0fIzeRx96","privKey":"2FwzBV5+6aah2WO9audN7t0qTTL9UkQz+whTncxULWs="},"lastRemoteEphemeralKey":"BavgLLbJqrT2nE9Cz7k2FBntRrbfPrnX5x1Vt4mtHqgi","previousCounter":4,"rootKey":"YykNVK7denG8XfTGHVepVc18NVo0v6FdEvP5QZ7zOIU="},"indexInfo":{"baseKey":"BZAlcklZVYs8gIYKyV0Aoc1uDhtMiFztAkLBadH/d1AF","baseKeyType":2,"closed":-1,"used":1714110036778,"created":1714106580460,"remoteIdentityKey":"BRDzlVb2ZNkgivSHcronMTE5LZ/L80Dnr8agazfbfaQI"},"_chains":{"BSNTiOp3YzYAOnBdqTsiysq5rVPfJAPWVfN7e+JzqPN2":{"chainKey":{"counter":0},"chainType":2,"messageKeys":{}},"BXSrgZYtxTZt6BmtvlyFbNHYLih3GiPqHUOd7DHaibhI":{"chainKey":{"counter":0},"chainType":2,"messageKeys":{}},"BavgLLbJqrT2nE9Cz7k2FBntRrbfPrnX5x1Vt4mtHqgi":{"chainKey":{"counter":0,"key":"uf8P6/NlMOEpYqWGpJCvB6dP9TKbId967PX9rG1mJXE="},"chainType":2,"messageKeys":{}},"Bc8c77h54K8KuMc2gO3H9k/yr5T5VSgRoLt0fIzeRx96":{"chainKey":{"counter":4,"key":"8DrKKYbY0jDIXqGBT+JiJQ5U1+QTPBed+hUm8pEcg9g="},"chainType":1,"messageKeys":{}}}}},"version":"v1"}