{"_sessions":{"BYzlOUCFAgL8ojBzCiajIM7CDnL0DqIircY+cdNPLu4n":{"registrationId":848335314,"currentRatchet":{"ephemeralKeyPair":{"pubKey":"BUptPWCD+Hxpp4nLzydPc/M6/YdXiArZMZvllrnqY1JG","privKey":"SEUjsv3AaTHMWEFLs74Z83XfxgjtN2cyrygXrS1Fq0s="},"lastRemoteEphemeralKey":"BakIDVGTcEbbVTzrV2aIP2qM8jY//SgoQrakVyLEHQBg","previousCounter":0,"rootKey":"Gsqr1YnQzaNEoNVHzZXRi9FvMEQ5DxrBh4pxw2EKJHk="},"indexInfo":{"baseKey":"BYzlOUCFAgL8ojBzCiajIM7CDnL0DqIircY+cdNPLu4n","baseKeyType":1,"closed":-1,"used":1714085805641,"created":1714085805641,"remoteIdentityKey":"Ba+JJVvlLv5rmK/TqVD0MCJAFkEBHIm/BC8gjct4v4Jp"},"_chains":{"BUptPWCD+Hxpp4nLzydPc/M6/YdXiArZMZvllrnqY1JG":{"chainKey":{"counter":20,"key":"PS6B5dgxY9yURT8lz0gY4EEuIah/YaYXTGU8lCnhhnw="},"chainType":1,"messageKeys":{}}},"pendingPreKey":{"signedKeyId":5,"baseKey":"BYzlOUCFAgL8ojBzCiajIM7CDnL0DqIircY+cdNPLu4n","preKeyId":9288178}}},"version":"v1"}