{"_sessions":{"Bf/G6Qi2QF4k1h+OEO3SUjl9zMnGAv1ik+tVihtXFWEu":{"registrationId":2131405687,"currentRatchet":{"ephemeralKeyPair":{"pubKey":"BXPBm4mFU9THefAL94O/XwV4ESABUc+DclEyoeohi4ZX","privKey":"IDrGcmL969q57ssx9WPX4pwwcineyElx0IERaMj14Gc="},"lastRemoteEphemeralKey":"Bf/knVgvR2AlGcljIGLUO4xwnaEGIMLfTVmsLnDSmuUX","previousCounter":0,"rootKey":"TLaVrz4dTf8VL6WD7akdf+SRkt/8jb//Z1eF5UbGcsc="},"indexInfo":{"baseKey":"Bf/G6Qi2QF4k1h+OEO3SUjl9zMnGAv1ik+tVihtXFWEu","baseKeyType":1,"closed":-1,"used":1714085805518,"created":1714085805518,"remoteIdentityKey":"BffQwUox91P0jTOsqN82C8tP4dM7dzRZZkk2DqhGMrtW"},"_chains":{"BXPBm4mFU9THefAL94O/XwV4ESABUc+DclEyoeohi4ZX":{"chainKey":{"counter":20,"key":"4OwIZnatrVQAWJC3ETSj1XkIRHZlDt3YXL4No8oX5UM="},"chainType":1,"messageKeys":{}}},"pendingPreKey":{"signedKeyId":4,"baseKey":"Bf/G6Qi2QF4k1h+OEO3SUjl9zMnGAv1ik+tVihtXFWEu","preKeyId":3349544}}},"version":"v1"}