{"_sessions":{"BeYcbxTG/WyGqLmMlKeaIu5OsklidMsSGszd150P3rhs":{"registrationId":1341023439,"currentRatchet":{"ephemeralKeyPair":{"pubKey":"Ba7pPCnXq7nQ8G2sGzklPFtuT5aoZp4IZqb+66W4OxYS","privKey":"eCoHHzogKDXu32Tx2T7bBUWonNEqOlwQlDewZKuQcUA="},"lastRemoteEphemeralKey":"BY8w82UZWp+mKMBL3lyVugBd/5OPPIgFaSPzetMydF8Q","previousCounter":0,"rootKey":"7sjtRpD0UQFVEldy+hotKUQhWQftp+vgXzh4jFy1D20="},"indexInfo":{"baseKey":"BeYcbxTG/WyGqLmMlKeaIu5OsklidMsSGszd150P3rhs","baseKeyType":1,"closed":-1,"used":1714085805146,"created":1714085805146,"remoteIdentityKey":"BV/g53/hikprgEPYBmKi/p4pBAtFU3s6DptpjQFmtpcp"},"_chains":{"Ba7pPCnXq7nQ8G2sGzklPFtuT5aoZp4IZqb+66W4OxYS":{"chainKey":{"counter":20,"key":"3DsOqjviKqO1Vw24NGle3Gy25Qq5vlQIbvc+oHItecA="},"chainType":1,"messageKeys":{}}},"pendingPreKey":{"signedKeyId":1,"baseKey":"BeYcbxTG/WyGqLmMlKeaIu5OsklidMsSGszd150P3rhs","preKeyId":3096}}},"version":"v1"}