{"_sessions":{"BTvp8CQC+b9ww29VaSkF7k0nsRwgB0iNrOXbvs9LyFRG":{"registrationId":1234802652,"currentRatchet":{"ephemeralKeyPair":{"pubKey":"BVAFWUZwjw/Apn5Evd+ezRGJcI3s9idXz5OHyT6UlOkx","privKey":"UGRqXYeeST7Qs1KkJs/w/qyh3nSWIfFEqXIIkRVZt10="},"lastRemoteEphemeralKey":"BUCZt4MG061sjqyY/oyOb/KCFVqyjQRHztHeQ2u6ohET","previousCounter":0,"rootKey":"OXc2H6yIEF/2yxjjk3pV5uF1T2iDg+1xK+moYE5OsyY="},"indexInfo":{"baseKey":"BTvp8CQC+b9ww29VaSkF7k0nsRwgB0iNrOXbvs9LyFRG","baseKeyType":1,"closed":-1,"used":1714085805407,"created":1714085805407,"remoteIdentityKey":"BWmgeJlcIPc+DZ0ShwpoQqz76NyQ8GGIXLL9LHu5mW4Q"},"_chains":{"BVAFWUZwjw/Apn5Evd+ezRGJcI3s9idXz5OHyT6UlOkx":{"chainKey":{"counter":20,"key":"6tmvX1cvZO+fGtn7SRwZM7De61LoNdM9osVSOM0xrik="},"chainType":1,"messageKeys":{}}},"pendingPreKey":{"signedKeyId":40,"baseKey":"BTvp8CQC+b9ww29VaSkF7k0nsRwgB0iNrOXbvs9LyFRG"}}},"version":"v1"}