{"_sessions":{"BdyR01tAblD13Vl1cAufJ2OVus/W2Fdf0zrYY8cxQNxv":{"registrationId":896499232,"currentRatchet":{"ephemeralKeyPair":{"pubKey":"BUDa5XAhvl69XvTdKt1BU0mUCnUNBmzZBmADFqnIEx5h","privKey":"ENU8vQT40JkFVJ1TyiWpfpKhPD67ZWa/O8DDRiV1qnE="},"lastRemoteEphemeralKey":"BZIaAN6RiVD76joXkUguGkaG0S2PcRrttAie6txxJWwq","previousCounter":0,"rootKey":"vVcC+8cjyTsgyTUVN5YLzZ2nXqre8SP8w7P94AeP0bo="},"indexInfo":{"baseKey":"BdyR01tAblD13Vl1cAufJ2OVus/W2Fdf0zrYY8cxQNxv","baseKeyType":1,"closed":-1,"used":1714085805500,"created":1714085805500,"remoteIdentityKey":"BfcyMoEgoG+rbGznvZWAq3oCrCc6WWcZtHFpLwurVu4m"},"_chains":{"BUDa5XAhvl69XvTdKt1BU0mUCnUNBmzZBmADFqnIEx5h":{"chainKey":{"counter":20,"key":"aMuMwkcPFpq7O8DiUIlvbcTRwtM+BLXvCKs1NVL1eyE="},"chainType":1,"messageKeys":{}}},"pendingPreKey":{"signedKeyId":2,"baseKey":"BdyR01tAblD13Vl1cAufJ2OVus/W2Fdf0zrYY8cxQNxv","preKeyId":11469344}}},"version":"v1"}