{"_sessions":{"Bbr8xBaqHcd9ycAbtahs9ZhN12fG6ant0xey1MvIC7EL":{"registrationId":2072761779,"currentRatchet":{"ephemeralKeyPair":{"pubKey":"BSSa1TaUu0MEjfsUyfk4HvT1KbnZGiCfCKMatZHPbC80","privKey":"QJMRrJqCl3r8ksWz5N4gpSKkUCdt13glERfdST6T6Fs="},"lastRemoteEphemeralKey":"BTmETB3XGH+YfdOaBOrT0MMBuODX8f2g6SFg7iZydmJ8","previousCounter":0,"rootKey":"4B7xkr0l6ktQFFzI1BbrrGtk9Kary1p216rFO1Srm/Q="},"indexInfo":{"baseKey":"Bbr8xBaqHcd9ycAbtahs9ZhN12fG6ant0xey1MvIC7EL","baseKeyType":1,"closed":-1,"used":1714085805472,"created":1714085805472,"remoteIdentityKey":"BdEsK6w06ZxvxJMxAVCibD+gsqLN/Q5nqHczaH2ghasE"},"_chains":{"BSSa1TaUu0MEjfsUyfk4HvT1KbnZGiCfCKMatZHPbC80":{"chainKey":{"counter":20,"key":"oSQDyG5DcACAUov3rIZT66cnTtegljVfiUts/X7QQ4k="},"chainType":1,"messageKeys":{}}},"pendingPreKey":{"signedKeyId":0,"baseKey":"Bbr8xBaqHcd9ycAbtahs9ZhN12fG6ant0xey1MvIC7EL","preKeyId":2413799}}},"version":"v1"}