{"_sessions":{"BdpdhZUGpXk8hcHZZjdE9pz8KBtGq3xHCUS/MGWOcbwZ":{"registrationId":729769950,"currentRatchet":{"ephemeralKeyPair":{"pubKey":"BYoMloDXsssBaF/7oOlXiuR5c0ETibKApj2J76Oe6FgM","privKey":"6Mz52yjmqCZxQlw1VHblgVUwSOf1O91mAsDeJ7JpLV8="},"lastRemoteEphemeralKey":"Bdrc1MlnsDxWSCFQXu9ls40ky4Y5UD4l9TI+IxzhsAA6","previousCounter":0,"rootKey":"1Mp41IVnkjWFmiTFEkR3ItyJf8NR1qocvw/wO6+Hc+0="},"indexInfo":{"baseKey":"BdpdhZUGpXk8hcHZZjdE9pz8KBtGq3xHCUS/MGWOcbwZ","baseKeyType":1,"closed":-1,"used":1714085805686,"created":1714085805686,"remoteIdentityKey":"BV75AFsiEOo5YIpg7z3+/ZTRjMZ0utQS83HhqLo3pKoU"},"_chains":{"BYoMloDXsssBaF/7oOlXiuR5c0ETibKApj2J76Oe6FgM":{"chainKey":{"counter":20,"key":"AEXfIvkxVI1sJW9pnRHFr15TZrQVSzGAnwQmww1Euv8="},"chainType":1,"messageKeys":{}}},"pendingPreKey":{"signedKeyId":10,"baseKey":"BdpdhZUGpXk8hcHZZjdE9pz8KBtGq3xHCUS/MGWOcbwZ","preKeyId":6872083}}},"version":"v1"}