{"_sessions":{"Bfh7ARAauxf8XadgUxSecgjUHLnVmqhj1m3uGUIDhhFq":{"registrationId":706266124,"currentRatchet":{"ephemeralKeyPair":{"pubKey":"BRz55nZ6lsw5TEZv60FiEPh4JpL2HXrthoKMHtA8LGJb","privKey":"MD4low/j83Q1EEcKwVTx41xhfIb52vNzM3aWlXi6vF8="},"lastRemoteEphemeralKey":"BbS7aiPmtQq3UmeX8OTKAk4Ae242oWmCHIPnnU5fQs01","previousCounter":0,"rootKey":"ZSv9oymJVTarba8BGLbCgrlERZcOH1bKOS0dSl78suY="},"indexInfo":{"baseKey":"Bfh7ARAauxf8XadgUxSecgjUHLnVmqhj1m3uGUIDhhFq","baseKeyType":1,"closed":-1,"used":1714085805279,"created":1714085805279,"remoteIdentityKey":"BdlcRjNrEsBt6IaaLGUJgGk6kSTKSQ0vnUlJQb6oi/RL"},"_chains":{"BRz55nZ6lsw5TEZv60FiEPh4JpL2HXrthoKMHtA8LGJb":{"chainKey":{"counter":20,"key":"yzGcfYhhu79Qs8BDnmW7AlAoTSlJF/Mihn6xg/A4VGA="},"chainType":1,"messageKeys":{}}},"pendingPreKey":{"signedKeyId":21,"baseKey":"Bfh7ARAauxf8XadgUxSecgjUHLnVmqhj1m3uGUIDhhFq","preKeyId":5331642}}},"version":"v1"}