{"_sessions":{"BecgBu16b1Kza6OIX/k14APYBokbllgnnEYYcjgSMjFX":{"registrationId":1815282144,"currentRatchet":{"ephemeralKeyPair":{"pubKey":"BWOqaV0pl7/dKQqGJaVX9vYc75JHPGozwmmHx1vVzkVJ","privKey":"wEEoSFSL26peI8oFMVpcdsxxSXibgTU0KyLlIAduGX0="},"lastRemoteEphemeralKey":"BeBfqs6WwXtqAtjsL4pzU030fR4j1zAuAqCTVqu4FA8N","previousCounter":0,"rootKey":"OIllXHqLvT8TSCc5lIhq9oOAMgnwj88DX3hc1F6OoRY="},"indexInfo":{"baseKey":"BecgBu16b1Kza6OIX/k14APYBokbllgnnEYYcjgSMjFX","baseKeyType":1,"closed":-1,"used":1714085805359,"created":1714085805359,"remoteIdentityKey":"BZbZZUxzGMvFj3BdEaXDIpk1MuB/Cgh307N1aJawdP1B"},"_chains":{"BWOqaV0pl7/dKQqGJaVX9vYc75JHPGozwmmHx1vVzkVJ":{"chainKey":{"counter":20,"key":"NUaUgyLAnek7ZV3our+Y9Hzhk/cQube4ATU63ScDcVE="},"chainType":1,"messageKeys":{}}},"pendingPreKey":{"signedKeyId":3,"baseKey":"BecgBu16b1Kza6OIX/k14APYBokbllgnnEYYcjgSMjFX","preKeyId":1470114}}},"version":"v1"}