{"_sessions":{"BdkwuvPQR9lfenIk65yuZsg7AUYL+l3rGWYcm6JUuto7":{"registrationId":1115577677,"currentRatchet":{"ephemeralKeyPair":{"pubKey":"BSkVwrZSkfvlEIaYLGqVI/TT1/bKkQiZn3/xR16x7sky","privKey":"OGuCnSwLjHgNDP4Hion1FRp+SiXHr6tp1RQoGzo4UUY="},"lastRemoteEphemeralKey":"BRUdHBb04aVqCy3JmnIowRR9lbT0DCf34gmONmI5RMtb","previousCounter":0,"rootKey":"T66QUrQ9ZuR4ZakKFq0VWZAJK1v18jOLOXKH2mKbc90="},"indexInfo":{"baseKey":"BdkwuvPQR9lfenIk65yuZsg7AUYL+l3rGWYcm6JUuto7","baseKeyType":1,"closed":-1,"used":1714106299294,"created":1714106299294,"remoteIdentityKey":"BQSHnoSHKHJ7ukb3xzAsVgJxxO4f168q2A3Gkaro3N0b"},"_chains":{"BSkVwrZSkfvlEIaYLGqVI/TT1/bKkQiZn3/xR16x7sky":{"chainKey":{"counter":0,"key":"e2v1nbBlwL9d8cIcgUpWo94KbF1WepoMadSrMcVv2b4="},"chainType":1,"messageKeys":{}}},"pendingPreKey":{"signedKeyId":13,"baseKey":"BdkwuvPQR9lfenIk65yuZsg7AUYL+l3rGWYcm6JUuto7","preKeyId":13061040}}},"version":"v1"}