{"_sessions":{"Be9iPB6E2/2nuZ6aeg1/0wXyf1x8ElembIfUD1jR6IEJ":{"registrationId":2081175965,"currentRatchet":{"ephemeralKeyPair":{"pubKey":"BU19Jo+itBQnaZk6M+ZAYghFllMZr+25ajroOXtp5Ysg","privKey":"UBB88lPkL7bKoC3xHqNO0tt9Vur3ttaeHJkAgxTC6HI="},"lastRemoteEphemeralKey":"BTxvm3O7h7OMqZDrInzkYziCiIVb2Dtb0418F2V07+h4","previousCounter":0,"rootKey":"zpQqaBdpsAQh0uE1fG2PlhyqKGGMMMLDh0in6Jg3qIA="},"indexInfo":{"baseKey":"Be9iPB6E2/2nuZ6aeg1/0wXyf1x8ElembIfUD1jR6IEJ","baseKeyType":1,"closed":-1,"used":1714106011887,"created":1714106011887,"remoteIdentityKey":"BZFQNJMw3piY7gwBIarRVQwgXQzMGYl1YloF5igMPLd2"},"_chains":{"BU19Jo+itBQnaZk6M+ZAYghFllMZr+25ajroOXtp5Ysg":{"chainKey":{"counter":6,"key":"I01dRpUrLdJCubquPOnzKqHQmO3tTSFcyIxPOJ7ePw0="},"chainType":1,"messageKeys":{}}},"pendingPreKey":{"signedKeyId":8,"baseKey":"Be9iPB6E2/2nuZ6aeg1/0wXyf1x8ElembIfUD1jR6IEJ","preKeyId":4350483}}},"version":"v1"}