{"_sessions":{"BWxtXqZwvRNMGiMPTk+d7aNy2bEht+P6qFw9JZlDA+M/":{"registrationId":531508613,"currentRatchet":{"ephemeralKeyPair":{"pubKey":"BTezUil4m9A+mqvYjjbqo2OabAcLyFTGQrHfPcBWsU1U","privKey":"QA966VDFoLVyQDiNTwwYs9CbGjvEdb3E9vakSBvXRGo="},"lastRemoteEphemeralKey":"BcuGNQPZx/FdiYKnPMPkleUACbuHwGecWu/bedUY27dy","previousCounter":0,"rootKey":"QSVRVR/l46OwTS4icteYWAzVl0EKMLG5Ol/ts3fL9xw="},"indexInfo":{"baseKey":"BWxtXqZwvRNMGiMPTk+d7aNy2bEht+P6qFw9JZlDA+M/","baseKeyType":1,"closed":-1,"used":1714106011972,"created":1714106011972,"remoteIdentityKey":"BXyBsPkF1KwKHp7NJjBIL5RlW5uXKXrep4dqKvxljhBQ"},"_chains":{"BTezUil4m9A+mqvYjjbqo2OabAcLyFTGQrHfPcBWsU1U":{"chainKey":{"counter":6,"key":"hEmf7IhhL8SYGi6ngM702P+LAy9VE1i7OuSQX6Ooyas="},"chainType":1,"messageKeys":{}}},"pendingPreKey":{"signedKeyId":4,"baseKey":"BWxtXqZwvRNMGiMPTk+d7aNy2bEht+P6qFw9JZlDA+M/","preKeyId":5043839}}},"version":"v1"}