{"_sessions":{"BYv/Wo0Dn/RJuFOgI5kLaw/eB5TGo/i6yTg0ISkk0LZJ":{"registrationId":1436934414,"currentRatchet":{"ephemeralKeyPair":{"pubKey":"BaKm8A27DT7M9VcWJQjBJ/hN4i6dXJh1sNKKvfwF2Ts3","privKey":"CPsHysLlOlgUVEGLgMHtXr2dYebbl2US8mHH7tk3xkw="},"lastRemoteEphemeralKey":"BaOtuA13USSZljlhIudhWfwb2+AxC1BPEvY6PB+oJ7U7","previousCounter":0,"rootKey":"qeA5oUhG4B3XPJlXCPOdbZi5o4+qVTpr8FQn+GxRkZM="},"indexInfo":{"baseKey":"BYv/Wo0Dn/RJuFOgI5kLaw/eB5TGo/i6yTg0ISkk0LZJ","baseKeyType":2,"closed":-1,"used":1714110857948,"created":1714110857948,"remoteIdentityKey":"BZZ7Jbhptf3f/KEV9Wavvi6MN/NjTZkIdKWhcrZsAONJ"},"_chains":{"BaOtuA13USSZljlhIudhWfwb2+AxC1BPEvY6PB+oJ7U7":{"chainKey":{"counter":0,"key":"NBCavycBWMGCCHx3zH8+RkMrcfM8HrXcR/i7A+v3WuQ="},"chainType":2,"messageKeys":{}},"BaKm8A27DT7M9VcWJQjBJ/hN4i6dXJh1sNKKvfwF2Ts3":{"chainKey":{"counter":-1,"key":"45bejzc81+LUyZvJVk99obbIi7k1csertJW9AIknmZY="},"chainType":1,"messageKeys":{}}}}},"version":"v1"}