{"_sessions":{"BVIJm4yCDtsxIiydkb2+z8ui0f+2vz/ZT8+812uF1396":{"registrationId":5158,"currentRatchet":{"ephemeralKeyPair":{"pubKey":"BeWeDtowjv4YGLWHqPotd5yVfFUDDtZ1D+5DIrAx57hz","privKey":"qGbK5HYSN7eB+sYYh+HGARMU6OBCwn5owiTCFriAEmU="},"lastRemoteEphemeralKey":"BbO97qy/B83ZNSD3ewr1XidT3NAcJ2wDfZsAFHmnCRFe","previousCounter":0,"rootKey":"9ODI/ivTA+rnJWp/DN7dGKv2dlE9XQKt4l1c1DsWFHE="},"indexInfo":{"baseKey":"BVIJm4yCDtsxIiydkb2+z8ui0f+2vz/ZT8+812uF1396","baseKeyType":1,"closed":-1,"used":1714106011856,"created":1714106011856,"remoteIdentityKey":"BWoYlNyU7rDNHgAG+p3Uj3CvlyfGqQP9FbOr1qNpbE5E"},"_chains":{"BeWeDtowjv4YGLWHqPotd5yVfFUDDtZ1D+5DIrAx57hz":{"chainKey":{"counter":6,"key":"ucypRpVvfUamP6SJ23r7TMMh0eI1DcfVvUyGWV1Fvt8="},"chainType":1,"messageKeys":{}}},"pendingPreKey":{"signedKeyId":1,"baseKey":"BVIJm4yCDtsxIiydkb2+z8ui0f+2vz/ZT8+812uF1396"}}},"version":"v1"}