{"_sessions":{"BR0YWu4ylUMAWsGex1YfqjekomIXVGgDXcdtbCUsF0xI":{"registrationId":111507252,"currentRatchet":{"ephemeralKeyPair":{"pubKey":"BaY+Ajsh/nh43ESRltR0xojkfcnQH2wJuLPWfRuvkKRE","privKey":"+JtJz1Xf0iBDn20igbL3gASqmtvsEYi0sF+RWQrpTHA="},"lastRemoteEphemeralKey":"BQ8hB9PIUb/1r5M5sOjuVeCLlsQEcLDqWMb9WWRgDydw","previousCounter":0,"rootKey":"NN3u1z3vmWL+ZLEqt5xmsQftAMufhD1hCT03Fy6TEro="},"indexInfo":{"baseKey":"BR0YWu4ylUMAWsGex1YfqjekomIXVGgDXcdtbCUsF0xI","baseKeyType":1,"closed":-1,"used":1714085805124,"created":1714085805124,"remoteIdentityKey":"BVcy1MpCO7K4vKhMJrnM9BKlyaJ50TD5Z1mUsB4IYNhb"},"_chains":{"BaY+Ajsh/nh43ESRltR0xojkfcnQH2wJuLPWfRuvkKRE":{"chainKey":{"counter":20,"key":"ViMP0NgXTwjwu6Oz79JWpg+MVe8o5+YUYwIRDfDPGpU="},"chainType":1,"messageKeys":{}}},"pendingPreKey":{"signedKeyId":2,"baseKey":"BR0YWu4ylUMAWsGex1YfqjekomIXVGgDXcdtbCUsF0xI","preKeyId":3449854}}},"version":"v1"}