{"_sessions":{"BVj2d/WMKCr0M2vu/qOLA6VqhivzlHIAb1LkevG0Z3dj":{"registrationId":1115281488,"currentRatchet":{"ephemeralKeyPair":{"pubKey":"Bc+YIpiDJZ7dGIV5GKx5/n2F5mDxIsMHvvNDHinp1SZL","privKey":"YE+4IGvuvCin4LnS15avOEUbrAyCJXF6zdpFizv6ZVs="},"lastRemoteEphemeralKey":"BUDZK6UAblfVt+MCkPbOMxgTaJg2kA1q57pbzoxKyc4e","previousCounter":0,"rootKey":"s2Id/fqvya/mc95mC4+5vLMJ8LqcehURqrqX6qJcC/M="},"indexInfo":{"baseKey":"BVj2d/WMKCr0M2vu/qOLA6VqhivzlHIAb1LkevG0Z3dj","baseKeyType":1,"closed":-1,"used":1714106011882,"created":1714106011882,"remoteIdentityKey":"BSTvbFoSXibNP/M7ze8FeG9L1d1GrIWUUQriwwdrscYr"},"_chains":{"Bc+YIpiDJZ7dGIV5GKx5/n2F5mDxIsMHvvNDHinp1SZL":{"chainKey":{"counter":6,"key":"hVWVX1AfRi3iPQrL+QG6TJdcMBYhYEkymGKFoh8hWFc="},"chainType":1,"messageKeys":{}}},"pendingPreKey":{"signedKeyId":8,"baseKey":"BVj2d/WMKCr0M2vu/qOLA6VqhivzlHIAb1LkevG0Z3dj"}}},"version":"v1"}