{"_sessions":{"Bb8UmuEYu2avXfyqU7U0AZw8iM9rmPh9R26hvE8W1fpq":{"registrationId":1721194486,"currentRatchet":{"ephemeralKeyPair":{"pubKey":"BYZU9CPTV/XxBc/8BB97iS2S8uZKgOOzxg7oSDDfAWp9","privKey":"8PIFTJZBKcWr+ROljDPJ8dt8QkdS+1xJnjKWCfDpFXQ="},"lastRemoteEphemeralKey":"BSf33/JNuGD++atGtebP+FXy1594hvF11GLdD203HuQ+","previousCounter":0,"rootKey":"LJU5gMy6amHlXwL8ixdVoxYt7CL5Fz2pqlqbNBMAM8M="},"indexInfo":{"baseKey":"Bb8UmuEYu2avXfyqU7U0AZw8iM9rmPh9R26hvE8W1fpq","baseKeyType":2,"closed":-1,"used":1714089499618,"created":1714089499618,"remoteIdentityKey":"BdLVOVQ4rEb7Jmt7I0SAd6m2TEYyQAFAsrt4OwYa8gUI"},"_chains":{"BSf33/JNuGD++atGtebP+FXy1594hvF11GLdD203HuQ+":{"chainKey":{"counter":0,"key":"JyJwuP6HJSM5FY4/eo4ZDZ8HfSVtvWL6tbxxD2A50OE="},"chainType":2,"messageKeys":{}},"BYZU9CPTV/XxBc/8BB97iS2S8uZKgOOzxg7oSDDfAWp9":{"chainKey":{"counter":0,"key":"NiKf7no8Q7cqYoqzh+9z/qk9Ebmn1ApZP4Shr04l5sM="},"chainType":1,"messageKeys":{}}}}},"version":"v1"}