{"_sessions":{"BTjk+b9aEHH85+GumNQb2QVz0vT89GNz4lKH3ntUNc4g":{"registrationId":510474637,"currentRatchet":{"ephemeralKeyPair":{"pubKey":"BRB7SVBBc2mii4ylR109GJqFImyYWLUnGW8uRAFvemcG","privKey":"sIWUvlY0G2fh8Z5zRgVFSDVOzcPkWZsuI1BTENQm9G4="},"lastRemoteEphemeralKey":"BZim8du3CiguRhXuS4E+Gdn4CVlfWtNHknd4hsB92ud3","previousCounter":0,"rootKey":"9hYCZT8Oh7ZK8ObvRc7deXF5/4pLByx9T1LdyxZHX24="},"indexInfo":{"baseKey":"BTjk+b9aEHH85+GumNQb2QVz0vT89GNz4lKH3ntUNc4g","baseKeyType":1,"closed":-1,"used":1714085805567,"created":1714085805567,"remoteIdentityKey":"BTWHvCsZGEJlrfpHyGF+K5hJSGfj3CFJ8AIM2E4TFxoc"},"_chains":{"BRB7SVBBc2mii4ylR109GJqFImyYWLUnGW8uRAFvemcG":{"chainKey":{"counter":20,"key":"90yn8ITnd4Y+ImmT+dhOQuH0hcjvXSN+txyfgyCpj5o="},"chainType":1,"messageKeys":{}}},"pendingPreKey":{"signedKeyId":9,"baseKey":"BTjk+b9aEHH85+GumNQb2QVz0vT89GNz4lKH3ntUNc4g","preKeyId":6783433}}},"version":"v1"}