{"_sessions":{"BYoQq/PIjhGy3f8PzzY0rWhRsu35h4NTtun24A1j7BoJ":{"registrationId":1488926750,"currentRatchet":{"ephemeralKeyPair":{"pubKey":"BRt06UeyyOmmVsoh3IqSolq4RVvUXBRkWKQrkS6kLRlN","privKey":"QIIAMK7w0hzaeWhy9yNt6WGs6ogefObmuQkXJvJgNWw="},"lastRemoteEphemeralKey":"BWVB+/urk/9JO8QocK1jiWvjlfsOw4O8BFU6u+NB0kdv","previousCounter":0,"rootKey":"hubzEtkPnJGUcnAgj1SN77QJO0+0UBK78lmCY/YnCx8="},"indexInfo":{"baseKey":"BYoQq/PIjhGy3f8PzzY0rWhRsu35h4NTtun24A1j7BoJ","baseKeyType":1,"closed":-1,"used":1714085805477,"created":1714085805477,"remoteIdentityKey":"BYUJWR+2APQvyVqzwE8HimNLn75KDt/KTd4kFg9oHFlt"},"_chains":{"BRt06UeyyOmmVsoh3IqSolq4RVvUXBRkWKQrkS6kLRlN":{"chainKey":{"counter":20,"key":"1lkiTbMzqH2HZnFSC0/XXCZV6QHg9U6IzpvSYJxnOX8="},"chainType":1,"messageKeys":{}}},"pendingPreKey":{"signedKeyId":0,"baseKey":"BYoQq/PIjhGy3f8PzzY0rWhRsu35h4NTtun24A1j7BoJ","preKeyId":6115460}}},"version":"v1"}