{"_sessions":{"BZWwMcQjFKjZhA6rV1T+dpCYwiOwJF6wMcROmR7VAyhu":{"registrationId":4822,"currentRatchet":{"ephemeralKeyPair":{"pubKey":"BeVl6Lr8smizVWfrbB0WJ0N6THDU8O5Rk3E+U3/3VSxI","privKey":"EI2NwoXeAOT9JHg86OOo54nD/vnVgLsPz3N/0Ne3+W8="},"lastRemoteEphemeralKey":"BWe2lv6uNpx4ZViDorX6iFB6vRpCGs+yoDv+axSHmvYs","previousCounter":0,"rootKey":"tkDxSL++A0UpGPD5Pbt7r5ZgvW0tT4V25Odr9C1RwxM="},"indexInfo":{"baseKey":"BZWwMcQjFKjZhA6rV1T+dpCYwiOwJF6wMcROmR7VAyhu","baseKeyType":1,"closed":-1,"used":1714085805158,"created":1714085805158,"remoteIdentityKey":"BctD8RPOGtgq8BTB0NvnraKlTbVyBu314xKuBxWHrt1w"},"_chains":{"BeVl6Lr8smizVWfrbB0WJ0N6THDU8O5Rk3E+U3/3VSxI":{"chainKey":{"counter":20,"key":"FPwlTxDw0jadhoyyFObf5XGM63Lfq7/XiwXug2hVpVo="},"chainType":1,"messageKeys":{}}},"pendingPreKey":{"signedKeyId":1,"baseKey":"BZWwMcQjFKjZhA6rV1T+dpCYwiOwJF6wMcROmR7VAyhu"}}},"version":"v1"}