{"_sessions":{"BapqYeElUTlTgs4KQZUxu4Cztl/9QqH0iEAu3qFklT4T":{"registrationId":155312904,"currentRatchet":{"ephemeralKeyPair":{"pubKey":"BU51hsUFmwDBg37eKw+JHx6KDy8+tPs9TWrTRNZT6NZc","privKey":"EOsJSSwoZjhkXLxi5QQkfiP4viUN0FnGP1Ii0h0pomM="},"lastRemoteEphemeralKey":"BaXt4lijsXTHRlgM2vnjFRLI4AYTm8MjtifGMpGlDE0J","previousCounter":0,"rootKey":"ligjdJBuOpKzPnE1XiwBsW8xW/+7vIhhHq2sdWDLSCo="},"indexInfo":{"baseKey":"BapqYeElUTlTgs4KQZUxu4Cztl/9QqH0iEAu3qFklT4T","baseKeyType":1,"closed":-1,"used":1714085805349,"created":1714085805349,"remoteIdentityKey":"BS7C8PnYuq+RsIBYSkDx45DbFzfTcONA/0naIgp58Ghr"},"_chains":{"BU51hsUFmwDBg37eKw+JHx6KDy8+tPs9TWrTRNZT6NZc":{"chainKey":{"counter":20,"key":"6ul16DC8k33I1Ga2EuWZ0GUQagHRjKic9CA2IuGrV34="},"chainType":1,"messageKeys":{}}},"pendingPreKey":{"signedKeyId":17,"baseKey":"BapqYeElUTlTgs4KQZUxu4Cztl/9QqH0iEAu3qFklT4T","preKeyId":9453049}}},"version":"v1"}