{"_sessions":{"BcG1iwAZRqT/pYtoNSsULuMAMb5K/coeisYsvxMPvjd3":{"registrationId":1321271023,"currentRatchet":{"ephemeralKeyPair":{"pubKey":"BTa1rvSYZX5y9iEkjJvbmQBkjXM0rFHiyosOOeKOY31t","privKey":"YAAyxbceQqVgC+doL6cD9dUyfAu1gsQ/XrX0OxLQP1Q="},"lastRemoteEphemeralKey":"BcXTjus3N88o3cDZpBVD6Znse0hvJqyaI+1+H+a9cCsB","previousCounter":0,"rootKey":"uMiNe4ZYJt53UK5IWfbc47MEa79KSD/T8Y8Z8whHtQU="},"indexInfo":{"baseKey":"BcG1iwAZRqT/pYtoNSsULuMAMb5K/coeisYsvxMPvjd3","baseKeyType":1,"closed":-1,"used":1714085805382,"created":1714085805382,"remoteIdentityKey":"BVIQN27Pee8mX6g3SfRLabLiKfrWqMAmDy7499opOD5x"},"_chains":{"BTa1rvSYZX5y9iEkjJvbmQBkjXM0rFHiyosOOeKOY31t":{"chainKey":{"counter":20,"key":"kzagWgmqdn9IPCVfjs+7WiMbbLj9QzjrOBB9FhIMvGE="},"chainType":1,"messageKeys":{}}},"pendingPreKey":{"signedKeyId":2,"baseKey":"BcG1iwAZRqT/pYtoNSsULuMAMb5K/coeisYsvxMPvjd3","preKeyId":1910442}}},"version":"v1"}