{"_sessions":{"Bfx/PaQmau6J5fsEuOwbJuaUA0JuUGzAn2i6FAsBRrFs":{"registrationId":1683312128,"currentRatchet":{"ephemeralKeyPair":{"pubKey":"BSi7bfJx2hycyAHv3KQlgVE2OX3U1lE6ifLua+HBQK1z","privKey":"MNdIRNlTLtf+65IflHhv9j4Z1xixK+S9ehyJfI3BSk0="},"lastRemoteEphemeralKey":"BUf6Xt2omcFRsVNPwKJsLC1kXClPuyClzrr7OTzheKtd","previousCounter":0,"rootKey":"caC/WSOM/cIyY8BE1Hqw3urBZ9NQdtO/5mjGDCdmTyU="},"indexInfo":{"baseKey":"Bfx/PaQmau6J5fsEuOwbJuaUA0JuUGzAn2i6FAsBRrFs","baseKeyType":1,"closed":-1,"used":1714106011925,"created":1714106011925,"remoteIdentityKey":"BaksXcHvWuWTJAJGUYfxsiecHxyygu4h4BQcOpLECdk6"},"_chains":{"BSi7bfJx2hycyAHv3KQlgVE2OX3U1lE6ifLua+HBQK1z":{"chainKey":{"counter":6,"key":"Nq9Q1cuUViDrnJaa+1NvBThq7QiYPAmSQyaOYr6VQ34="},"chainType":1,"messageKeys":{}}},"pendingPreKey":{"signedKeyId":30,"baseKey":"Bfx/PaQmau6J5fsEuOwbJuaUA0JuUGzAn2i6FAsBRrFs","preKeyId":4129158}}},"version":"v1"}