{"_sessions":{"Bb44wFvY00m2mykye1nKHw7dwPRwxVz+gdXIi9nqJJN7":{"registrationId":1511224444,"currentRatchet":{"ephemeralKeyPair":{"pubKey":"BclrUNWth642veQdg93edMg0tyWpjfcckI2z7LrbGIIs","privKey":"aLyAJ3F+rEp9wyoqHIPGc6/SrHM83xxrG00RyrUseU4="},"lastRemoteEphemeralKey":"BY69UPDRT9OXNrgECtzqKTpfFX3codtZ9Vcs/s3ptEwb","previousCounter":0,"rootKey":"ItqHVm0w2KG4waQffrVKUByeI/ROl4NF/YVXzvApjQM="},"indexInfo":{"baseKey":"Bb44wFvY00m2mykye1nKHw7dwPRwxVz+gdXIi9nqJJN7","baseKeyType":1,"closed":-1,"used":1714106299255,"created":1714106299255,"remoteIdentityKey":"BZGGC0Rc7dFm20c+qB0N6v6F1NZMIg/60G5owwakFLRm"},"_chains":{"BclrUNWth642veQdg93edMg0tyWpjfcckI2z7LrbGIIs":{"chainKey":{"counter":0,"key":"hlD013CCH0mYBP5Fuk8TtiyNQgdzOlncTvU+PoDDEBw="},"chainType":1,"messageKeys":{}}},"pendingPreKey":{"signedKeyId":21,"baseKey":"Bb44wFvY00m2mykye1nKHw7dwPRwxVz+gdXIi9nqJJN7","preKeyId":7368353}}},"version":"v1"}