{"_sessions":{"BckPrTzEH1AlAd+1Zy4qi4Q7vhoU0RL5xAAYQ1VpDnsn":{"registrationId":1467685852,"currentRatchet":{"ephemeralKeyPair":{"pubKey":"BYi5q/pbHbQgphaegS0X0G6QiceDL2ptqdj8Fym5yAYt","privKey":"qFJv23uXPAYxVJ8XlJjLS3bBWc2sPNzbvNRK0AOzA3I="},"lastRemoteEphemeralKey":"BcRiS+2UURm/ZmTkdCjJcnUwa54MgmJWjJyj+sG4csJd","previousCounter":0,"rootKey":"8c60Pzk5Ri4uVxsKqOlK9bwM1aE9XygE4ouW4Wg8jts="},"indexInfo":{"baseKey":"BckPrTzEH1AlAd+1Zy4qi4Q7vhoU0RL5xAAYQ1VpDnsn","baseKeyType":1,"closed":-1,"used":1714085805591,"created":1714085805591,"remoteIdentityKey":"BV3s21FATGsPht7S4/GO2HKeNOxy746YCsFuuVyuNKdx"},"_chains":{"BYi5q/pbHbQgphaegS0X0G6QiceDL2ptqdj8Fym5yAYt":{"chainKey":{"counter":20,"key":"vszY5BFbBBvBMP323s5x3rmirOK1H3nALBXeS/m1MeI="},"chainType":1,"messageKeys":{}}},"pendingPreKey":{"signedKeyId":16,"baseKey":"BckPrTzEH1AlAd+1Zy4qi4Q7vhoU0RL5xAAYQ1VpDnsn","preKeyId":11881556}}},"version":"v1"}