{"_sessions":{"BTKrss4JsXp/yUZMMf3w6AwWk5UQsju5B/FFIQ9+y/Ag":{"registrationId":803106240,"currentRatchet":{"ephemeralKeyPair":{"pubKey":"BdsrHx4EZp/eJBk38qKdvrbyA+L40n/kwpMlS7k81iFk","privKey":"iFYuTmzBuXvLejAhHST9IJeH0osc7vQlWEsOEQt/CH8="},"lastRemoteEphemeralKey":"BZQvNBTM75+VUvFBVp+T1k1w5KsqD+8McE/Ob92jIvZQ","previousCounter":0,"rootKey":"NZkh+RmlfA7BlrYAv5XcdPyfdoXkPdTiFIKlwQHhxII="},"indexInfo":{"baseKey":"BTKrss4JsXp/yUZMMf3w6AwWk5UQsju5B/FFIQ9+y/Ag","baseKeyType":1,"closed":-1,"used":1714085805562,"created":1714085805562,"remoteIdentityKey":"BQXsWJZPjj4K/Vjuhpqk592GWkEG5lMj0iwg6QZb+9BE"},"_chains":{"BdsrHx4EZp/eJBk38qKdvrbyA+L40n/kwpMlS7k81iFk":{"chainKey":{"counter":20,"key":"CCNDjrI6S5FwSzBDN1aCtFfHAbyTkBBC/0NBu9b9Ffw="},"chainType":1,"messageKeys":{}}},"pendingPreKey":{"signedKeyId":5,"baseKey":"BTKrss4JsXp/yUZMMf3w6AwWk5UQsju5B/FFIQ9+y/Ag","preKeyId":1994027}}},"version":"v1"}