{"_sessions":{"BQ4IXHFZwlfwV+HqNiwY+ksCPckEPS8QFTYQfpLhwuZG":{"registrationId":318521905,"currentRatchet":{"ephemeralKeyPair":{"pubKey":"BZchLuHrJPzMJ3OfvYW8ULemTVG234ee2zXZ/4MRdBFN","privKey":"kJVfP/z33Ag6KCWObWzoRWFE188IZPr6nWLMQbYZnkw="},"lastRemoteEphemeralKey":"BXrACvWourz9MU2HgBD9XBEGgL9tOjb97AMQvqBpW9di","previousCounter":0,"rootKey":"wwtZDNICHim6KAKNAPqb4fyUcFxj3lZx+0i+Y4U+ASY="},"indexInfo":{"baseKey":"BQ4IXHFZwlfwV+HqNiwY+ksCPckEPS8QFTYQfpLhwuZG","baseKeyType":1,"closed":-1,"used":1714085805309,"created":1714085805309,"remoteIdentityKey":"BYZmYnF0soR1jo8lS61Ms81PGzUV44288ZrmLmyme35v"},"_chains":{"BZchLuHrJPzMJ3OfvYW8ULemTVG234ee2zXZ/4MRdBFN":{"chainKey":{"counter":20,"key":"q5YWKNPmE2PMcdmWP+apduzhvZ4nmo+BIlggyXr8zTA="},"chainType":1,"messageKeys":{}}},"pendingPreKey":{"signedKeyId":16,"baseKey":"BQ4IXHFZwlfwV+HqNiwY+ksCPckEPS8QFTYQfpLhwuZG","preKeyId":12385590}}},"version":"v1"}