{"_sessions":{"BUnVTn8MvgVgJAI5nv3jp7zKn0Ec9OPmYjLaX7oyLats":{"registrationId":1045917520,"currentRatchet":{"ephemeralKeyPair":{"pubKey":"BSXAi+Ez/VyLeLhA0cJxAowiV6i9FG9Vk2LtHFMqGYIb","privKey":"CFz6BuPiJBOzpZk4EpQbAy96w0qAEN/tc8rxNzVJyFU="},"lastRemoteEphemeralKey":"BSq4VBj3SN4bBBtxaR97Jb2EmpnN2AGbuOsH2OcOnvlc","previousCounter":0,"rootKey":"O3dFCeWm8R2TJwshrq+K8saKrPbmOsO1Q8P7djKhlo8="},"indexInfo":{"baseKey":"BUnVTn8MvgVgJAI5nv3jp7zKn0Ec9OPmYjLaX7oyLats","baseKeyType":1,"closed":-1,"used":1714085843161,"created":1714085843161,"remoteIdentityKey":"BUBsbpKiKi+1BFUNQUw0AJtSg82JcWdZC2V4T2AwomkD"},"_chains":{"BSXAi+Ez/VyLeLhA0cJxAowiV6i9FG9Vk2LtHFMqGYIb":{"chainKey":{"counter":0,"key":"iS4xHxn91NpDHNQExUHyRwGboWu5JYJ4JrUoebrnaxg="},"chainType":1,"messageKeys":{}}},"pendingPreKey":{"signedKeyId":18,"baseKey":"BUnVTn8MvgVgJAI5nv3jp7zKn0Ec9OPmYjLaX7oyLats","preKeyId":1015974}}},"version":"v1"}