{"_sessions":{"BY6zWBY8+T+9xFbcVP3VlPL1OTOjJ55GcHgwu+uOetAc":{"registrationId":1068576915,"currentRatchet":{"ephemeralKeyPair":{"pubKey":"BXy5OtFDmJef5Dz2oAVLTEMGH/+Rx47jxx9MZMxBsfMt","privKey":"yJ8M965+Y8jH/Q9NAOmQY9qkdACS4jxdkwCtieyyNk8="},"lastRemoteEphemeralKey":"Beg8cqzrYg5/qxjVdOeN6V8KyNP3c4vrqd1ksdMTvjFv","previousCounter":0,"rootKey":"6UxSwJ1NtRnJeJ5y9+2pEw7gZhlNvDdBXlVDHY8zri8="},"indexInfo":{"baseKey":"BY6zWBY8+T+9xFbcVP3VlPL1OTOjJ55GcHgwu+uOetAc","baseKeyType":1,"closed":-1,"used":1714106299249,"created":1714106299249,"remoteIdentityKey":"BdskUd2AWH0m58JjXF5YRwkmr+peWw5I2e9dKGGwtGAR"},"_chains":{"BXy5OtFDmJef5Dz2oAVLTEMGH/+Rx47jxx9MZMxBsfMt":{"chainKey":{"counter":0,"key":"emgxnFEwcJl0jE22tuWSura3X6HWY7aii7noj7kTlas="},"chainType":1,"messageKeys":{}}},"pendingPreKey":{"signedKeyId":23,"baseKey":"BY6zWBY8+T+9xFbcVP3VlPL1OTOjJ55GcHgwu+uOetAc","preKeyId":2970823}}},"version":"v1"}