{"_sessions":{"BQ/i2j4qVRc6xHec6CDLNyBqdnFIVonSIssrJqiDZnRD":{"registrationId":1019314080,"currentRatchet":{"ephemeralKeyPair":{"pubKey":"BTem37Xf/C2Hz/eOHMeHJeTeOeI/4Nz+W3y2Jsizq8ws","privKey":"mCPRf0AI3wmD1ouMt6NqCKadLKz0DX86Kc+XjOJDPnQ="},"lastRemoteEphemeralKey":"BYeTYv8S7B9gojliY8x2FApRH/fRkdcFfPmXxMggYxYL","previousCounter":0,"rootKey":"o2wi7ECNSipo9WIMd4ZF9Uaj9pJ3dKKqk0GtaGrGVK8="},"indexInfo":{"baseKey":"BQ/i2j4qVRc6xHec6CDLNyBqdnFIVonSIssrJqiDZnRD","baseKeyType":1,"closed":-1,"used":1714085805463,"created":1714085805463,"remoteIdentityKey":"BVvGXOWfE0J0L5pEd3VNQTl/5tRrEzTdhI46W3Zhbi4L"},"_chains":{"BTem37Xf/C2Hz/eOHMeHJeTeOeI/4Nz+W3y2Jsizq8ws":{"chainKey":{"counter":20,"key":"BeNZ1bXGczqHmruktYYUt/g/8/aNvVMv0blX1MO+E8g="},"chainType":1,"messageKeys":{}}},"pendingPreKey":{"signedKeyId":11,"baseKey":"BQ/i2j4qVRc6xHec6CDLNyBqdnFIVonSIssrJqiDZnRD","preKeyId":4563243}}},"version":"v1"}