{"_sessions":{"BTiynwtC2R59e4rgzHPWUKSBeKXjjJsNHr8AjDznhVFM":{"registrationId":53655631,"currentRatchet":{"ephemeralKeyPair":{"pubKey":"BVAPI44WCjFXlP+3jEaYidZ6NvKKtni5F5v0ASTGs5hu","privKey":"SPzhKsd9rVHSImmcNIeipi/8ZuLvyVlevLaHCecLClg="},"lastRemoteEphemeralKey":"BaFwzdXPQF9MaLYYWjZc5DBSup1snthTm6jL7IqZO5xc","previousCounter":0,"rootKey":"jsWPfA4TWLpZ9zKZMLQFjcATL0Nvonp+K6v8g4kkjJg="},"indexInfo":{"baseKey":"BTiynwtC2R59e4rgzHPWUKSBeKXjjJsNHr8AjDznhVFM","baseKeyType":1,"closed":-1,"used":1714106299253,"created":1714106299253,"remoteIdentityKey":"BZJe2jB2/5PcDIAO2S+qa+n6CvsK/elU7m1s/Ggp9ztd"},"_chains":{"BVAPI44WCjFXlP+3jEaYidZ6NvKKtni5F5v0ASTGs5hu":{"chainKey":{"counter":0,"key":"6xTK9oZWzH9KwszMqk3sPHsSqnx6BqY3q5nVcm9KSPU="},"chainType":1,"messageKeys":{}}},"pendingPreKey":{"signedKeyId":2,"baseKey":"BTiynwtC2R59e4rgzHPWUKSBeKXjjJsNHr8AjDznhVFM","preKeyId":394016}}},"version":"v1"}