{"_sessions":{"BUEluzh+b5cMG8f5vkNZWdqvVfRCBdlLHFORJUTGp6tw":{"registrationId":1609410500,"currentRatchet":{"ephemeralKeyPair":{"pubKey":"BQIu4/Rh6tab9kIe0ogmpgIMNO35psxTMyntCHFMKxsH","privKey":"CN18kQWZNITLyAuUNNAvqsEQUkKw64o4Yb8FN1nTc38="},"lastRemoteEphemeralKey":"BekhwvLpUgfzSpdTWn5vU/HcKq5qIC1scSM2T9B2EIoH","previousCounter":0,"rootKey":"zIghe1/N0m6szHz2IGoWs/fAtpu6pD4J8ogTZbnrAdM="},"indexInfo":{"baseKey":"BUEluzh+b5cMG8f5vkNZWdqvVfRCBdlLHFORJUTGp6tw","baseKeyType":1,"closed":-1,"used":1714085805607,"created":1714085805607,"remoteIdentityKey":"BYpO+XIR8R5qM6fp3b8qIFSxymyep0TEq+D4b5MO56tJ"},"_chains":{"BQIu4/Rh6tab9kIe0ogmpgIMNO35psxTMyntCHFMKxsH":{"chainKey":{"counter":20,"key":"lwbi6/4xsdWUiTqa9ZHD8H1eIey67bahMY/Fl7Mvyb0="},"chainType":1,"messageKeys":{}}},"pendingPreKey":{"signedKeyId":18,"baseKey":"BUEluzh+b5cMG8f5vkNZWdqvVfRCBdlLHFORJUTGp6tw","preKeyId":12350379}}},"version":"v1"}