{"_sessions":{"BZ8exBhIqIwHmWD/i5f6gxWMFvJupfFKofPn1Yaow/AY":{"registrationId":833642546,"currentRatchet":{"ephemeralKeyPair":{"pubKey":"BShoWzTXhZiuHAhfPPscmqkL7R3SMtMaBJK+SaqdE1xz","privKey":"IDJAdw8fsEW0RX2EyRD6Hs6Siy520rk/DBI4CwLf9Ws="},"lastRemoteEphemeralKey":"BaCPxAVM+ZmXZYXrRCRFEIb2V3kmhMm36WFzya/QuRYT","previousCounter":0,"rootKey":"cGew7fxdb7uhrbLc08vWlHOcML54GUYiSmKU1cqO7wc="},"indexInfo":{"baseKey":"BZ8exBhIqIwHmWD/i5f6gxWMFvJupfFKofPn1Yaow/AY","baseKeyType":1,"closed":-1,"used":1714085805431,"created":1714085805431,"remoteIdentityKey":"BYYfT3oEhQLbtp3WJgmY8QSQQwQq1DWmGvHALy/rL1lg"},"_chains":{"BShoWzTXhZiuHAhfPPscmqkL7R3SMtMaBJK+SaqdE1xz":{"chainKey":{"counter":20,"key":"QBWIjVa2jCOA7RbRZWI+uM4qouCxk7N0B/2y3vRgfOw="},"chainType":1,"messageKeys":{}}},"pendingPreKey":{"signedKeyId":16,"baseKey":"BZ8exBhIqIwHmWD/i5f6gxWMFvJupfFKofPn1Yaow/AY"}}},"version":"v1"}