{"_sessions":{"BXD6n8E5deRa3ki0i2BAIAChekiU9zXnHSvcRqgymEVX":{"registrationId":810424524,"currentRatchet":{"ephemeralKeyPair":{"pubKey":"BXI44LPEOeowie/4sYJjOzWe+fEvDFnOzc2wGAwEptt+","privKey":"UN7Wh2BKtTjnmQmcoixTBAzPqMavAXtJ6PRnKKwcp2w="},"lastRemoteEphemeralKey":"BcCkdLSfGRG8BmHW2uVHMb7FMXDeQ7qfCe6Od4kAv343","previousCounter":0,"rootKey":"x27QdIN+LsYqB4qlN8AuqNe656LYu9MehaC9eXrWBg4="},"indexInfo":{"baseKey":"BXD6n8E5deRa3ki0i2BAIAChekiU9zXnHSvcRqgymEVX","baseKeyType":1,"closed":-1,"used":1714085805655,"created":1714085805655,"remoteIdentityKey":"BXTEuol0Xm3POV1Qb8azEI2MmkAVhBlTmLN/jfjBCyEp"},"_chains":{"BXI44LPEOeowie/4sYJjOzWe+fEvDFnOzc2wGAwEptt+":{"chainKey":{"counter":20,"key":"a1sSYI8yKdD2drdJ/j2Pt2zeHQqm0Ypk1CAbpYqRNtQ="},"chainType":1,"messageKeys":{}}},"pendingPreKey":{"signedKeyId":14,"baseKey":"BXD6n8E5deRa3ki0i2BAIAChekiU9zXnHSvcRqgymEVX","preKeyId":14447711}}},"version":"v1"}