{"_sessions":{"BQShyovFyyGLIOleB0lP66m3dtX3QYZcWoLnt73M079S":{"registrationId":1746550675,"currentRatchet":{"ephemeralKeyPair":{"pubKey":"BRQVOE74c5SZqWBB3Tsl1ceeMLDITkkP4WDL+oUm8UkJ","privKey":"cL8yGKmC3lA9XDKGn0KeJOxPzULd/qq7jzNTLmF9B3E="},"lastRemoteEphemeralKey":"BYpvcqQLeyvpo3+vCocMghWFfB1SEGhm+7rjXQ6XmvZ+","previousCounter":0,"rootKey":"F4hiQ6oMCeqOW0qe6F5U8RvsF+jIc1XCHiFlcf4gY4Y="},"indexInfo":{"baseKey":"BQShyovFyyGLIOleB0lP66m3dtX3QYZcWoLnt73M079S","baseKeyType":1,"closed":-1,"used":1714106011956,"created":1714106011956,"remoteIdentityKey":"BUnchMSL04+4OL8YtY8qns0tViIH6OG3gI2CbXhPCZda"},"_chains":{"BRQVOE74c5SZqWBB3Tsl1ceeMLDITkkP4WDL+oUm8UkJ":{"chainKey":{"counter":6,"key":"VBDgh2yS67QozjYnwEzWMh+gUgMQ01MdHRPPwxp5WLI="},"chainType":1,"messageKeys":{}}},"pendingPreKey":{"signedKeyId":3,"baseKey":"BQShyovFyyGLIOleB0lP66m3dtX3QYZcWoLnt73M079S"}}},"version":"v1"}