{"_sessions":{"BdAEbto7veHQH+jc7sh8KZDfk6bsrih0WA6sHnqLZFZs":{"registrationId":810241545,"currentRatchet":{"ephemeralKeyPair":{"pubKey":"BbgGKQLr5XGcLBF9nYGGmsE2LI9bIp/bqmlluAgQeFxq","privKey":"oBvTkxgAysxKOjRQc4lJxsUUwtOLU3xa6Nae2I5+hWw="},"lastRemoteEphemeralKey":"BUcxPZBEl/hCUqeyfMJt/n2sRWHwGrxt2yzShXasyOFa","previousCounter":0,"rootKey":"l0g35GGC1tgyWKnPDypKek/CDKb2tUi1pfQzyrPHwwE="},"indexInfo":{"baseKey":"BdAEbto7veHQH+jc7sh8KZDfk6bsrih0WA6sHnqLZFZs","baseKeyType":1,"closed":-1,"used":1714085805269,"created":1714085805269,"remoteIdentityKey":"BYayjKYfRhvIB1Ar6GrJugx/LrL4k01BNUuyHcAfu0xG"},"_chains":{"BbgGKQLr5XGcLBF9nYGGmsE2LI9bIp/bqmlluAgQeFxq":{"chainKey":{"counter":20,"key":"+VZvyduPUec+x1z1POpDsyiSJI6iuuVDHtmoH21IrF4="},"chainType":1,"messageKeys":{}}},"pendingPreKey":{"signedKeyId":11,"baseKey":"BdAEbto7veHQH+jc7sh8KZDfk6bsrih0WA6sHnqLZFZs","preKeyId":8730666}}},"version":"v1"}