{"_sessions":{"BRPYnYLxz14GkgvBOdpfZmEn+GIe/BEMDdV8QrJF/xRv":{"registrationId":712102700,"currentRatchet":{"ephemeralKeyPair":{"pubKey":"BZ0AoJq4mDLA/Krv6gw89s/OWDQwb5dFRckS8Ewdd3kQ","privKey":"AFztTUguKplBsDN7DXEl3FsCybr7VBdFkLmsTVMfrFE="},"lastRemoteEphemeralKey":"BTgVDvXsNTUsGCwJ+tdaCFQwpuBnzef+nS787CGMgZl8","previousCounter":0,"rootKey":"O+HXd/+Im2Sj+EL5hK3tdPxOhzqKw+U+WiKUOgLuqUc="},"indexInfo":{"baseKey":"BRPYnYLxz14GkgvBOdpfZmEn+GIe/BEMDdV8QrJF/xRv","baseKeyType":1,"closed":-1,"used":1714085843152,"created":1714085843152,"remoteIdentityKey":"Bfnr9yXhwuYn6dNW/aob3h/DE333fPQC4nV7Zs5wVKJC"},"_chains":{"BZ0AoJq4mDLA/Krv6gw89s/OWDQwb5dFRckS8Ewdd3kQ":{"chainKey":{"counter":0,"key":"uAezTjUhxH/Ra7+bJXoXEKvI2c4VsUxKQgaA3383AMk="},"chainType":1,"messageKeys":{}}},"pendingPreKey":{"signedKeyId":40,"baseKey":"BRPYnYLxz14GkgvBOdpfZmEn+GIe/BEMDdV8QrJF/xRv","preKeyId":671599}}},"version":"v1"}