{"_sessions":{"BbMDNoQ7BAnoOAyQYIP6jxhkN+utVSDEXiwK11P5AZZe":{"registrationId":247922860,"currentRatchet":{"ephemeralKeyPair":{"pubKey":"BWB8U/aqNf/76tdHmlMgWQeJIr0KiA9J20qWIbRPOVEe","privKey":"cElk7uosO+OyLpRnR6BVigVcDqEZL9kzlkHKY9BOI3s="},"lastRemoteEphemeralKey":"BTC5OJxF4irsGzjRnnZtnY1p6SD5NCWtPVU5yKCEUvVx","previousCounter":0,"rootKey":"Qy5QIUKasITMVUXwcJhQtpUE0VsfYXhw0QAuJhOxiaI="},"indexInfo":{"baseKey":"BbMDNoQ7BAnoOAyQYIP6jxhkN+utVSDEXiwK11P5AZZe","baseKeyType":1,"closed":-1,"used":1714085805579,"created":1714085805579,"remoteIdentityKey":"BdSPhf/N1nYKHr749fUVzmLwW3T6CrDpu1Pw46nKbIcQ"},"_chains":{"BWB8U/aqNf/76tdHmlMgWQeJIr0KiA9J20qWIbRPOVEe":{"chainKey":{"counter":20,"key":"8XOYc30Z8v+M7t04lMHvo3fqWfBD8KEgMVVAnBMz1iE="},"chainType":1,"messageKeys":{}}},"pendingPreKey":{"signedKeyId":5,"baseKey":"BbMDNoQ7BAnoOAyQYIP6jxhkN+utVSDEXiwK11P5AZZe","preKeyId":2208086}}},"version":"v1"}