{"_sessions":{"BctlBl9ZY5pr7qYTZ9yfdXXyYy5sjSqVhAHE4KJERm1p":{"registrationId":2111567728,"currentRatchet":{"ephemeralKeyPair":{"pubKey":"BSjeAF5gPUzaSvg+MwTiWb5TFynsFBTrD924177WC7tA","privKey":"iLNanNEuD+lagzwnPGy9giK9Rx6zni+Gv+AuUOHj6mA="},"lastRemoteEphemeralKey":"BV8jkNBPlbIudNrW0ltKH6RY5terZFg5Xvhi9v2Iqr1L","previousCounter":0,"rootKey":"gJav6TXJx39nx7DgBF6Jfd5g3XaWCnhKeHFKNvFjSSQ="},"indexInfo":{"baseKey":"BctlBl9ZY5pr7qYTZ9yfdXXyYy5sjSqVhAHE4KJERm1p","baseKeyType":1,"closed":-1,"used":1714085805511,"created":1714085805511,"remoteIdentityKey":"BYfWqM8/LrN2bJtNejOPhurl/VbI1W/5rhBv2ZOamG1r"},"_chains":{"BSjeAF5gPUzaSvg+MwTiWb5TFynsFBTrD924177WC7tA":{"chainKey":{"counter":20,"key":"1y3ibAWmoyGDmTXrC8/DGnUGqWcR9Wqbt3mdhVqBLkA="},"chainType":1,"messageKeys":{}}},"pendingPreKey":{"signedKeyId":0,"baseKey":"BctlBl9ZY5pr7qYTZ9yfdXXyYy5sjSqVhAHE4KJERm1p"}}},"version":"v1"}