{"_sessions":{"BTSPGfLO4ezLzdkkwiQ8VpFY9HlMSpdS/jGw7wKqJmA0":{"registrationId":120106908,"currentRatchet":{"ephemeralKeyPair":{"pubKey":"BZ+00FbaJ1fEsYLR+dw5ts/vqPKd7PZnJwB4Af043cwg","privKey":"IDzQ4IZKlCrtVanGwkVg82wyYYBfZZ/3rJ4LGYl8T0g="},"lastRemoteEphemeralKey":"BcQLk7Osy+qRWxrbfljWF6jPAfjK05zr9tt2Dk9gyz99","previousCounter":0,"rootKey":"oSRhNQsAZUIsUOiLlj4cJSY5FWRkswbVi31RTcwh82Y="},"indexInfo":{"baseKey":"BTSPGfLO4ezLzdkkwiQ8VpFY9HlMSpdS/jGw7wKqJmA0","baseKeyType":2,"closed":-1,"used":1714107466329,"created":1714107466329,"remoteIdentityKey":"BQO6vVBnXiufzUH5HsqJbXIktmAE7lYpgF1c7P1v6bFV"},"_chains":{"BcQLk7Osy+qRWxrbfljWF6jPAfjK05zr9tt2Dk9gyz99":{"chainKey":{"counter":0,"key":"6ItQu86zrXdLhZTZtpsB7iuRZHvht5D3cvZ5H9W5/wg="},"chainType":2,"messageKeys":{}},"BZ+00FbaJ1fEsYLR+dw5ts/vqPKd7PZnJwB4Af043cwg":{"chainKey":{"counter":1,"key":"9CtLdvo0Nd2ZziPTtydFpKUx1Yo8UmLKl0oh4YvE4iQ="},"chainType":1,"messageKeys":{}}}}},"version":"v1"}