{"_sessions":{"BeJOAA2rVkmfAMsMxKC+RDJr3ZMUzsbzwT4YT9Icq7gO":{"registrationId":1342675209,"currentRatchet":{"ephemeralKeyPair":{"pubKey":"BbCcpinRYd6i+yHteHj6zj8WKIFD27tNPLdI6NlJD+QR","privKey":"iBUu/sgsbjRAxzUFnkoA0Alu/TUkGxH5d/Qf3W/V31Q="},"lastRemoteEphemeralKey":"BahNEcSN5TUnxccioMcKqRLiUAM1j1rexqk4EuhH2MYL","previousCounter":0,"rootKey":"lTHEKEiQDuNPLWXFOFiQ1BVCDtsV1SBrojTTVquT7fM="},"indexInfo":{"baseKey":"BeJOAA2rVkmfAMsMxKC+RDJr3ZMUzsbzwT4YT9Icq7gO","baseKeyType":1,"closed":-1,"used":1714106299268,"created":1714106299268,"remoteIdentityKey":"BWllulGBRpsf9KXTVfqtCOWGavyddj/nNeSq340MGVZ3"},"_chains":{"BbCcpinRYd6i+yHteHj6zj8WKIFD27tNPLdI6NlJD+QR":{"chainKey":{"counter":0,"key":"XnoOQwD2JEj0qQP1mstfJ0TL78xxnhjh74Qk/IkTARE="},"chainType":1,"messageKeys":{}}},"pendingPreKey":{"signedKeyId":41,"baseKey":"BeJOAA2rVkmfAMsMxKC+RDJr3ZMUzsbzwT4YT9Icq7gO","preKeyId":9610}}},"version":"v1"}