{"_sessions":{"Bb1xU6uEOZHxlL1mkM7gzYG9AKP13XCYRRA+a7cqo1xq":{"registrationId":9804,"currentRatchet":{"ephemeralKeyPair":{"pubKey":"BWm+KpFx3ov7y6qPR4BZBMHBOUxAi0KLLRLXLjnyP7RG","privKey":"6Dwt30UGZwHTY4M1EmaY5ngK3ehPJWOM9NugqY2ew1Q="},"lastRemoteEphemeralKey":"BQ8AGadcqkV+k6e1ePutdRb5/qHfaKspoFWVEhG8Sj4D","previousCounter":0,"rootKey":"sQ4CP0Yna1/MC8sq8TDXI+iO2y2dlvm618btAxxsjM8="},"indexInfo":{"baseKey":"Bb1xU6uEOZHxlL1mkM7gzYG9AKP13XCYRRA+a7cqo1xq","baseKeyType":1,"closed":-1,"used":1714085805249,"created":1714085805249,"remoteIdentityKey":"BY50WuXCfPNjYoRN9iYKMvy16HllRIX4PvjbcwbWtJIa"},"_chains":{"BWm+KpFx3ov7y6qPR4BZBMHBOUxAi0KLLRLXLjnyP7RG":{"chainKey":{"counter":20,"key":"sdHcCwXdKXAPzBR6BpnNpWGpjXcuFY0+rYiLmbfPSfY="},"chainType":1,"messageKeys":{}}},"pendingPreKey":{"signedKeyId":1,"baseKey":"Bb1xU6uEOZHxlL1mkM7gzYG9AKP13XCYRRA+a7cqo1xq"}}},"version":"v1"}