{"_sessions":{"Bc2fx6/Cpl7qWT28jFZBBQWLzVbZctdX5n4PBs7RCqQf":{"registrationId":1546105253,"currentRatchet":{"ephemeralKeyPair":{"pubKey":"Bf0KtGBEXNsqksBKH8JjjfMwq3TK4MIobKJGGu6jvtFH","privKey":"IM4Bu+N27/dxLJTKVBRQ0pLSZLf4dNmqGLcgDyY9YGM="},"lastRemoteEphemeralKey":"BYELhrB+R4cf0ZaW9BQd4mu8fgE4bw9mgzVqQfXfu4E/","previousCounter":0,"rootKey":"LWYtfiehK46HFtccfaxiGzoE64OGsJZPhBqoAoqtVhU="},"indexInfo":{"baseKey":"Bc2fx6/Cpl7qWT28jFZBBQWLzVbZctdX5n4PBs7RCqQf","baseKeyType":1,"closed":-1,"used":1714085805479,"created":1714085805479,"remoteIdentityKey":"BSJznDtLSwpFc/iWyXlqb0iSzp+rpO+DL7iqov7cNxt9"},"_chains":{"Bf0KtGBEXNsqksBKH8JjjfMwq3TK4MIobKJGGu6jvtFH":{"chainKey":{"counter":20,"key":"RtmC7LBGY0THLGYRw2dfRs+kbt9mUvT4cd3X1jAuNMY="},"chainType":1,"messageKeys":{}}},"pendingPreKey":{"signedKeyId":3806490,"baseKey":"Bc2fx6/Cpl7qWT28jFZBBQWLzVbZctdX5n4PBs7RCqQf","preKeyId":28577}}},"version":"v1"}