{"_sessions":{"BWlJhP0WKH7q19LU3LQvSjveomeS9BJ7CRpbx5qrZE8v":{"registrationId":1449930447,"currentRatchet":{"ephemeralKeyPair":{"pubKey":"BU8Jd5gtM9aoxNjWfuowccvKb45RysxrnK/Bvu/GJtdu","privKey":"uHie5WeNz2Z9UBzq6NTh3pCdSgB+PVuxOwlXLDFIy3g="},"lastRemoteEphemeralKey":"BeyJ3VCJ0Nwk0VmpDLeHeaB10RC9/0+eKfvQYcPnw+Qp","previousCounter":0,"rootKey":"wx8aH9ZtKJM7/HSVFmQAXTuzH/c3M5H/geTHtqTxYF0="},"indexInfo":{"baseKey":"BWlJhP0WKH7q19LU3LQvSjveomeS9BJ7CRpbx5qrZE8v","baseKeyType":1,"closed":-1,"used":1714085805314,"created":1714085805314,"remoteIdentityKey":"BU4/h1L6V88VTUS3LDmduvHtBKjo6+b2zpwlTMhw5BlF"},"_chains":{"BU8Jd5gtM9aoxNjWfuowccvKb45RysxrnK/Bvu/GJtdu":{"chainKey":{"counter":20,"key":"RwoXy0yEgUvLOeOD3XRK8tKARbG9Oihd1DvNHOQIei4="},"chainType":1,"messageKeys":{}}},"pendingPreKey":{"signedKeyId":10,"baseKey":"BWlJhP0WKH7q19LU3LQvSjveomeS9BJ7CRpbx5qrZE8v","preKeyId":3099865}}},"version":"v1"}