{"_sessions":{"Bd1qVPsla/FtkRvM1VFz04mzXrmVm5DtdAVtH7zPMSNZ":{"registrationId":1583816265,"currentRatchet":{"ephemeralKeyPair":{"pubKey":"BS2DvrGj92/5dx6urHqlj/hxasMvfrUFqPaQBm6AZw87","privKey":"YHD+ErG+RIv12M03EhDfGHNGHcZbncn5Ze/TtSOQ1XU="},"lastRemoteEphemeralKey":"BbTzVY+ormRax/CsutvGIa3x2FyiqaB1gi/Fvwjql2gl","previousCounter":0,"rootKey":"CjX9Yf93apkcLOycNnYwAbQ9Pgr1b68Pn4fYSWdJ/9w="},"indexInfo":{"baseKey":"Bd1qVPsla/FtkRvM1VFz04mzXrmVm5DtdAVtH7zPMSNZ","baseKeyType":1,"closed":-1,"used":1714106011961,"created":1714106011961,"remoteIdentityKey":"BehghiV8yCSucE/3t7+rJaGn8Uu+9BkVgnpr98FQWXMV"},"_chains":{"BS2DvrGj92/5dx6urHqlj/hxasMvfrUFqPaQBm6AZw87":{"chainKey":{"counter":6,"key":"b7e0krbip+oUJlvZOegn1QGAQ7gedEp5KvQAsUbWBZs="},"chainType":1,"messageKeys":{}}},"pendingPreKey":{"signedKeyId":25,"baseKey":"Bd1qVPsla/FtkRvM1VFz04mzXrmVm5DtdAVtH7zPMSNZ","preKeyId":2339700}}},"version":"v1"}