{"_sessions":{"BdkwAwsWdDSWwm9lahxeS3K+4IIL8r8Vh9yzO9dlikE+":{"registrationId":1474251634,"currentRatchet":{"ephemeralKeyPair":{"pubKey":"BReY74J7ye7ocUnkcMPKxv7OiMgtlZFxrsAcBWAR8HRJ","privKey":"+NxvchOyA+ulGj9++V8X6jbj8mG0+WYRGuiLY4Nv9GE="},"lastRemoteEphemeralKey":"BYWV1/fYtlippy6OuF4v1z8wgBWDR1kM6hYWtb7psEhK","previousCounter":0,"rootKey":"474d1TKR1S68Ra4cetQeIQUxnoGkYGIcTvVimHcFTbk="},"indexInfo":{"baseKey":"BdkwAwsWdDSWwm9lahxeS3K+4IIL8r8Vh9yzO9dlikE+","baseKeyType":1,"closed":1714110291234,"used":1714085805575,"created":1714085805575,"remoteIdentityKey":"BVie+E5TdF/6vXczF0YuMJxueppvdhfqcQzkifqBCeA8"},"_chains":{"BReY74J7ye7ocUnkcMPKxv7OiMgtlZFxrsAcBWAR8HRJ":{"chainKey":{"counter":16,"key":"6PZmITTywrZ+7IWm3TEIEdEerLDuCIrcAi/1P6N0054="},"chainType":1,"messageKeys":{}}},"pendingPreKey":{"signedKeyId":9,"baseKey":"BdkwAwsWdDSWwm9lahxeS3K+4IIL8r8Vh9yzO9dlikE+","preKeyId":5176455}},"BR9GFlcE6D2tz30MJ8oEe5KqUICeHZXP/nvF5okvJ3R2":{"registrationId":1474251634,"currentRatchet":{"ephemeralKeyPair":{"pubKey":"BbLhFAZuiuK9xiFyESTKvs3BsJW4GqJR3v71TpmWdCF7","privKey":"oOcgQ2w8zPLSf68xD91Hl53V5r7JKkrS+mJ7baorams="},"lastRemoteEphemeralKey":"BQ/w6PUtCeFPvSq1dIJSVBwaCqIMT0MiMkJWWsPmw4o/","previousCounter":0,"rootKey":"U1nHo8i36+WaaYOoi4rJ3SUxVQ+PrnHJRRkMoHqRIPc="},"indexInfo":{"baseKey":"BR9GFlcE6D2tz30MJ8oEe5KqUICeHZXP/nvF5okvJ3R2","baseKeyType":2,"closed":-1,"used":1714110291239,"created":1714110291239,"remoteIdentityKey":"BVie+E5TdF/6vXczF0YuMJxueppvdhfqcQzkifqBCeA8"},"_chains":{"BQ/w6PUtCeFPvSq1dIJSVBwaCqIMT0MiMkJWWsPmw4o/":{"chainKey":{"counter":0,"key":"rp5xSv2LH4075FFNfRkJGEMk6xoE06d/zIOYjt+o1DE="},"chainType":2,"messageKeys":{}},"BbLhFAZuiuK9xiFyESTKvs3BsJW4GqJR3v71TpmWdCF7":{"chainKey":{"counter":3,"key":"zU6PKofX6hkbLmkWpCTtfrVlUR7+ftmK9xOH/OXzUB4="},"chainType":1,"messageKeys":{}}}}},"version":"v1"}