{"_sessions":{"BfHNMqTbg/pJzCluSt5fu3YTagxMlk3ZRdsJashh8Phb":{"registrationId":176441064,"currentRatchet":{"ephemeralKeyPair":{"pubKey":"BcqSlKNXL0TJb0zK6pIFT6ATU92gSBKisQ8BQ/wq+FNO","privKey":"4KB8O3PiLNafnqcojzz8MiGo2r3QNEsorIQ5kQAmcnA="},"lastRemoteEphemeralKey":"BUuryV8YKgvnh13iRK2oxWGKhLeAigSadxGDD20khakD","previousCounter":0,"rootKey":"0sfFNuw+r6jZju3uU69iPvL8rZYBtsv227TUW2Dvm6c="},"indexInfo":{"baseKey":"BfHNMqTbg/pJzCluSt5fu3YTagxMlk3ZRdsJashh8Phb","baseKeyType":1,"closed":1714110472669,"used":1714085805632,"created":1714085805632,"remoteIdentityKey":"BYy/Gd/J0KEhnYnSePQ62pGQ+8ZuoK0mKTfhT/wmxJpH"},"_chains":{"BcqSlKNXL0TJb0zK6pIFT6ATU92gSBKisQ8BQ/wq+FNO":{"chainKey":{"counter":19,"key":"7Buepp1LXPiByLqBJoP+qJDkXoqRDsx6nUPvnoH1D+A="},"chainType":1,"messageKeys":{}}},"pendingPreKey":{"signedKeyId":10,"baseKey":"BfHNMqTbg/pJzCluSt5fu3YTagxMlk3ZRdsJashh8Phb","preKeyId":6211560}},"BRW3QyUt9qiQaTefd7jai1kRt8nQKnMOV8paJbmw6S4o":{"registrationId":176441064,"currentRatchet":{"ephemeralKeyPair":{"pubKey":"BSI5AclHvow6tVZwrFb2qUOHsooWksNxqLHtTB7jemR2","privKey":"GNOuBkif+iTkatrsuN8JTBHOe4X1ra1AgpqZn7X+jmw="},"lastRemoteEphemeralKey":"Bf9F3ojFLBVVwehCYwK7i9I8UxDPBj2xFktCUdZ27YRX","previousCounter":0,"rootKey":"lrStmzjYtENS1fUYR65Tvd8ju+2MDVNc6KmL572V4Sg="},"indexInfo":{"baseKey":"BRW3QyUt9qiQaTefd7jai1kRt8nQKnMOV8paJbmw6S4o","baseKeyType":2,"closed":-1,"used":1714110472675,"created":1714110472675,"remoteIdentityKey":"BYy/Gd/J0KEhnYnSePQ62pGQ+8ZuoK0mKTfhT/wmxJpH"},"_chains":{"Bf9F3ojFLBVVwehCYwK7i9I8UxDPBj2xFktCUdZ27YRX":{"chainKey":{"counter":0,"key":"MmKTQljwvjcRdAcWaX13GtstinFBUc8sKjEiM7/9QSk="},"chainType":2,"messageKeys":{}},"BSI5AclHvow6tVZwrFb2qUOHsooWksNxqLHtTB7jemR2":{"chainKey":{"counter":0,"key":"GM3S7yM6g5jvFbjyRKd729K4sdw0FkW8OT0N17lneTA="},"chainType":1,"messageKeys":{}}}}},"version":"v1"}