{"_sessions":{"BZKfMw4R5KalJ9S4re5jkcCNeLGmgzf7mfM9nETbiy0p":{"registrationId":1832134828,"currentRatchet":{"ephemeralKeyPair":{"pubKey":"BV9IvJqdwTTg59CwhIXG/dgtjzxXX4X+ukNjEROyHAxo","privKey":"KKu6bjNZpqtNNw/YonzNq19O/kQODRdY3cRi7nKldlQ="},"lastRemoteEphemeralKey":"BfFSW06VzdFZlWSifykLCmLoesFN7BKtE5vPn5awY0Rz","previousCounter":0,"rootKey":"X1T5TPVnS/G/mlZBXKb6Aw7ulQYa+KAxAP2T9fwn0HQ="},"indexInfo":{"baseKey":"BZKfMw4R5KalJ9S4re5jkcCNeLGmgzf7mfM9nETbiy0p","baseKeyType":1,"closed":-1,"used":1714085843172,"created":1714085843172,"remoteIdentityKey":"BbPqgE361nNyqHRhO7qjVlw4xPLPlEHCKOoUwTPyoaNG"},"_chains":{"BV9IvJqdwTTg59CwhIXG/dgtjzxXX4X+ukNjEROyHAxo":{"chainKey":{"counter":0,"key":"1a4LdRyL/UHF9+uhXhfUfZil8c+xR93bNQJaG4hGpNw="},"chainType":1,"messageKeys":{}}},"pendingPreKey":{"signedKeyId":7,"baseKey":"BZKfMw4R5KalJ9S4re5jkcCNeLGmgzf7mfM9nETbiy0p","preKeyId":3291121}}},"version":"v1"}