{"_sessions":{"Bc+Bl2X5f4TXtjhPwUmkmL67ugVoU4bMDsULyWLA02Vr":{"registrationId":274074983,"currentRatchet":{"ephemeralKeyPair":{"pubKey":"BVQ6STp24OWSQvXVv4n7/j/Wn5z+4RIkqdByavCoqJRp","privKey":"kHJcEq5/119wmw/spgkyeCTg+werY7j+9M/twj2AKG0="},"lastRemoteEphemeralKey":"BUIzFqU3QKV5SVU/VhoDvPk8YB2aZ9VhNzXg9Zg+TeM0","previousCounter":0,"rootKey":"GodYFO25qjaHFruulOplaJkfffs8IVRhbuNNVefcU0M="},"indexInfo":{"baseKey":"Bc+Bl2X5f4TXtjhPwUmkmL67ugVoU4bMDsULyWLA02Vr","baseKeyType":2,"closed":-1,"used":1714105667862,"created":1714105667862,"remoteIdentityKey":"BffPbTPnG0/gIohv34DwCWlnX+h9uRnW9dqVYYp+erRq"},"_chains":{"BUIzFqU3QKV5SVU/VhoDvPk8YB2aZ9VhNzXg9Zg+TeM0":{"chainKey":{"counter":0,"key":"Ja/HV0kQtwsjla1UCA2vI9im1gfFyb8Ok0cNR9x1B0k="},"chainType":2,"messageKeys":{}},"BVQ6STp24OWSQvXVv4n7/j/Wn5z+4RIkqdByavCoqJRp":{"chainKey":{"counter":-1,"key":"M1mHGxZhacF7EfGak4oO6T5W0m6rh6PH8E2lhjgjH7U="},"chainType":1,"messageKeys":{}}}}},"version":"v1"}