{"_sessions":{"BVjpOkXLMBCO+bc33No9fndcCCvbA7c6jX61tjqvG1Zv":{"registrationId":1303904459,"currentRatchet":{"ephemeralKeyPair":{"pubKey":"BaD/Rtln6zuNpO7vR/20jDHBCY+4iDsX+tzZulhkFBpS","privKey":"8CYr9AJ+i3muYhid2binvh80TsOrOyQKZrsgi2vH2kY="},"lastRemoteEphemeralKey":"BTC8Z05htQcVEQuvE6ThgtiAW8xlL5Nmggd6Gl3PbFUk","previousCounter":0,"rootKey":"3p1Tle4X15KKGfY/0aEGs5MvG3RlPIiKBfrQmPTLZ9g="},"indexInfo":{"baseKey":"BVjpOkXLMBCO+bc33No9fndcCCvbA7c6jX61tjqvG1Zv","baseKeyType":1,"closed":-1,"used":1714085805363,"created":1714085805363,"remoteIdentityKey":"BUzAu1M+bDfbXkadjeScqqiTzF3cxTBoh0NBYO7Lqplc"},"_chains":{"BaD/Rtln6zuNpO7vR/20jDHBCY+4iDsX+tzZulhkFBpS":{"chainKey":{"counter":20,"key":"k48quXjqsErQQ2t2Jl/SHbTEak5NUvEV7krrN76nWtk="},"chainType":1,"messageKeys":{}}},"pendingPreKey":{"signedKeyId":44,"baseKey":"BVjpOkXLMBCO+bc33No9fndcCCvbA7c6jX61tjqvG1Zv","preKeyId":4320287}}},"version":"v1"}