{"_sessions":{"BWcSvfzZ4lVppyUSREvHdwCQHT9yGHCILiu6qFBJKRMQ":{"registrationId":416538357,"currentRatchet":{"ephemeralKeyPair":{"pubKey":"Bd2nNSzoQ3JFUr62oszbMFk07UHMGftgs1p5gU0nQY1H","privKey":"AO4LqfkuAs2fKzsgc7XKeqlsK0P+6TV2/JUsCEDlF1U="},"lastRemoteEphemeralKey":"BQHCOSc3S6F/v+RfTGGf3gRaKuEUryRj45v2T0V0Wioi","previousCounter":0,"rootKey":"E58oJNAo5yWS5ASWTaryvQaGwUcVAf8/OBZbvQoTshE="},"indexInfo":{"baseKey":"BWcSvfzZ4lVppyUSREvHdwCQHT9yGHCILiu6qFBJKRMQ","baseKeyType":1,"closed":-1,"used":1714106011967,"created":1714106011967,"remoteIdentityKey":"BYqNF17kSMZbPm8QcAs2sZ+cuvB7CQc0qSMS6oRmX5sd"},"_chains":{"Bd2nNSzoQ3JFUr62oszbMFk07UHMGftgs1p5gU0nQY1H":{"chainKey":{"counter":6,"key":"57uLj8O9EWvoGiCVWsJQUCMdHglMG+khCK+AAgXQvSI="},"chainType":1,"messageKeys":{}}},"pendingPreKey":{"signedKeyId":3,"baseKey":"BWcSvfzZ4lVppyUSREvHdwCQHT9yGHCILiu6qFBJKRMQ","preKeyId":5418046}}},"version":"v1"}