{"_sessions":{"BefeMnuzYlDjM1+2P7Jc7Ym85wAHwIY1cxXL3oAosOke":{"registrationId":1642480735,"currentRatchet":{"ephemeralKeyPair":{"pubKey":"BWetZDvHgG7ofNC7UUX6NoGtjdxsmwel+RP5VufX7yAd","privKey":"kCUgtkJCN5Ovuz83peM5ZThspZHz8HzBSFaEqxnpN1M="},"lastRemoteEphemeralKey":"BTM89sYS03qM/NhUqj44Gj8U5QWa1dM1l6xpuUlcR6QP","previousCounter":0,"rootKey":"vI0LVgGW0bS2HeEyOud8yeiqKxo3bl537092LA09ej8="},"indexInfo":{"baseKey":"BefeMnuzYlDjM1+2P7Jc7Ym85wAHwIY1cxXL3oAosOke","baseKeyType":1,"closed":-1,"used":1714085805544,"created":1714085805544,"remoteIdentityKey":"BW4SiXu93dv0dAfDud6roOdqJkuBUNsbASZCDwvgASB0"},"_chains":{"BWetZDvHgG7ofNC7UUX6NoGtjdxsmwel+RP5VufX7yAd":{"chainKey":{"counter":20,"key":"UNm+RxzBqiYHq8Q7MjZAv8txZxs8ps44b/7dhASbpBo="},"chainType":1,"messageKeys":{}}},"pendingPreKey":{"signedKeyId":11,"baseKey":"BefeMnuzYlDjM1+2P7Jc7Ym85wAHwIY1cxXL3oAosOke","preKeyId":3966796}}},"version":"v1"}