{"_sessions":{"BekdIS+qsX3xoaBwrOViqwnm9CBFa5Dhu4GZoTNP3dQS":{"registrationId":987193994,"currentRatchet":{"ephemeralKeyPair":{"pubKey":"Bcs+RdMvJitpcpYwqjXDGtgbDgihkkhil3VNux53iZRR","privKey":"aP4MuGti2qhaAXyg1ToG4jJ7vQt4352MCCpFMn/vLHI="},"lastRemoteEphemeralKey":"BSC++RqT38T3PRHYyEA4OYqC5fU6MKeLmRMp3lA98tkO","previousCounter":0,"rootKey":"MqxxBhmcnL0R9koh/BzZ7sBvJR9QRY6JlJFHPP0jGDk="},"indexInfo":{"baseKey":"BekdIS+qsX3xoaBwrOViqwnm9CBFa5Dhu4GZoTNP3dQS","baseKeyType":1,"closed":-1,"used":1714085805340,"created":1714085805340,"remoteIdentityKey":"BVJJo0Ue4A+3vD+AXj5I/+Vvnq7Cf4SxyPF87fqRbGQY"},"_chains":{"Bcs+RdMvJitpcpYwqjXDGtgbDgihkkhil3VNux53iZRR":{"chainKey":{"counter":20,"key":"dUMI9FWQ5ynrdVqq5B7yA3MKlZSn4R7hAa2h0ANnptw="},"chainType":1,"messageKeys":{}}},"pendingPreKey":{"signedKeyId":14,"baseKey":"BekdIS+qsX3xoaBwrOViqwnm9CBFa5Dhu4GZoTNP3dQS","preKeyId":12977182}}},"version":"v1"}