{"_sessions":{"BRLyRvpSfQItTrtMVDDkUmWwQ4ycA3dUDOLSegjoaGtZ":{"registrationId":1865160064,"currentRatchet":{"ephemeralKeyPair":{"pubKey":"Bfzkzx350H/1WKSkpa4ZXLCmHtfDFRRCCAX8QOx/bVhU","privKey":"0K8bqObMc3b0SGSOYR7de4AjO3cFh49VVaqaJxM+Y2I="},"lastRemoteEphemeralKey":"BeVlVVyj9pWkQmDGirKwhDDKJtk8ALj9ZpgnVdRutx9L","previousCounter":0,"rootKey":"ea1rSLLHRIWuZUApWE+sjZ3FkUizL3n/22s1UQ9JpxQ="},"indexInfo":{"baseKey":"BRLyRvpSfQItTrtMVDDkUmWwQ4ycA3dUDOLSegjoaGtZ","baseKeyType":1,"closed":-1,"used":1714085805700,"created":1714085805700,"remoteIdentityKey":"BQg+l8n3Haz6wXINUSopFBeeSQqyIoqD31eQj+3Moz1F"},"_chains":{"Bfzkzx350H/1WKSkpa4ZXLCmHtfDFRRCCAX8QOx/bVhU":{"chainKey":{"counter":20,"key":"Gz8YsAsLQ9TEr6+NPFDzr0bkyy1Hd1xV84Fwb8r/sYU="},"chainType":1,"messageKeys":{}}},"pendingPreKey":{"signedKeyId":33,"baseKey":"BRLyRvpSfQItTrtMVDDkUmWwQ4ycA3dUDOLSegjoaGtZ","preKeyId":12725181}}},"version":"v1"}