{"_sessions":{"BeurNCzCSYH2a83jiP9eMEWpbp24MlAvJoniQqnMNOdy":{"registrationId":646602956,"currentRatchet":{"ephemeralKeyPair":{"pubKey":"BT4Q0H3cXeq8h4mixp90uMNvzBzpbaQF4XcW8/XQPy8p","privKey":"0Ex1Nja+6BBVJkNOPyr8OqwLgWPaNS7CFtpEdonXgGY="},"lastRemoteEphemeralKey":"BYkcmkymSzkct948XhXIBZCKQgwf21SL0NZMF5IgsMJi","previousCounter":0,"rootKey":"0o+7t3cc68+NENnyqfzDzqRYjiz8jSFAkLPIerdJUJg="},"indexInfo":{"baseKey":"BeurNCzCSYH2a83jiP9eMEWpbp24MlAvJoniQqnMNOdy","baseKeyType":1,"closed":-1,"used":1714085805449,"created":1714085805449,"remoteIdentityKey":"Be8t98EmuarVAJJYZgtZWuGIxHaDiPgMuKi4QU6NfCwC"},"_chains":{"BT4Q0H3cXeq8h4mixp90uMNvzBzpbaQF4XcW8/XQPy8p":{"chainKey":{"counter":20,"key":"VmwQEz1OT9G+PX3s4dY/shbZe1reYtlAhneDHiMVQwA="},"chainType":1,"messageKeys":{}}},"pendingPreKey":{"signedKeyId":11,"baseKey":"BeurNCzCSYH2a83jiP9eMEWpbp24MlAvJoniQqnMNOdy","preKeyId":8197942}}},"version":"v1"}