{"_sessions":{"BUyx9yWSWR3WVFEKj7HFAMODzR5NEjDfRkNJl7/ig51D":{"registrationId":756789099,"currentRatchet":{"ephemeralKeyPair":{"pubKey":"BUJDub4qA4Ygyp/s2AZk5q6Htn++pb157eJJVzv0fM51","privKey":"8BV7tg8SPCR+LRNQrvdjThBnx0xSdlv4Gi5kIoNkuUI="},"lastRemoteEphemeralKey":"BQ+0Wu+vPkVUYYtWJYXzGUOERgDKHICORprSQL5eXglu","previousCounter":0,"rootKey":"zopJojLftMghKHKq5kkWxp1+nujdRoAKd8stFcx0FGM="},"indexInfo":{"baseKey":"BUyx9yWSWR3WVFEKj7HFAMODzR5NEjDfRkNJl7/ig51D","baseKeyType":1,"closed":-1,"used":1714106299289,"created":1714106299289,"remoteIdentityKey":"BVJgTJg2Nw+kqWF000nemNaIOuPU+M2FHrK8Thbs6RJe"},"_chains":{"BUJDub4qA4Ygyp/s2AZk5q6Htn++pb157eJJVzv0fM51":{"chainKey":{"counter":0,"key":"T2LK3HJJHKBH2AU4f5E3VPEpPHt4q7x5f8odr+HbgZg="},"chainType":1,"messageKeys":{}}},"pendingPreKey":{"signedKeyId":1,"baseKey":"BUyx9yWSWR3WVFEKj7HFAMODzR5NEjDfRkNJl7/ig51D"}}},"version":"v1"}