{"_sessions":{"BesHCBlabCmOUAPnCCLSPd5tJNMl6qPN5riDAYV7O9Ry":{"registrationId":180,"currentRatchet":{"ephemeralKeyPair":{"pubKey":"BWpxccIcRunWTT9AEkNpDJVB+5sJFk7fnWQ/pC63L59w","privKey":"GE+syvNuzWG5F0yAINySJ4PoiwXxz+JecKD8ghUhoH0="},"lastRemoteEphemeralKey":"BQMnJdQgf9nRC12nNZ6KiSfwC0tDsCGuruGYjsLYUjZN","previousCounter":0,"rootKey":"QbDWMRqYTGRe0kIL6pK/WMwharUjGqL+x8JX1SU+HxA="},"indexInfo":{"baseKey":"BesHCBlabCmOUAPnCCLSPd5tJNMl6qPN5riDAYV7O9Ry","baseKeyType":1,"closed":-1,"used":1714085843137,"created":1714085843137,"remoteIdentityKey":"BXS2778IOwgaIM0xUJXq578zNL/AFX9ceP4CeCSvqidc"},"_chains":{"BWpxccIcRunWTT9AEkNpDJVB+5sJFk7fnWQ/pC63L59w":{"chainKey":{"counter":0,"key":"OAWM3OLZO8dMX/NMOhc4gQahxIy873lVg6xF0HfEcIo="},"chainType":1,"messageKeys":{}}},"pendingPreKey":{"signedKeyId":1,"baseKey":"BesHCBlabCmOUAPnCCLSPd5tJNMl6qPN5riDAYV7O9Ry","preKeyId":2189}}},"version":"v1"}