{"_sessions":{"BcdGZqLr2NEnVh9uqrnJwpQfLKgYeFVKh1Dy1jyRMmAG":{"registrationId":678042272,"currentRatchet":{"ephemeralKeyPair":{"pubKey":"BWEydr5k3/J1vnM7d7Lg/AciDi0hhdysG6pA1WNlO7Fi","privKey":"cGHK3iaKfzHUJ9lgOsT182uatkUNdkY+2eyGYyap9EI="},"lastRemoteEphemeralKey":"BS/OSvAF7UIGwa32hex2ZV6M9//AdITABbL3XSUiFHNO","previousCounter":0,"rootKey":"NVfLYkhEzSeglPF4HGbIKtK5fh4z61fVMgVg+8st0DI="},"indexInfo":{"baseKey":"BcdGZqLr2NEnVh9uqrnJwpQfLKgYeFVKh1Dy1jyRMmAG","baseKeyType":1,"closed":-1,"used":1714085805581,"created":1714085805581,"remoteIdentityKey":"Bf5U1Pb/cEPQ+0jCZc+pz1novZnLdJj9uXhfdTV1meJm"},"_chains":{"BWEydr5k3/J1vnM7d7Lg/AciDi0hhdysG6pA1WNlO7Fi":{"chainKey":{"counter":20,"key":"EZ5N4L7RcvKHFHQOBWD6cvgeWTlljWdlQC5KXZEViaY="},"chainType":1,"messageKeys":{}}},"pendingPreKey":{"signedKeyId":8,"baseKey":"BcdGZqLr2NEnVh9uqrnJwpQfLKgYeFVKh1Dy1jyRMmAG","preKeyId":13957289}}},"version":"v1"}