{"_sessions":{"Bfxgw/Gdh0tfa7xNFozD9KUQiUo36O/RHb3Qgs2uaz4D":{"registrationId":106219305,"currentRatchet":{"ephemeralKeyPair":{"pubKey":"BZx2weNAj1p1azClLwAlr4jsDh3Woq7F/Z7EZQkgsMRA","privKey":"YK12W8C4sN3harvBSFsx2QUd45l2qdbzNzeMgYmisVE="},"lastRemoteEphemeralKey":"BZJQBy5XkicYV12PMosUlQj2Wt8Ez57IgYvtri0h/W9A","previousCounter":0,"rootKey":"qEFSwjTwDhTUZGCykxsrBpJLrrc+atu6DHLnoUxQ37Q="},"indexInfo":{"baseKey":"Bfxgw/Gdh0tfa7xNFozD9KUQiUo36O/RHb3Qgs2uaz4D","baseKeyType":1,"closed":-1,"used":1714085805224,"created":1714085805224,"remoteIdentityKey":"BdzT1QYUlEPNk0U5v9bbRQsIO68BUngWMwhAyAwksrF2"},"_chains":{"BZx2weNAj1p1azClLwAlr4jsDh3Woq7F/Z7EZQkgsMRA":{"chainKey":{"counter":20,"key":"kFppjCqXh84d8y323gkxfz4m60iljQx6hVaF3QQE8Ps="},"chainType":1,"messageKeys":{}}},"pendingPreKey":{"signedKeyId":1,"baseKey":"Bfxgw/Gdh0tfa7xNFozD9KUQiUo36O/RHb3Qgs2uaz4D","preKeyId":1107}}},"version":"v1"}