{"_sessions":{"BZif/9Kh0ajnUPuogpmnXlZJK1NSZfufhAKjDKqzA/8L":{"registrationId":60112911,"currentRatchet":{"ephemeralKeyPair":{"pubKey":"BTl/HsPQStI+lAAxW8XvhwQ8HW+vf5w3g0ZUwPZx0mNX","privKey":"AILNr9IjA07zdUcqouKZodY90ZceekECqnU8tE/ZU08="},"lastRemoteEphemeralKey":"BTSU/CgQHzVizxjybCTECfM+l8TnTTPQ+lPZzagxy+Ik","previousCounter":0,"rootKey":"Mb7aNfIX0cJ5V8czgt4Lzl+HH/oWicCh4ghnucbwefc="},"indexInfo":{"baseKey":"BZif/9Kh0ajnUPuogpmnXlZJK1NSZfufhAKjDKqzA/8L","baseKeyType":1,"closed":-1,"used":1714085805307,"created":1714085805307,"remoteIdentityKey":"Bc8URJ2W2NME8MxSHsFsl1QbiaJMyff2VeaafxI2T2Je"},"_chains":{"BTl/HsPQStI+lAAxW8XvhwQ8HW+vf5w3g0ZUwPZx0mNX":{"chainKey":{"counter":20,"key":"fjzaxiNaC9BuJG+zrDnY/VdZvNtJSmXkrCXYfbKGOME="},"chainType":1,"messageKeys":{}}},"pendingPreKey":{"signedKeyId":1,"baseKey":"BZif/9Kh0ajnUPuogpmnXlZJK1NSZfufhAKjDKqzA/8L","preKeyId":3034812}}},"version":"v1"}