{"_sessions":{"BT//+OHI3pPfRwOLgEKNs0NGpGe0vIiWu/61wkX4jk5d":{"registrationId":710817947,"currentRatchet":{"ephemeralKeyPair":{"pubKey":"BdAKi5UA09DzzS4PPwDeWIISn+RLJtCd2YgYxGnAMp5i","privKey":"GG8yyrsP08W2KneLI6IYvhjryya1nvBObRed+0erpn0="},"lastRemoteEphemeralKey":"BaDjXLAR565lJtbSg5fZ42vJ/rRUmr9v0ICWCb6TKCBf","previousCounter":20,"rootKey":"KetqCWnkPnepMl7m1Grl8+13Nay+Aaiw0TAO4nrjYpk="},"indexInfo":{"baseKey":"BT//+OHI3pPfRwOLgEKNs0NGpGe0vIiWu/61wkX4jk5d","baseKeyType":1,"closed":-1,"used":1714110827828,"created":1714085805674,"remoteIdentityKey":"Bf+RHy8IL/d52JBvxhawZbe578VVLwtU3kKvh9kHszIE"},"_chains":{"BaDjXLAR565lJtbSg5fZ42vJ/rRUmr9v0ICWCb6TKCBf":{"chainKey":{"counter":0,"key":"aa+6rzWyijvpkKgtK7R020b7WjnJNQR/k9eNPxvHUQ0="},"chainType":2,"messageKeys":{}},"BdAKi5UA09DzzS4PPwDeWIISn+RLJtCd2YgYxGnAMp5i":{"chainKey":{"counter":-1,"key":"Lt1q6skmpK0sIf3iHCPwi+iZpcH4mbqkMHCckkYs4eA="},"chainType":1,"messageKeys":{}}}}},"version":"v1"}