{"_sessions":{"BS8/QWa7o7J7n9WvE4u3JBCLaHMUNW0CGjzjIC2o3CZi":{"registrationId":34921033,"currentRatchet":{"ephemeralKeyPair":{"pubKey":"BcNbJtTqCsjC5YX/LLA3Mt8TsoUKqGDFZ+hXiLJnfdE+","privKey":"MHe80NI0eUrTpC2yky1hVLzlavvfKjRTSJ8y8DiFwEo="},"lastRemoteEphemeralKey":"BdC18ofWywhLHZXDIFdyotp/VqKCRTNb3oxDejBYY6pf","previousCounter":0,"rootKey":"CTWiR9Lf68IF3MmiShPZcnPhUeC0SPUZc2D0ZzIhnX0="},"indexInfo":{"baseKey":"BS8/QWa7o7J7n9WvE4u3JBCLaHMUNW0CGjzjIC2o3CZi","baseKeyType":1,"closed":-1,"used":1714106011880,"created":1714106011880,"remoteIdentityKey":"BboBfwuiqIW21KWZnO9LkAroM14ogdnsAdYErKCCJOBI"},"_chains":{"BcNbJtTqCsjC5YX/LLA3Mt8TsoUKqGDFZ+hXiLJnfdE+":{"chainKey":{"counter":6,"key":"JYpGZUmrFTx0Z4ozzU3KTNtVgW8a6iEt+u9kjP1IDLs="},"chainType":1,"messageKeys":{}}},"pendingPreKey":{"signedKeyId":4,"baseKey":"BS8/QWa7o7J7n9WvE4u3JBCLaHMUNW0CGjzjIC2o3CZi","preKeyId":13954393}}},"version":"v1"}