{"_sessions":{"BWIFX8pxu2KY/RNxob0b/ry55atpKKROMPnMNrTqezEb":{"registrationId":1569563731,"currentRatchet":{"ephemeralKeyPair":{"pubKey":"BdVDuFIH+jcVOYJKJdAXTgXb3z4jUyW+LLSpUd3ITOkc","privKey":"MMzPlp3R/K9U2iEFTaSKMPN3rpflMydrA29bafcPS3A="},"lastRemoteEphemeralKey":"BauV9Ac2XzrjfGiRm5tvjd6ieMV8+VkUMhwa9qFrK0w6","previousCounter":3,"rootKey":"+pbeZb650ClZe4a6LljOMSwBfbj6Vktls7Lk25XLmDg="},"indexInfo":{"baseKey":"BWIFX8pxu2KY/RNxob0b/ry55atpKKROMPnMNrTqezEb","baseKeyType":2,"closed":1714106023460,"used":1714087064450,"created":1714085379787,"remoteIdentityKey":"BXQoIT5zWll3rD4XHlk87PyRwI+uPXWjTNee87wr8GpC"},"_chains":{"Ba6Rea+aw9KrzDzmoQogbJUkRk93Fj/VnTqufLPxc64L":{"chainKey":{"counter":5},"chainType":2,"messageKeys":{}},"BbGTBEJdV+t4ZvCXnpgH6CyGIu0nGF55oTk0JpzProhM":{"chainKey":{"counter":1},"chainType":2,"messageKeys":{}},"BauV9Ac2XzrjfGiRm5tvjd6ieMV8+VkUMhwa9qFrK0w6":{"chainKey":{"counter":0,"key":"y5705L1qEZQErqD6zov7ZMN0RTZIYRImkIaaTFGhkn0="},"chainType":2,"messageKeys":{}},"BdVDuFIH+jcVOYJKJdAXTgXb3z4jUyW+LLSpUd3ITOkc":{"chainKey":{"counter":7,"key":"2xQbt6ex+JGtt3GGqmtXY48WtBdCG7Kc86yJxKeiQBE="},"chainType":1,"messageKeys":{}}}},"BXiRLEQaxqFnS38RS9mBVNPBDyYSG+UTlY/X7vrUBdcg":{"registrationId":1569563731,"currentRatchet":{"ephemeralKeyPair":{"pubKey":"BWKMlieO6ZyQV2Zf/wx804eQ/tiEBhepehYbNFDh639l","privKey":"WKXdNkHnCQuaGLycgyz833IVV9+yMWlF1KIuitLfzG8="},"lastRemoteEphemeralKey":"BVIoMxE7szCGBxAZlejYn5e7qtq5ZF3T9fdCN/Gl+gBf","previousCounter":0,"rootKey":"oEfy4BjgxtRGUmNrDciUn1klXVAnRkw5crKJ/NTY3KM="},"indexInfo":{"baseKey":"BXiRLEQaxqFnS38RS9mBVNPBDyYSG+UTlY/X7vrUBdcg","baseKeyType":1,"closed":1714106024581,"used":1714106023456,"created":1714106023456,"remoteIdentityKey":"BXQoIT5zWll3rD4XHlk87PyRwI+uPXWjTNee87wr8GpC"},"_chains":{"BWKMlieO6ZyQV2Zf/wx804eQ/tiEBhepehYbNFDh639l":{"chainKey":{"counter":0,"key":"LayVOOgJGnUv3Q4mxgQ6We2fYsA/eA3vyUq4EArbGPs="},"chainType":1,"messageKeys":{}}},"pendingPreKey":{"signedKeyId":0,"baseKey":"BXiRLEQaxqFnS38RS9mBVNPBDyYSG+UTlY/X7vrUBdcg","preKeyId":13435289}},"BZ7/zjQQkYpj9V58dyXdl0a9x4rRZryiWkugkZr2IPou":{"registrationId":1569563731,"currentRatchet":{"ephemeralKeyPair":{"pubKey":"BcGP01LZoMVTSZhBxU80dDPobNa4FtoD2SdTmYcW5vJm","privKey":"6EbIJKznTFvbkNUIQwbtKGlYW4tMGNv9Dc+YAy+jqFk="},"lastRemoteEphemeralKey":"BV7k11H3gfDAj0IUisUBDZnkWYvJ5fOevLl04nolAbsw","previousCounter":16,"rootKey":"Nm7Vf72GRR8gIaQdF8lkARCggw/8plAnXV+Hy+b77e4="},"indexInfo":{"baseKey":"BZ7/zjQQkYpj9V58dyXdl0a9x4rRZryiWkugkZr2IPou","baseKeyType":1,"closed":1714114507904,"used":1714111739387,"created":1714106024578,"remoteIdentityKey":"BXQoIT5zWll3rD4XHlk87PyRwI+uPXWjTNee87wr8GpC"},"_chains":{"BZ+P3D9jQa1q5t5tbMS+xFE4B6yfhJCCAb88qOq8B+s4":{"chainKey":{"counter":0},"chainType":2,"messageKeys":{}},"BV7k11H3gfDAj0IUisUBDZnkWYvJ5fOevLl04nolAbsw":{"chainKey":{"counter":0,"key":"8awXW0zwUVLjhd7DIKpdCJ7kS6d2HzZmqW0G3WTRvkU="},"chainType":2,"messageKeys":{}},"BcGP01LZoMVTSZhBxU80dDPobNa4FtoD2SdTmYcW5vJm":{"chainKey":{"counter":32,"key":"UEOZa0qEBY+jFdy0at5/c8oM6n0GltA5sTw1WmPhFe0="},"chainType":1,"messageKeys":{}}}},"BQs3LYjTY1bjy9EEIhc3ZzGBjHP2NwICljDAxnH9gy4/":{"registrationId":1569563731,"currentRatchet":{"ephemeralKeyPair":{"pubKey":"Bao6YeiaPRa5P03MkJnDfdomAsc3tJlbQ3I7cfikD2oL","privKey":"CI7bfO0ZPt7UQ8/uYt/hMzBara0g68YxGAo3VyLK8mg="},"lastRemoteEphemeralKey":"BVIoMxE7szCGBxAZlejYn5e7qtq5ZF3T9fdCN/Gl+gBf","previousCounter":0,"rootKey":"KLIeROLW4M0CVDJ+h1d3kuInMsFCMfuoz9KOr0w8m6w="},"indexInfo":{"baseKey":"BQs3LYjTY1bjy9EEIhc3ZzGBjHP2NwICljDAxnH9gy4/","baseKeyType":1,"closed":1714114508114,"used":1714114507900,"created":1714114507900,"remoteIdentityKey":"BXQoIT5zWll3rD4XHlk87PyRwI+uPXWjTNee87wr8GpC"},"_chains":{"Bao6YeiaPRa5P03MkJnDfdomAsc3tJlbQ3I7cfikD2oL":{"chainKey":{"counter":-1,"key":"Yod90Ys2K5Van+22mgIpdAZr0vYfscfaKVkNanF8BYk="},"chainType":1,"messageKeys":{}}},"pendingPreKey":{"signedKeyId":0,"baseKey":"BQs3LYjTY1bjy9EEIhc3ZzGBjHP2NwICljDAxnH9gy4/","preKeyId":13435299}},"BVMg5DeCtSZKr9KItH4nCLibrrOv5P2bOYakzfiDOq8Z":{"registrationId":1569563731,"currentRatchet":{"ephemeralKeyPair":{"pubKey":"BS4TjOChfPOy0+/OJOaDB6g4H+kbye5M1yBFYz9YbItT","privKey":"eMLbfi9NI7Ku+eY1Ra0vkfFuQp2Wy/P+qZmVMlvY/0w="},"lastRemoteEphemeralKey":"BVIoMxE7szCGBxAZlejYn5e7qtq5ZF3T9fdCN/Gl+gBf","previousCounter":0,"rootKey":"CAVqRr5m99gsrQny/3kkyBmtrT3U/iLAK15iayXupSk="},"indexInfo":{"baseKey":"BVMg5DeCtSZKr9KItH4nCLibrrOv5P2bOYakzfiDOq8Z","baseKeyType":1,"closed":1714114508340,"used":1714114508110,"created":1714114508110,"remoteIdentityKey":"BXQoIT5zWll3rD4XHlk87PyRwI+uPXWjTNee87wr8GpC"},"_chains":{"BS4TjOChfPOy0+/OJOaDB6g4H+kbye5M1yBFYz9YbItT":{"chainKey":{"counter":-1,"key":"UiM01Ut1T0g/m69czN54q63eCsbr2G2zxlPkAiOv/tI="},"chainType":1,"messageKeys":{}}},"pendingPreKey":{"signedKeyId":0,"baseKey":"BVMg5DeCtSZKr9KItH4nCLibrrOv5P2bOYakzfiDOq8Z","preKeyId":13436045}},"BXArrIiu1REumuTgy3SeMqfWlM95YDyG3lzpg+7AaE8C":{"registrationId":1569563731,"currentRatchet":{"ephemeralKeyPair":{"pubKey":"BbE6lXr7MZemqvYuX6gl6EgXbhyY//vpPtbjssBNvTsN","privKey":"YLbYj9KuVjNSSju7MogSFrTKnq0Zz2J1OpTPFfcshXM="},"lastRemoteEphemeralKey":"BVIoMxE7szCGBxAZlejYn5e7qtq5ZF3T9fdCN/Gl+gBf","previousCounter":0,"rootKey":"e60VBAqpQsMwIJKOEHW2LbnSJlWSe6aWorgRYQS17lM="},"indexInfo":{"baseKey":"BXArrIiu1REumuTgy3SeMqfWlM95YDyG3lzpg+7AaE8C","baseKeyType":1,"closed":-1,"used":1714114508337,"created":1714114508337,"remoteIdentityKey":"BXQoIT5zWll3rD4XHlk87PyRwI+uPXWjTNee87wr8GpC"},"_chains":{"BbE6lXr7MZemqvYuX6gl6EgXbhyY//vpPtbjssBNvTsN":{"chainKey":{"counter":0,"key":"7T0B8RHuEkmODDcPEpavEaYC9jymm+/8rAnrNT7o2jY="},"chainType":1,"messageKeys":{}}},"pendingPreKey":{"signedKeyId":0,"baseKey":"BXArrIiu1REumuTgy3SeMqfWlM95YDyG3lzpg+7AaE8C","preKeyId":13435313}}},"version":"v1"}