{"_sessions":{"BV8CSkne3K6FBRVg5GFZ8XcuQ+PvkrXwq02zLzbslsMK":{"registrationId":563849754,"currentRatchet":{"ephemeralKeyPair":{"pubKey":"BT1mxoZ2grKRteKBBEI6uSezLAi6SsylVquFHjLJZc9d","privKey":"ELJLY58j9RW6SbfOx6/HlQGcHFPP6XoeSj4a9pStCl8="},"lastRemoteEphemeralKey":"BeS04V8sNtPev3qIrqztR1Fz8X/LLB3qc54rL7STBfx2","previousCounter":0,"rootKey":"VMAqliwsAYiZ5IaOFl9itzEuEqOQAKW9Z0aHBYZtjNs="},"indexInfo":{"baseKey":"BV8CSkne3K6FBRVg5GFZ8XcuQ+PvkrXwq02zLzbslsMK","baseKeyType":1,"closed":-1,"used":1714106299279,"created":1714106299279,"remoteIdentityKey":"BfnV39wGw/b/ZvzvlvcFE5UiOh9sL4ZTOvbDZQw6ppds"},"_chains":{"BT1mxoZ2grKRteKBBEI6uSezLAi6SsylVquFHjLJZc9d":{"chainKey":{"counter":0,"key":"9CpVkCB07biSR8a/akni/ScvlIBT2wZHw3Pi8WzU0b4="},"chainType":1,"messageKeys":{}}},"pendingPreKey":{"signedKeyId":1,"baseKey":"BV8CSkne3K6FBRVg5GFZ8XcuQ+PvkrXwq02zLzbslsMK","preKeyId":12325626}}},"version":"v1"}