{"_sessions":{"BdneO4JecUsSJJhlmWdE1q9h9OhI+Nj53/Hy80jAnUJ4":{"registrationId":760955981,"currentRatchet":{"ephemeralKeyPair":{"pubKey":"BWD05AgDlv4PPUVHR/Cu95X0EDgBXnsVmZmuVc4LGjFs","privKey":"kEeXdaRtdYdD5qNx51kCcfWG5l5nkZnU30LC+Y77R2k="},"lastRemoteEphemeralKey":"BaKz6mqIWXkTdz6LQjmNU1+ktCHWKu5FITzyVBn5lV0t","previousCounter":0,"rootKey":"BjX9bFExiPj3tZX2ve9/U2JKp2hxyEmtn5wZ1zMQTzc="},"indexInfo":{"baseKey":"BdneO4JecUsSJJhlmWdE1q9h9OhI+Nj53/Hy80jAnUJ4","baseKeyType":1,"closed":-1,"used":1714085805398,"created":1714085805398,"remoteIdentityKey":"BTTd7LXiW7jDcNHFGLv6caQlIHwLUcPmmAT2ECJJetBj"},"_chains":{"BWD05AgDlv4PPUVHR/Cu95X0EDgBXnsVmZmuVc4LGjFs":{"chainKey":{"counter":20,"key":"5Y1BUOAqSpDDHpsXwQD9SKYc5ZvQ88U7NQqLsrMNleE="},"chainType":1,"messageKeys":{}}},"pendingPreKey":{"signedKeyId":5,"baseKey":"BdneO4JecUsSJJhlmWdE1q9h9OhI+Nj53/Hy80jAnUJ4","preKeyId":1210541}}},"version":"v1"}