{"_sessions":{"BbJs2B9W5mjca7PG0X2HCZDnS7gP9wtDJLVVvmn4PpZb":{"registrationId":30,"currentRatchet":{"ephemeralKeyPair":{"pubKey":"BRiP3CsapSTv32DNvaLCNGJ0gx++vy741gL/zIJEk4Rk","privKey":"GEru36suVHdWJosJGm0M1qp8+khlOaO7jL13hV7xTUU="},"lastRemoteEphemeralKey":"Bcfgr4FYKDsMsqijPernurVHDUYvQAcgvL/e9uZyhZJC","previousCounter":0,"rootKey":"uhDJbQvuXjYNse422yENN6yMGoKOsGM0scqcTNK8hKQ="},"indexInfo":{"baseKey":"BbJs2B9W5mjca7PG0X2HCZDnS7gP9wtDJLVVvmn4PpZb","baseKeyType":1,"closed":-1,"used":1714085805133,"created":1714085805133,"remoteIdentityKey":"BVyFHtCpYd2+jb3leOc42KYPFb4MpkzEmvtx3kH5b35l"},"_chains":{"BRiP3CsapSTv32DNvaLCNGJ0gx++vy741gL/zIJEk4Rk":{"chainKey":{"counter":20,"key":"aLIQD90eomzurHyHsJQW3X8ysoYGWW5sEhs9kyCOwJA="},"chainType":1,"messageKeys":{}}},"pendingPreKey":{"signedKeyId":1,"baseKey":"BbJs2B9W5mjca7PG0X2HCZDnS7gP9wtDJLVVvmn4PpZb"}}},"version":"v1"}