{"_sessions":{"BdDLL9Tg84Z63JQle2W4uXavSfu+/3oCZpCvMNc5A4U9":{"registrationId":560749267,"currentRatchet":{"ephemeralKeyPair":{"pubKey":"BVYUQkBXSWOmy2uhTJbjWlXLdGBbLV0LkGZkKITIDk1g","privKey":"iOyA2T96nV/McIvBXHsjxAcRNTx1cDwOgr/ayvdSg0E="},"lastRemoteEphemeralKey":"BfvUo2fzkkdXkEWNG3jtwGc5Zwq4rXzlgR8k1cHpC+0N","previousCounter":0,"rootKey":"n1eYNTSTi8Lrwb5OSILzvBtd0MLTmSn/Mo0J38RaP5c="},"indexInfo":{"baseKey":"BdDLL9Tg84Z63JQle2W4uXavSfu+/3oCZpCvMNc5A4U9","baseKeyType":1,"closed":-1,"used":1714087682755,"created":1714085805288,"remoteIdentityKey":"Bcyz5yjWP2zVyvbzNVJkXZ0+jcML+kInzSzbWyHdpIMT"},"_chains":{"BfvUo2fzkkdXkEWNG3jtwGc5Zwq4rXzlgR8k1cHpC+0N":{"chainKey":{"counter":0,"key":"AYvxFEPi7M7181yC+cnc7yeLOkBd7pXQlDsHGBUiRZM="},"chainType":2,"messageKeys":{}},"BVYUQkBXSWOmy2uhTJbjWlXLdGBbLV0LkGZkKITIDk1g":{"chainKey":{"counter":19,"key":"zOd7pm7HVGx7TwIO1diPQcguLJNV4opqwNp9TVqW4Bg="},"chainType":1,"messageKeys":{}}}}},"version":"v1"}