{"_sessions":{"BbI1b7jHCLO62oPPj3ex9hg06mxwFPab2eicYhjz+E8L":{"registrationId":159800132,"currentRatchet":{"ephemeralKeyPair":{"pubKey":"BaaG03GSxcc7azHBt+1w/cWOLLhQD9NJkngNvB0TKi4G","privKey":"aDaQx0sv5wY/58NI707vaCAGzqUnqiv/ar1Fpu3uZns="},"lastRemoteEphemeralKey":"BV8WaQxDEwypDGw83IVKjCqbCaBSSMEuJk5XVwxRjQ13","previousCounter":0,"rootKey":"HxjYxznQaMimG1dSchEAPzP9S64C5wqJSKqTe5Epp80="},"indexInfo":{"baseKey":"BbI1b7jHCLO62oPPj3ex9hg06mxwFPab2eicYhjz+E8L","baseKeyType":1,"closed":-1,"used":1714085805162,"created":1714085805162,"remoteIdentityKey":"BTJfHD4VRwVCS3fdFeqUHsAOF/DvkhxSS8vHZVm6EAs7"},"_chains":{"BaaG03GSxcc7azHBt+1w/cWOLLhQD9NJkngNvB0TKi4G":{"chainKey":{"counter":20,"key":"wseu2xoxfvbVK/l/z6v2A7AZtmQYdfP4LaDucz3FABA="},"chainType":1,"messageKeys":{}}},"pendingPreKey":{"signedKeyId":1,"baseKey":"BbI1b7jHCLO62oPPj3ex9hg06mxwFPab2eicYhjz+E8L","preKeyId":6037035}}},"version":"v1"}