{"_sessions":{"BdqQSiVzapZe71KevOOMd52V2Qi63ngV+JD1ox6CPN1l":{"registrationId":329543416,"currentRatchet":{"ephemeralKeyPair":{"pubKey":"BVc9/KLOAZWQe/JEcS6q/PuSbvwVnqvnunXN24Z3B5YF","privKey":"EKOv1aWHVX/eOsIFL425j/9YKeupU7V8aHUvSEgvz0k="},"lastRemoteEphemeralKey":"BUac1GZOnc9TT+Kd2NiqjzHnE1sPaZhctfyw7PAifWtd","previousCounter":0,"rootKey":"0x+dXEPdAktCHmTUvxHe9gNaUvn6X+BYKOMdJYBF5pc="},"indexInfo":{"baseKey":"BdqQSiVzapZe71KevOOMd52V2Qi63ngV+JD1ox6CPN1l","baseKeyType":1,"closed":-1,"used":1714106011976,"created":1714106011976,"remoteIdentityKey":"BUOheJdTp8SR9GwKka20KLs3qOk4JcTBvXjBhfQ1t+1W"},"_chains":{"BVc9/KLOAZWQe/JEcS6q/PuSbvwVnqvnunXN24Z3B5YF":{"chainKey":{"counter":6,"key":"gPHT4sesUWj/MmSPQgvSQIfCZSBbgAe6U4NtUWXNAl4="},"chainType":1,"messageKeys":{}}},"pendingPreKey":{"signedKeyId":1,"baseKey":"BdqQSiVzapZe71KevOOMd52V2Qi63ngV+JD1ox6CPN1l"}}},"version":"v1"}