{"_sessions":{"BSMOwjRFZ6o4TjUC6aoHjwExqM2qVaImaiGy/04kEEQE":{"registrationId":623942153,"currentRatchet":{"ephemeralKeyPair":{"pubKey":"BSkgpRnumDoUMgh0DmhIVDBmbc8OmzRg4pzs+uR+bLxR","privKey":"AJA65MOTknrDdXwl2HJj0lUOxTEYUd67CSgFZ1YC0Xc="},"lastRemoteEphemeralKey":"BafZqGuEebwo2o8ax6+VUeI72WhkfhAm7YKGZYIsMLM7","previousCounter":0,"rootKey":"9F4axarrkFeO9I5qRqXPwvSs2edaGXy73Wu7zH1S++A="},"indexInfo":{"baseKey":"BSMOwjRFZ6o4TjUC6aoHjwExqM2qVaImaiGy/04kEEQE","baseKeyType":1,"closed":-1,"used":1714085805509,"created":1714085805509,"remoteIdentityKey":"BahiGljUXWHsHrH5SuLCjzoBkac4nu4ZZTckpTe1C2dg"},"_chains":{"BSkgpRnumDoUMgh0DmhIVDBmbc8OmzRg4pzs+uR+bLxR":{"chainKey":{"counter":20,"key":"t5GO+Yl0TwfuXfo2+7J3458kUrLSDCFYdZzBVASEbyI="},"chainType":1,"messageKeys":{}}},"pendingPreKey":{"signedKeyId":12105612,"baseKey":"BSMOwjRFZ6o4TjUC6aoHjwExqM2qVaImaiGy/04kEEQE","preKeyId":13804}}},"version":"v1"}