{"_sessions":{"BVV31D+GY4lxCqwqoM6BxS64QR4UOUluRuRNKwL34Pko":{"registrationId":246487972,"currentRatchet":{"ephemeralKeyPair":{"pubKey":"BR4SPHA5vIChWHaA+gMdXAmNMXNWMaZ7YbXsivk7qzYh","privKey":"4KNB3dTaavapzYz7BhqwHZkmqUQejIlN452GRX6xP0Y="},"lastRemoteEphemeralKey":"BbdFas1gX3kmTUvJzE1wWeH7EIo3AObNGi9in3LAMpga","previousCounter":0,"rootKey":"5h1DLHvLyrdXuCE1qZ7DMPLtM6Iy1nh8oc4geUzLyg0="},"indexInfo":{"baseKey":"BVV31D+GY4lxCqwqoM6BxS64QR4UOUluRuRNKwL34Pko","baseKeyType":1,"closed":-1,"used":1714085805420,"created":1714085805420,"remoteIdentityKey":"BV94akXSHVB+JnHUgrD8ZH3ATAGA4a7qTXaFpv+4azYB"},"_chains":{"BR4SPHA5vIChWHaA+gMdXAmNMXNWMaZ7YbXsivk7qzYh":{"chainKey":{"counter":20,"key":"PMHOKK87JB2vmOiGL0d2k9pdUUe4wYdSPqQM45+fwgo="},"chainType":1,"messageKeys":{}}},"pendingPreKey":{"signedKeyId":1,"baseKey":"BVV31D+GY4lxCqwqoM6BxS64QR4UOUluRuRNKwL34Pko","preKeyId":10496909}}},"version":"v1"}