{"_sessions":{"Bd9nuyvA4KqgWQjQq1q8Or0KTnQ3Dx5TrjRwmRUoEFQw":{"registrationId":1276527608,"currentRatchet":{"ephemeralKeyPair":{"pubKey":"BYYF6dsyGxekpnAGoMEa43gi2h5f3Ok/mokFkVORVMRu","privKey":"iPZ1QfIKlMROEItrRPQOT6ZaZhUdLSEb6CdJZVLzH0E="},"lastRemoteEphemeralKey":"BW82dIDEEr5BoznQs01EvyCzH4jobCLXSwLQM4fUtIxY","previousCounter":0,"rootKey":"DfsnspB6SFXNS1zOuTEKHmWM1eLQ789nsfeunw6ivRQ="},"indexInfo":{"baseKey":"Bd9nuyvA4KqgWQjQq1q8Or0KTnQ3Dx5TrjRwmRUoEFQw","baseKeyType":1,"closed":-1,"used":1714106011923,"created":1714106011923,"remoteIdentityKey":"BczDNIxER7qnCEVgZKgQYllTTlBxFcWGNL3JTFjxpVEG"},"_chains":{"BYYF6dsyGxekpnAGoMEa43gi2h5f3Ok/mokFkVORVMRu":{"chainKey":{"counter":6,"key":"39iC3risv8nEot/Un2q01KteXCDEjygDLLej4AiHIyk="},"chainType":1,"messageKeys":{}}},"pendingPreKey":{"signedKeyId":1,"baseKey":"Bd9nuyvA4KqgWQjQq1q8Or0KTnQ3Dx5TrjRwmRUoEFQw","preKeyId":7046950}}},"version":"v1"}