{"_sessions":{"Bcb9vikUT598MKlRm9indhpqMt0mi/L7uB+i4JLzH79k":{"registrationId":693938435,"currentRatchet":{"ephemeralKeyPair":{"pubKey":"BXgguuQIDTHQORfBg32sFsk5PzVqkGBWTyUX2znb2Cgy","privKey":"WAKsac86VidBOl7/p5epDBrv7YwIbhaD0pfqNGZI/Ew="},"lastRemoteEphemeralKey":"BWsZs55HiniVxPxXRrSAzsn6axittx1tY2xrpaEo3VkU","previousCounter":0,"rootKey":"PDSDvSY2CIxdWVSDGoGC69oq4wXG2RKyUyAPLXxJFMQ="},"indexInfo":{"baseKey":"Bcb9vikUT598MKlRm9indhpqMt0mi/L7uB+i4JLzH79k","baseKeyType":1,"closed":-1,"used":1714085805387,"created":1714085805387,"remoteIdentityKey":"BR2AOOlt+yfErWQ6veW+cvoeXsJdquQloof7KjoV4vIP"},"_chains":{"BXgguuQIDTHQORfBg32sFsk5PzVqkGBWTyUX2znb2Cgy":{"chainKey":{"counter":20,"key":"OuOEZeC2HPJgXJ1BkLxnE892ilu2p3A4MaI0h/xpjYM="},"chainType":1,"messageKeys":{}}},"pendingPreKey":{"signedKeyId":19,"baseKey":"Bcb9vikUT598MKlRm9indhpqMt0mi/L7uB+i4JLzH79k","preKeyId":9335709}}},"version":"v1"}