{"_sessions":{"BbCsmkPjvKVm4Bkq1/FWq7Vij372umK0Escydy404xlE":{"registrationId":502302890,"currentRatchet":{"ephemeralKeyPair":{"pubKey":"BdaMA1S76MVLrZJSyOof7S/UUr0Hjr5z8plsBQzQ0IIA","privKey":"MOM7HJfb0+qkHhN7dAk25Rwgn/tuK7MbcqTravTqeUA="},"lastRemoteEphemeralKey":"BUZpE0S9jPcUjLQCOKWlkbaVKkr1Q/4sxeTZjhyIf7oA","previousCounter":0,"rootKey":"DdPvFIcWPzJClW1xm8SZyjOyX1tH7zbfiQyOTmr1dpU="},"indexInfo":{"baseKey":"BbCsmkPjvKVm4Bkq1/FWq7Vij372umK0Escydy404xlE","baseKeyType":1,"closed":-1,"used":1714085805267,"created":1714085805267,"remoteIdentityKey":"Be1y1RJCrXeipMLy5EEzjRIZNEwEUkKy15fe5k9Gi9Rm"},"_chains":{"BdaMA1S76MVLrZJSyOof7S/UUr0Hjr5z8plsBQzQ0IIA":{"chainKey":{"counter":20,"key":"cGPK+yscjb1qS+oLeba6YQthRwOP6OGJ4IEW0Eo3NHY="},"chainType":1,"messageKeys":{}}},"pendingPreKey":{"signedKeyId":241998,"baseKey":"BbCsmkPjvKVm4Bkq1/FWq7Vij372umK0Escydy404xlE","preKeyId":4875}}},"version":"v1"}