{"_sessions":{"BXQGWGffL5833aKWPT1YSKeDgDdsCC63AeWsYBpLF0B5":{"registrationId":775690556,"currentRatchet":{"ephemeralKeyPair":{"pubKey":"Be+SBzKgUoQKMbSYjTg1DxtCG/KVwPCKosZgz4k8qS0M","privKey":"0PddRlGTlTeytNMPMbu6WRuBlitxXYIlyE69vxAp6FQ="},"lastRemoteEphemeralKey":"BT6XD58taahSDnTZQkA/xLI34ZHDAqqL94uNjalMu1lW","previousCounter":0,"rootKey":"W5qq+jPqeBTiVAtuRipcv1NjeWr2Ix6ICnyrKckwQ4s="},"indexInfo":{"baseKey":"BXQGWGffL5833aKWPT1YSKeDgDdsCC63AeWsYBpLF0B5","baseKeyType":1,"closed":-1,"used":1714085805410,"created":1714085805410,"remoteIdentityKey":"BfqTTh+5TxdqhcgJThHzD1zplTU0x0iJmq+IGV/zOcgi"},"_chains":{"Be+SBzKgUoQKMbSYjTg1DxtCG/KVwPCKosZgz4k8qS0M":{"chainKey":{"counter":20,"key":"3hXuiQ0Q9HFDVPoD1vRIaX4vkIWk8qxG2qWXAQdlHWc="},"chainType":1,"messageKeys":{}}},"pendingPreKey":{"signedKeyId":1,"baseKey":"BXQGWGffL5833aKWPT1YSKeDgDdsCC63AeWsYBpLF0B5","preKeyId":14293091}}},"version":"v1"}