{"_sessions":{"BUAErnZhilGkJXtxZ8/ayIAUp9VCyjK/LBYcO8px5jIU":{"registrationId":1786891855,"currentRatchet":{"ephemeralKeyPair":{"pubKey":"Ba3Z/Go0wNdBcd1y5rZEQ78zmeM4BAza3gdhCmoaMMAO","privKey":"4NCjzjXRd0s+FYfu0kvHdydHaS8SWSCKsckhu4qUZXQ="},"lastRemoteEphemeralKey":"BcKy/SdChX4yEvpQBpADYwb0jTcvfLe1JJBpz1nBZJ8V","previousCounter":0,"rootKey":"DuTlQ9Pb+9MAoJYrgdGEmfmIHk+yxhODZgLm4pP6rqo="},"indexInfo":{"baseKey":"BUAErnZhilGkJXtxZ8/ayIAUp9VCyjK/LBYcO8px5jIU","baseKeyType":1,"closed":-1,"used":1714085805528,"created":1714085805528,"remoteIdentityKey":"BYbJltj6jx/pabnxchMK35/lZvtC5Py4GYVYbbcZwdpY"},"_chains":{"Ba3Z/Go0wNdBcd1y5rZEQ78zmeM4BAza3gdhCmoaMMAO":{"chainKey":{"counter":20,"key":"6SZ4emwG+VwaSroUwqOJ/+V2lh0AdeE3+prBahSJ51o="},"chainType":1,"messageKeys":{}}},"pendingPreKey":{"signedKeyId":4,"baseKey":"BUAErnZhilGkJXtxZ8/ayIAUp9VCyjK/LBYcO8px5jIU","preKeyId":3356838}}},"version":"v1"}