{"_sessions":{"BYLDzEmKxLtk8bpR6Xm5rS1ZfFuIl3YSIp8zMD5uKOUg":{"registrationId":2014929607,"currentRatchet":{"ephemeralKeyPair":{"pubKey":"BcOjUrLI5uVy9yL9z2pFaPyY4eSY7O0kJOqfccHMqN1R","privKey":"6IxZ1k6g9xGOZqfP2PIpOAPZXv6KaCFjee/AAABGsH0="},"lastRemoteEphemeralKey":"BUcEuqi1xyoNyPKcKMZmnBB5dSSCqrosZmxsEYnG3NEf","previousCounter":0,"rootKey":"VxqBl/s/hbnDVPU1W91la4m0Dnlx1JTxlAtLWMcuFos="},"indexInfo":{"baseKey":"BYLDzEmKxLtk8bpR6Xm5rS1ZfFuIl3YSIp8zMD5uKOUg","baseKeyType":2,"closed":-1,"used":1714089163239,"created":1714089163239,"remoteIdentityKey":"BZAs9WKxQl8VRotj4FJKkhCvbM28+zXoVnUzEvntapNw"},"_chains":{"BUcEuqi1xyoNyPKcKMZmnBB5dSSCqrosZmxsEYnG3NEf":{"chainKey":{"counter":0,"key":"sl5qmjOKOnfVqiL93loMeBP1UpcTc4joCmyhBvfTRLY="},"chainType":2,"messageKeys":{}},"BcOjUrLI5uVy9yL9z2pFaPyY4eSY7O0kJOqfccHMqN1R":{"chainKey":{"counter":0,"key":"7voBd0++jcu5llCch6ptGP6fBCeWup6Z1jR+OTTsLCc="},"chainType":1,"messageKeys":{}}}}},"version":"v1"}