{"_sessions":{"Be0wsKgWlhWYY3VEwnTU7GgybzAYFDzQxN+thEeUr+A7":{"registrationId":2145613728,"currentRatchet":{"ephemeralKeyPair":{"pubKey":"BbsvvVT/sFraHrbAnGEejUeuBHdqDiE1qrHp17cLt75X","privKey":"mK7csmTzjBJC+IqIccfeNOo8xXFhU0KAhELIv9/CpXA="},"lastRemoteEphemeralKey":"BS9eDyx+oJdnWjRZ/+fM0E1tjqULIb1tL/JCEgaXX/Nu","previousCounter":0,"rootKey":"RrQvbFeQMdrdNs+TbfeMtMBpBeYj25usEL55G/RgzeE="},"indexInfo":{"baseKey":"Be0wsKgWlhWYY3VEwnTU7GgybzAYFDzQxN+thEeUr+A7","baseKeyType":1,"closed":-1,"used":1714085805507,"created":1714085805507,"remoteIdentityKey":"BfdtD6OmPmS+jKeIdJqICGs25FrLe0hPzoVPRgLup8MG"},"_chains":{"BbsvvVT/sFraHrbAnGEejUeuBHdqDiE1qrHp17cLt75X":{"chainKey":{"counter":20,"key":"KsMbuaRMsCceQzLyzzpwAbf98eddedQmHcWllAmhV8I="},"chainType":1,"messageKeys":{}}},"pendingPreKey":{"signedKeyId":11,"baseKey":"Be0wsKgWlhWYY3VEwnTU7GgybzAYFDzQxN+thEeUr+A7","preKeyId":952488}}},"version":"v1"}