{"_sessions":{"Bchsk4Jtz7XT07e8qjGDNnCOfPzzfY/7yzAM5P8YSWJy":{"registrationId":290839910,"currentRatchet":{"ephemeralKeyPair":{"pubKey":"BXoh2c8b/eolyquq4pbyCLPv0Bi3VON1H8gQvARoFVIW","privKey":"SK5kQRIqSZxRyruqMf8r0UAMV3ewzg7AtP+oTGEUtFg="},"lastRemoteEphemeralKey":"BaCbaII+azgdX7AQFEwUzb/amfE5fCd3x/R3Hvhu4fZJ","previousCounter":0,"rootKey":"yB0GKGb3UFeWqIxmMN29T9syUxoT4GQkGGUIsSdje3M="},"indexInfo":{"baseKey":"Bchsk4Jtz7XT07e8qjGDNnCOfPzzfY/7yzAM5P8YSWJy","baseKeyType":1,"closed":-1,"used":1714085805609,"created":1714085805609,"remoteIdentityKey":"BZijQ2LD1sKYKBAJL/jhBwQ7ZQPUk9BrDqGm5qik0y54"},"_chains":{"BXoh2c8b/eolyquq4pbyCLPv0Bi3VON1H8gQvARoFVIW":{"chainKey":{"counter":20,"key":"lCvQeso57135tzOsb9noQKBSy5vO0jX5E4PWH1TtGCE="},"chainType":1,"messageKeys":{}}},"pendingPreKey":{"signedKeyId":0,"baseKey":"Bchsk4Jtz7XT07e8qjGDNnCOfPzzfY/7yzAM5P8YSWJy","preKeyId":12771744}}},"version":"v1"}