{"_sessions":{"BQCGueUYqZo23tlDOQiTUHLjxAWMRNitmS19EbSZ+HhN":{"registrationId":1716211293,"currentRatchet":{"ephemeralKeyPair":{"pubKey":"BWC3+0/xLXwog6k25ho4wDu+BeH4X8Xeem99SsAyKWZe","privKey":"qPXZ3Cnz1k3+dbyYW2AoP5l6fz7AUj79uYs0G4ALDF0="},"lastRemoteEphemeralKey":"BUPzb/XqsRuV9LOO/MnZVTVgYlP4LQCLaSt6yCYzi+B0","previousCounter":0,"rootKey":"hGwHsuQL4UsopLG9DnZHVdN4YXDpsvH7UlvbcKi4zgo="},"indexInfo":{"baseKey":"BQCGueUYqZo23tlDOQiTUHLjxAWMRNitmS19EbSZ+HhN","baseKeyType":1,"closed":-1,"used":1714085805614,"created":1714085805614,"remoteIdentityKey":"BYuWwnOBzXuVqQqFDYbXPal/o6veZqCJ6xFXnZNAKbIr"},"_chains":{"BWC3+0/xLXwog6k25ho4wDu+BeH4X8Xeem99SsAyKWZe":{"chainKey":{"counter":20,"key":"vZhUtVt+FYV1UHJhH0nYCFVQct9gFGaCJVJTYZ+oXKE="},"chainType":1,"messageKeys":{}}},"pendingPreKey":{"signedKeyId":4,"baseKey":"BQCGueUYqZo23tlDOQiTUHLjxAWMRNitmS19EbSZ+HhN","preKeyId":11303575}}},"version":"v1"}