{"_sessions":{"BWMB5vN+ezNvP5bVKDlTP4qpxiz9MMOwAqK9ZqQa1ygG":{"registrationId":435084990,"currentRatchet":{"ephemeralKeyPair":{"pubKey":"BUiuS6q6QUTsQTWsHVx2l1ScSi1Y6VVfaA4swBv+Eq06","privKey":"sB+5mNfET3jzhBl3+y6gAl6RtDvan4p9Og4Rt3EkFXk="},"lastRemoteEphemeralKey":"BQL1Erzm8XroT2HpuTFDcY18fWyTHzNFK9VmYiHmuXlJ","previousCounter":0,"rootKey":"jSIsEqfY4J2cuiiZc4JonyiEGHsBc2x/y0OdWepNxhI="},"indexInfo":{"baseKey":"BWMB5vN+ezNvP5bVKDlTP4qpxiz9MMOwAqK9ZqQa1ygG","baseKeyType":1,"closed":-1,"used":1714106011893,"created":1714106011893,"remoteIdentityKey":"BQfVwvshcLpreTJ6lejVOneM2e2AjMe+owP57MJIb9s9"},"_chains":{"BUiuS6q6QUTsQTWsHVx2l1ScSi1Y6VVfaA4swBv+Eq06":{"chainKey":{"counter":6,"key":"b6pOBm/NZc+HtY4HrU2Ev5+fx+tehcoKswZKUGmCbDQ="},"chainType":1,"messageKeys":{}}},"pendingPreKey":{"signedKeyId":0,"baseKey":"BWMB5vN+ezNvP5bVKDlTP4qpxiz9MMOwAqK9ZqQa1ygG"}}},"version":"v1"}