{"_sessions":{"BXi4CxFFQSE9N7XZfLfqAB5rYcnNRVPT19edzFNHQoFK":{"registrationId":1106935449,"currentRatchet":{"ephemeralKeyPair":{"pubKey":"BQw+sFbY1O2a3eF6YBB98RwT2Z3I5zR2iECTHKTUBG8m","privKey":"CPCFPOIq7yhswY0AZQUhxdg6YtH7RJm4N9XLuzTlKWY="},"lastRemoteEphemeralKey":"BUKhM5h/5MZxYV6Weud+rAf+rdHQhXxj4zKNpyck2VZO","previousCounter":0,"rootKey":"i6HJc0FeYtW4noVCfXgQJ+1L7ZhXT+fl3AEP0uLhDe0="},"indexInfo":{"baseKey":"BXi4CxFFQSE9N7XZfLfqAB5rYcnNRVPT19edzFNHQoFK","baseKeyType":1,"closed":-1,"used":1714106011889,"created":1714106011889,"remoteIdentityKey":"Bapkx6n2gr3ouDaikqw+j87sn4KjMnSsISQTYUjtx55D"},"_chains":{"BQw+sFbY1O2a3eF6YBB98RwT2Z3I5zR2iECTHKTUBG8m":{"chainKey":{"counter":6,"key":"m/qeqTpzm/Qc+GrY6K7R5o1DhdOtH1vtMCRjlIBanjI="},"chainType":1,"messageKeys":{}}},"pendingPreKey":{"signedKeyId":10,"baseKey":"BXi4CxFFQSE9N7XZfLfqAB5rYcnNRVPT19edzFNHQoFK","preKeyId":5610633}}},"version":"v1"}