{"_sessions":{"BZkttNwXxZBwogyaP4RJePXIJabXxPp1uYnzYqiurKEK":{"registrationId":187877530,"currentRatchet":{"ephemeralKeyPair":{"pubKey":"BR9tAElu/pAtu/hJJMy9TpF65wK+3hI+WjhUeS466ZVV","privKey":"GEHemwAhB1RSNWmC6Ues7/q9tIo/82HDtuSO5TxBJ0E="},"lastRemoteEphemeralKey":"BYQIGK5gNc3W4FiGgMthBryAALQRjFC9+siBGhLK48VS","previousCounter":0,"rootKey":"7oOg0F4yc3ETVnmJtXQyVbXLWOvEFXCCLRDrjza2Xpc="},"indexInfo":{"baseKey":"BZkttNwXxZBwogyaP4RJePXIJabXxPp1uYnzYqiurKEK","baseKeyType":1,"closed":-1,"used":1714085805733,"created":1714085805733,"remoteIdentityKey":"BVotilefwSxxUy7LfPsDwFzMeon4DrF7InxhoyvvrEpH"},"_chains":{"BR9tAElu/pAtu/hJJMy9TpF65wK+3hI+WjhUeS466ZVV":{"chainKey":{"counter":20,"key":"/Rn3+e4szj7d6g2hIuOQ96hZVrH5YPeWy/1tJ8gHftY="},"chainType":1,"messageKeys":{}}},"pendingPreKey":{"signedKeyId":9,"baseKey":"BZkttNwXxZBwogyaP4RJePXIJabXxPp1uYnzYqiurKEK"}}},"version":"v1"}