{"_sessions":{"BXug4FkyTHqbpK8cFabuZgt91DA+gqrdK+RPtRZeiatL":{"registrationId":1735621821,"currentRatchet":{"ephemeralKeyPair":{"pubKey":"BVW2OHKOld234VHqM1tCNVnypK8QY1ZsA0atL+FScQB+","privKey":"oPuif/96bw4Juml0gLNfYOjo4A0bHhoRplyJ372QXWg="},"lastRemoteEphemeralKey":"Ba5MCZlqYCDKQnqk4S5vGp5kpG0ZoJJPvzBoGgda/PgK","previousCounter":0,"rootKey":"JMJbrDeZSooQU5Qph0def7+YkBjh0+U440i6zJtoZyA="},"indexInfo":{"baseKey":"BXug4FkyTHqbpK8cFabuZgt91DA+gqrdK+RPtRZeiatL","baseKeyType":1,"closed":-1,"used":1714085805375,"created":1714085805375,"remoteIdentityKey":"BfeojKvI2MztQ6FoqC/buSbGsgvsYyHlM9UlVS/pFfcV"},"_chains":{"BVW2OHKOld234VHqM1tCNVnypK8QY1ZsA0atL+FScQB+":{"chainKey":{"counter":20,"key":"Z2j6fBA5mpdFc/ZbWDqOLLulPjW0IFHA+GiYmEt8bDo="},"chainType":1,"messageKeys":{}}},"pendingPreKey":{"signedKeyId":1,"baseKey":"BXug4FkyTHqbpK8cFabuZgt91DA+gqrdK+RPtRZeiatL"}}},"version":"v1"}