{"_sessions":{"BWDJX95hg9VX2vvusVB/Tk9gTPZT45cli2/kR2ZlUDBA":{"registrationId":782970786,"currentRatchet":{"ephemeralKeyPair":{"pubKey":"BXK8Fa58vtxfZ+FZCh2HVI8bfrSuhGpvbuJxfWQTLUV3","privKey":"2OsYuOAtNPNLSxcRSsUvEGPKCKaHol1Qgag3HCm4j1Y="},"lastRemoteEphemeralKey":"BeupY8wgYY4Qp5BM/hgJI97wW+sTp5Okjz4vlWeBHsMf","previousCounter":0,"rootKey":"fXm8T15AURs7wvSeTY6UP1tGtgwDEb9GEbEBD4TfrtM="},"indexInfo":{"baseKey":"BWDJX95hg9VX2vvusVB/Tk9gTPZT45cli2/kR2ZlUDBA","baseKeyType":1,"closed":-1,"used":1714106011920,"created":1714106011920,"remoteIdentityKey":"BWbB1dK7qrEl/7gvatktg3XlPBiXNpogQRr4xTmolFk3"},"_chains":{"BXK8Fa58vtxfZ+FZCh2HVI8bfrSuhGpvbuJxfWQTLUV3":{"chainKey":{"counter":6,"key":"wMtLd9ADhaOWtHrs2HX1NSlWW3CxwKih6tOTcWbZBD8="},"chainType":1,"messageKeys":{}}},"pendingPreKey":{"signedKeyId":4,"baseKey":"BWDJX95hg9VX2vvusVB/Tk9gTPZT45cli2/kR2ZlUDBA","preKeyId":12587505}}},"version":"v1"}