{"_sessions":{"BWBZCEuubP07uSIJRDU7s/bxerYmI/Xtl8Ncoe0gp+k5":{"registrationId":56274327,"currentRatchet":{"ephemeralKeyPair":{"pubKey":"BT8ja94zZq3Fxi8OZsELnLWa1ZJK6tNgbVmMdb2oVW15","privKey":"4GiRW/WkppLQRNNXo4sYWLN9LWre7Aq0MThsW1EgCVM="},"lastRemoteEphemeralKey":"BbJCrGpD2zvo4ho8c1QE6jRJiqWrcoYP8XpbFojgNgtZ","previousCounter":0,"rootKey":"Ko0g49EYqrO2ilvTmSUR+IKJuXPggJb5aw5DQxgSAWQ="},"indexInfo":{"baseKey":"BWBZCEuubP07uSIJRDU7s/bxerYmI/Xtl8Ncoe0gp+k5","baseKeyType":1,"closed":-1,"used":1714085805625,"created":1714085805625,"remoteIdentityKey":"BZZ7SPkvbQQ+MEeDyvHU/moExeyIOq72ZB/FTOqOJnBx"},"_chains":{"BT8ja94zZq3Fxi8OZsELnLWa1ZJK6tNgbVmMdb2oVW15":{"chainKey":{"counter":20,"key":"vDrvuDiRlTsLq5Xxf62hL2Cr520vgRw5D2tN19+PU2I="},"chainType":1,"messageKeys":{}}},"pendingPreKey":{"signedKeyId":4,"baseKey":"BWBZCEuubP07uSIJRDU7s/bxerYmI/Xtl8Ncoe0gp+k5","preKeyId":711802}}},"version":"v1"}