{"_sessions":{"BTDhj/MKput/2PgzkBqXJbZDYW6FnODrn4m3Gv8G58oj":{"registrationId":782592644,"currentRatchet":{"ephemeralKeyPair":{"pubKey":"BV5sZtJiAB7L69gLDOw2ZvVEgi7dvD2YIBG+cVy8As56","privKey":"eCkkW4uEtxkHfiFJs1yqqhxhqH6AsSSg1tNT1e3nq10="},"lastRemoteEphemeralKey":"BQ9IKyFYvEb+qOTpRPo8Cm6ZpdAGuugfVvHrnVplvaNx","previousCounter":0,"rootKey":"oMncRvEnRjeuvcoast3TfHDEF32I9r1DPWvRza/2bP8="},"indexInfo":{"baseKey":"BTDhj/MKput/2PgzkBqXJbZDYW6FnODrn4m3Gv8G58oj","baseKeyType":1,"closed":-1,"used":1714106011871,"created":1714106011871,"remoteIdentityKey":"BdDPR23ncZSIbNaqCsvaBoVh7Y6On3PfALwcQXPwWmYX"},"_chains":{"BV5sZtJiAB7L69gLDOw2ZvVEgi7dvD2YIBG+cVy8As56":{"chainKey":{"counter":6,"key":"H4MR1csAnQ1KQa29EwdinYIC2VvzykjzWiKf0CkVdCM="},"chainType":1,"messageKeys":{}}},"pendingPreKey":{"signedKeyId":0,"baseKey":"BTDhj/MKput/2PgzkBqXJbZDYW6FnODrn4m3Gv8G58oj","preKeyId":10085648}}},"version":"v1"}