{"_sessions":{"BXa5uIqGHyHrtdSAWmFmyL8iXNOH48yPAtoqt+8k8FVg":{"registrationId":342264689,"currentRatchet":{"ephemeralKeyPair":{"pubKey":"BQ3a9pjnOJklQ2jPXPoQLruVUhciUh9A3E1HLIueGPNL","privKey":"iNL2ugq+2izzcWH99Ud+nigYzk5nC4O1gCxbjdYZCFY="},"lastRemoteEphemeralKey":"BTYMORbAREvitY5ph11UOHju9CW4Z+J1PN6+iFu7CSw9","previousCounter":0,"rootKey":"igQMOhfVZlGluydSxC0cnGi46xwk7HykSX+O95AcvnE="},"indexInfo":{"baseKey":"BXa5uIqGHyHrtdSAWmFmyL8iXNOH48yPAtoqt+8k8FVg","baseKeyType":1,"closed":-1,"used":1714106011978,"created":1714106011978,"remoteIdentityKey":"BZDBFhuwiwJaKPdKg/M8pc7aZEMx0Bike/JDLTGpgYZD"},"_chains":{"BQ3a9pjnOJklQ2jPXPoQLruVUhciUh9A3E1HLIueGPNL":{"chainKey":{"counter":6,"key":"JJOwxRAx3HT+sgwFa9A2Fn8N7lewZd5JxA0D263CBCc="},"chainType":1,"messageKeys":{}}},"pendingPreKey":{"signedKeyId":1,"baseKey":"BXa5uIqGHyHrtdSAWmFmyL8iXNOH48yPAtoqt+8k8FVg","preKeyId":14519676}}},"version":"v1"}