{"_sessions":{"BR67Q86DS8xSL0upMIIV9004Ut3GaRCkfRJ8jA2+6rlD":{"registrationId":1595773606,"currentRatchet":{"ephemeralKeyPair":{"pubKey":"BdA3xEsqYHpXrODcdegolsyasz0Pka5RPGaPVgsgCJsm","privKey":"OHUa4GTxOyyKpHZmFkxUbi00yF5XFm20sf+A/ZXuE0o="},"lastRemoteEphemeralKey":"BQLFwp/0OG2wi1vfxE72UWBnCrZKqXibSEvr3J0gu6dP","previousCounter":0,"rootKey":"b8fcqRTrZvNVOGl7+gRuVveG3I19G1W0+PzKo4DaPB4="},"indexInfo":{"baseKey":"BR67Q86DS8xSL0upMIIV9004Ut3GaRCkfRJ8jA2+6rlD","baseKeyType":1,"closed":-1,"used":1714085805293,"created":1714085805293,"remoteIdentityKey":"BSWJGDIJLnrKZqU7B7I5QNLLCgrdW5jsPxkT2oWeX0pH"},"_chains":{"BdA3xEsqYHpXrODcdegolsyasz0Pka5RPGaPVgsgCJsm":{"chainKey":{"counter":20,"key":"r4lRkTE36CwZ/hF8Bf4PjBCV2zUXWnpHNmqTBavEVE8="},"chainType":1,"messageKeys":{}}},"pendingPreKey":{"signedKeyId":3,"baseKey":"BR67Q86DS8xSL0upMIIV9004Ut3GaRCkfRJ8jA2+6rlD","preKeyId":11299257}}},"version":"v1"}