{"_sessions":{"BW3TkqsEcnA264KH5Z6cRIoNVlH3wwLrzbO11WeOig83":{"registrationId":188308411,"currentRatchet":{"ephemeralKeyPair":{"pubKey":"BZGgIECT/ZmZKqs9/RxMLhuYJLehPydKOrLuod9ijZhS","privKey":"OErVC1huRTKPoju7VmvD7wXfuHWMqWuYW19wd/SHu2c="},"lastRemoteEphemeralKey":"Bcj7gA4Wtnz8kvjsSYwDUz6IZBkf9L92c5bqww4wCyFv","previousCounter":0,"rootKey":"5v424RFNSUgO9BqLGGn/Cc7vSIEUb4ptiqzEKiPRrHE="},"indexInfo":{"baseKey":"BW3TkqsEcnA264KH5Z6cRIoNVlH3wwLrzbO11WeOig83","baseKeyType":1,"closed":-1,"used":1714106011955,"created":1714106011955,"remoteIdentityKey":"BeLDfwaIGXn6YO6pHY1jX4vFX89fi7wVCSTURCYoEJdr"},"_chains":{"BZGgIECT/ZmZKqs9/RxMLhuYJLehPydKOrLuod9ijZhS":{"chainKey":{"counter":6,"key":"4GwDUPqtM60m0KvBE2GRX0pzrp3DSF4TBWNwUM6MJwM="},"chainType":1,"messageKeys":{}}},"pendingPreKey":{"signedKeyId":1,"baseKey":"BW3TkqsEcnA264KH5Z6cRIoNVlH3wwLrzbO11WeOig83","preKeyId":15898719}}},"version":"v1"}