{"_sessions":{"BeEDXDIezmCYAQASHRri2hk+vTGOtufxSBHxv7xbxK5F":{"registrationId":2121245353,"currentRatchet":{"ephemeralKeyPair":{"pubKey":"Bci5V86WflSXIeYKfTURXLLlgot8fOhD7yARbGWYhn4g","privKey":"qFvYy8I5We9D2zN/FDnVuRZ/3XikV7qQ/Ft+H1unSlM="},"lastRemoteEphemeralKey":"BUGjcLH1co2RKJi1Zuxdmnfx08X/zKJkjEgeGyxdnU50","previousCounter":0,"rootKey":"e5a1MKyLZb+AK+J14nzdZcRBgox2VQkUfNBzFRXw2wQ="},"indexInfo":{"baseKey":"BeEDXDIezmCYAQASHRri2hk+vTGOtufxSBHxv7xbxK5F","baseKeyType":1,"closed":-1,"used":1714085805444,"created":1714085805444,"remoteIdentityKey":"BeMVmgOn2OirQDvISJn4FQTsjmw3ZmxPMBZlHTJPApY+"},"_chains":{"Bci5V86WflSXIeYKfTURXLLlgot8fOhD7yARbGWYhn4g":{"chainKey":{"counter":20,"key":"kmCRYXzLYr56jkDJKqGS1yCJ8z8llfe+n6sMsG/LD5Q="},"chainType":1,"messageKeys":{}}},"pendingPreKey":{"signedKeyId":2,"baseKey":"BeEDXDIezmCYAQASHRri2hk+vTGOtufxSBHxv7xbxK5F","preKeyId":15788542}}},"version":"v1"}