{"_sessions":{"BTNEANgcvPwWHb6sD3efSlaAFlx+gKjK2hm2v+6yFm9i":{"registrationId":5713,"currentRatchet":{"ephemeralKeyPair":{"pubKey":"BZJ3O/wZE5Y3997rw/cmL28B+5Q5As6Rq2M2tzwoBFZ+","privKey":"mFM42miSF7METOK218Je98sNJbSnwTfK8JB/IDFtc0Y="},"lastRemoteEphemeralKey":"BU8VGizn7hs3JYpuK4GU4AAoqv1z/Tkd+JOZ14qw6M0N","previousCounter":0,"rootKey":"CCY8pb0KQIFpRTa2KutYiQBSMsMTI8vKh6tpdLdYvmw="},"indexInfo":{"baseKey":"BTNEANgcvPwWHb6sD3efSlaAFlx+gKjK2hm2v+6yFm9i","baseKeyType":1,"closed":-1,"used":1714085805255,"created":1714085805255,"remoteIdentityKey":"Beziwrq4mB6q/z+3VI3EDfhhs7DOcrYNU41akO35NwlS"},"_chains":{"BZJ3O/wZE5Y3997rw/cmL28B+5Q5As6Rq2M2tzwoBFZ+":{"chainKey":{"counter":20,"key":"lT6y2ZWpYTRnBbUwtJFdUvdUcDfq+4Gke66T/9wMYJw="},"chainType":1,"messageKeys":{}}},"pendingPreKey":{"signedKeyId":1,"baseKey":"BTNEANgcvPwWHb6sD3efSlaAFlx+gKjK2hm2v+6yFm9i","preKeyId":705}}},"version":"v1"}