{"_sessions":{"BYu/KPA0KeyIvMRdt0BYxuLFVv4GoacO7+2nlxJvZYRV":{"registrationId":2120107482,"currentRatchet":{"ephemeralKeyPair":{"pubKey":"BfnwJcevVutbphkhXxYm2HEuW+nLz0Pzyjqct61LoKB0","privKey":"oOITIjXB9xP3IakAu85LR2ZrLebwsvue+FigRbQay0c="},"lastRemoteEphemeralKey":"BYfOIUiFIkvaavAOprfyvoWks64aFFu3zHX/vmGJ5mw9","previousCounter":0,"rootKey":"3NTQqSPRB1fNrAttNsYbcST3EI78asyIS4+62FgWgCg="},"indexInfo":{"baseKey":"BYu/KPA0KeyIvMRdt0BYxuLFVv4GoacO7+2nlxJvZYRV","baseKeyType":1,"closed":-1,"used":1714085805319,"created":1714085805319,"remoteIdentityKey":"BaIH5QvEKMG11cNRTghMWVHNJHsr+S+h5I79VpRVWSRB"},"_chains":{"BfnwJcevVutbphkhXxYm2HEuW+nLz0Pzyjqct61LoKB0":{"chainKey":{"counter":20,"key":"DXLWwAtZI1fNOleCN5S/bric/ueZuWY2JesjIpouWz0="},"chainType":1,"messageKeys":{}}},"pendingPreKey":{"signedKeyId":8,"baseKey":"BYu/KPA0KeyIvMRdt0BYxuLFVv4GoacO7+2nlxJvZYRV","preKeyId":14760243}}},"version":"v1"}