{"_sessions":{"BVJwTrlMKvMjEygcYAQoY11MhTyU+D+4q7OqczhIOOhD":{"registrationId":440300889,"currentRatchet":{"ephemeralKeyPair":{"pubKey":"BdHBrVIw3t0ciZunYqdT977Je+qZBWALPoUWZ3sgSmFM","privKey":"oIVdVJNrk+rcC5V3SIZuwBHcrE97JeWl2IxTmGXThWo="},"lastRemoteEphemeralKey":"BUdmXXgaJY9tvOKChKtQtsLmkj1PtvDsfBQOXTOqYBQF","previousCounter":0,"rootKey":"2KYyDA99rFjmq24u8+tPqZmXDEOTueZlrd2QzhkiJ3E="},"indexInfo":{"baseKey":"BVJwTrlMKvMjEygcYAQoY11MhTyU+D+4q7OqczhIOOhD","baseKeyType":1,"closed":-1,"used":1714085805602,"created":1714085805602,"remoteIdentityKey":"BVgSg62GhiK82IzXUvlg1KOaRdhLVms18tUJICDplg1U"},"_chains":{"BdHBrVIw3t0ciZunYqdT977Je+qZBWALPoUWZ3sgSmFM":{"chainKey":{"counter":20,"key":"u9gyZ4LMD7CX4gH38ls0zehXWB2bvMZko1iMv2SsfHE="},"chainType":1,"messageKeys":{}}},"pendingPreKey":{"signedKeyId":6,"baseKey":"BVJwTrlMKvMjEygcYAQoY11MhTyU+D+4q7OqczhIOOhD","preKeyId":1045422}}},"version":"v1"}