{"_sessions":{"BREsIuVYR6k4WwSI8UeiXvDicdQfWY/U9xeB/DBXSEsr":{"registrationId":1004883474,"currentRatchet":{"ephemeralKeyPair":{"pubKey":"BUnCM9DHtyu4FpsvOD6qTv24OWhxpQnNG+tcVNtZ4fd6","privKey":"6ANdvrEnW70B7zOm6YtuZEJ0kn7dw59yLaXn8PTT7lM="},"lastRemoteEphemeralKey":"BShx38nfV6cOZI8rIxbb884UXhraYA+UsEf1f1B3bHMT","previousCounter":0,"rootKey":"sJdEFbOnoF9Sz70IZUrXycqHAtQdOZgtX0D7+3KLk7E="},"indexInfo":{"baseKey":"BREsIuVYR6k4WwSI8UeiXvDicdQfWY/U9xeB/DBXSEsr","baseKeyType":1,"closed":-1,"used":1714085805468,"created":1714085805468,"remoteIdentityKey":"BdxdV4Le/euBL6ZgPvn79Gm4RN8HTFRfNm+oGfUsJ0AK"},"_chains":{"BUnCM9DHtyu4FpsvOD6qTv24OWhxpQnNG+tcVNtZ4fd6":{"chainKey":{"counter":20,"key":"6qZgAa/ari2UE11GTy7Q/PqqarghL3OaOanNuiYteMc="},"chainType":1,"messageKeys":{}}},"pendingPreKey":{"signedKeyId":3,"baseKey":"BREsIuVYR6k4WwSI8UeiXvDicdQfWY/U9xeB/DBXSEsr","preKeyId":16038918}}},"version":"v1"}