{"_sessions":{"BWWV9H8ypOp4UVWxIM+ocLtMncm23pEsv4fkdtQW6lhD":{"registrationId":491833203,"currentRatchet":{"ephemeralKeyPair":{"pubKey":"BUQlOsQdHZVbawoKHvX05PbjVpaPtkI+v02ECti+W3UO","privKey":"aDNfEF1PZmAae4c5bUUbNEfofDQ/NyZgGbqygYXoDEU="},"lastRemoteEphemeralKey":"BfaTi+kjLFwPTD+9sVNvE5vpAZLDzKj1OvRS3yt2rjhS","previousCounter":0,"rootKey":"5UhSMe8AFyph1VVufpoXWEWcO1Jy9RqYfMfVolna8xs="},"indexInfo":{"baseKey":"BWWV9H8ypOp4UVWxIM+ocLtMncm23pEsv4fkdtQW6lhD","baseKeyType":1,"closed":-1,"used":1714085805176,"created":1714085805176,"remoteIdentityKey":"BR8SIVyjT7s18tfkhNooHLuOu4qGbx5LJrBlk2llJRwD"},"_chains":{"BUQlOsQdHZVbawoKHvX05PbjVpaPtkI+v02ECti+W3UO":{"chainKey":{"counter":20,"key":"MPy4bFtr1Xaf12WLHCUBgKrwSmFbJ7k8Gw5TPy2JZUY="},"chainType":1,"messageKeys":{}}},"pendingPreKey":{"signedKeyId":3,"baseKey":"BWWV9H8ypOp4UVWxIM+ocLtMncm23pEsv4fkdtQW6lhD","preKeyId":2681715}}},"version":"v1"}