{"_sessions":{"BQZ4dCfEPYR/+O7s/z9M21OYG2+P1qxNW4z1VwGYEwYS":{"registrationId":1058329345,"currentRatchet":{"ephemeralKeyPair":{"pubKey":"BU9OixK6UfoFeseRsu1B7L+Xa2/1uFXCXV7wlvLdnvod","privKey":"0GXoGL2wBLRv6OKvbubwYrnBG0XHc9KnCHuMe2/kgX4="},"lastRemoteEphemeralKey":"BZDVmHwI3aI2KLsRSx20EBlRH+dwcx3pSY41NSdW7Zcq","previousCounter":0,"rootKey":"iDBdSPGQNuVJ0yPREaC7MSJF6mjd1P7s0pLJQEUTp/M="},"indexInfo":{"baseKey":"BQZ4dCfEPYR/+O7s/z9M21OYG2+P1qxNW4z1VwGYEwYS","baseKeyType":1,"closed":-1,"used":1714085805650,"created":1714085805650,"remoteIdentityKey":"BVfjzPZiud1KE7e2TGhAbQxXd4lHplfNr2+3Px7SYeJ3"},"_chains":{"BU9OixK6UfoFeseRsu1B7L+Xa2/1uFXCXV7wlvLdnvod":{"chainKey":{"counter":20,"key":"sDsCAyx9D3wsXZjS6yeN9SXelBDpccpIxOoba4/p+qI="},"chainType":1,"messageKeys":{}}},"pendingPreKey":{"signedKeyId":1,"baseKey":"BQZ4dCfEPYR/+O7s/z9M21OYG2+P1qxNW4z1VwGYEwYS"}}},"version":"v1"}