{"_sessions":{"BWccwPBvZ5pf9fMKrO4wMcKiw0Y42BH9PyZIZ3p/9hd5":{"registrationId":1694727705,"currentRatchet":{"ephemeralKeyPair":{"pubKey":"BS0BxdzU5hBxssqmrQZ2R2uuj1hTmN+iZAHZpBr1s1IZ","privKey":"eIMS+4k24eyUgOR38zqhKCkL5kxJxxk+Lv3brSp/bUo="},"lastRemoteEphemeralKey":"BSTiUQFTOPq4iWgN/QkWC+WMrqWE0LwGm4nmiXASZgld","previousCounter":0,"rootKey":"aSKwmwfQcDlVbm1WpQSL6GZTRLKDQeRX6PVXC+n3aVo="},"indexInfo":{"baseKey":"BWccwPBvZ5pf9fMKrO4wMcKiw0Y42BH9PyZIZ3p/9hd5","baseKeyType":1,"closed":-1,"used":1714085805347,"created":1714085805347,"remoteIdentityKey":"BVC1esUU1PFweQ33osQpOWPmKinW2SZQ0MX0ItrKApo8"},"_chains":{"BS0BxdzU5hBxssqmrQZ2R2uuj1hTmN+iZAHZpBr1s1IZ":{"chainKey":{"counter":20,"key":"3TEXfFVOkBkb1wWcmIN/YyFa5Z8pUlTAc7QPPGcl1qQ="},"chainType":1,"messageKeys":{}}},"pendingPreKey":{"signedKeyId":10,"baseKey":"BWccwPBvZ5pf9fMKrO4wMcKiw0Y42BH9PyZIZ3p/9hd5","preKeyId":16427428}}},"version":"v1"}