{"_sessions":{"BR+P8+lhUdrqNREt6dPDOdIHjIVNJVL+ZHshrxAWpZgC":{"registrationId":595553980,"currentRatchet":{"ephemeralKeyPair":{"pubKey":"BR977Tdde6G3pRWQZ/fB2CPt1FImGFDOpt7yLprvcyYW","privKey":"eKjImMNpmbAou4B1BKGWIMnyxdSoyIB07hIsnyPU01c="},"lastRemoteEphemeralKey":"BbK/nSgQaXJ1Sq69/bQj76qXSYLF1Hqy2Mm7A56+n5h9","previousCounter":0,"rootKey":"wfgX7wjiqfJer2TV+dYn1HSM2ExJGmefeaDG0dTW1Y8="},"indexInfo":{"baseKey":"BR+P8+lhUdrqNREt6dPDOdIHjIVNJVL+ZHshrxAWpZgC","baseKeyType":1,"closed":-1,"used":1714085805595,"created":1714085805595,"remoteIdentityKey":"BU5ipP2kBqzTKYOzNPo5opq1OKpJyWdHa+9c8wQqMLUU"},"_chains":{"BR977Tdde6G3pRWQZ/fB2CPt1FImGFDOpt7yLprvcyYW":{"chainKey":{"counter":20,"key":"fXfjJ3RwClOcIqVs44msMs+iKee6+VDtcSkc/8GhTKI="},"chainType":1,"messageKeys":{}}},"pendingPreKey":{"signedKeyId":38,"baseKey":"BR+P8+lhUdrqNREt6dPDOdIHjIVNJVL+ZHshrxAWpZgC","preKeyId":4938170}}},"version":"v1"}