{"_sessions":{"BV+5NqQFh2EVjVHVwuG6qpF0I01WBDoKZ6tH0QtzdT9W":{"registrationId":1224940952,"currentRatchet":{"ephemeralKeyPair":{"pubKey":"BYmZ5qsvXDpSY0QvEzx1jUPYFJmZIqsm3rNgQB4e/3A7","privKey":"ECIqb2wok2Bo3G20jxJIrTLCYTZoLvQ+/mYuUs5CUmY="},"lastRemoteEphemeralKey":"BbT7SAEFb9UPGRluHuHD3aQAZE9RaN+ZHpJW4Y20nAVz","previousCounter":0,"rootKey":"6FvhWvkeLjPr0HKYn4Ei8AEqNZXdpscowfZ82Zq1Oqc="},"indexInfo":{"baseKey":"BV+5NqQFh2EVjVHVwuG6qpF0I01WBDoKZ6tH0QtzdT9W","baseKeyType":1,"closed":-1,"used":1714085805662,"created":1714085805662,"remoteIdentityKey":"Bf5HnyhNA1iWPgAQixP9N5BoW+iQQ+9QJaaGa2uFH/xL"},"_chains":{"BYmZ5qsvXDpSY0QvEzx1jUPYFJmZIqsm3rNgQB4e/3A7":{"chainKey":{"counter":20,"key":"TTXs1oeeU3ZOn1menO6t4q+3KIZ4Lsj3Q11QVdVCbUQ="},"chainType":1,"messageKeys":{}}},"pendingPreKey":{"signedKeyId":12,"baseKey":"BV+5NqQFh2EVjVHVwuG6qpF0I01WBDoKZ6tH0QtzdT9W","preKeyId":9492790}}},"version":"v1"}