{"_sessions":{"BXqPDwzJTUOJwEqMwfpqCVHHwj1/ouPkF3miHIH/QIRJ":{"registrationId":585693198,"currentRatchet":{"ephemeralKeyPair":{"pubKey":"BVjbID4Hx4vHrzPIbgh9W1Yck+JzG6rvLT/MIUrk1ddS","privKey":"OIWXtyRducWCdyKek8fHAc0+2ODh5yrt6lGahMmanGw="},"lastRemoteEphemeralKey":"BeWhPkFN8qGPDwX0Wrq/ggAEXjnR/DnEyQhAaNexEz0F","previousCounter":0,"rootKey":"TOioYVvevwsEGZjqmtJZe+akmTqRtWFO+lkgdNnYV1g="},"indexInfo":{"baseKey":"BXqPDwzJTUOJwEqMwfpqCVHHwj1/ouPkF3miHIH/QIRJ","baseKeyType":1,"closed":-1,"used":1714106299281,"created":1714106299281,"remoteIdentityKey":"BfqiMPNR+R2tpN+uH6xNPh/pcVQ3mAh0As2tl+4g61FE"},"_chains":{"BVjbID4Hx4vHrzPIbgh9W1Yck+JzG6rvLT/MIUrk1ddS":{"chainKey":{"counter":0,"key":"jtcxjRtmtNVrFGkit9OAnhkVA95tsOlPzwQnVW/jNq8="},"chainType":1,"messageKeys":{}}},"pendingPreKey":{"signedKeyId":21,"baseKey":"BXqPDwzJTUOJwEqMwfpqCVHHwj1/ouPkF3miHIH/QIRJ","preKeyId":10739352}}},"version":"v1"}