{"_sessions":{"BRzbtEdJnoLaWDhyKCFJPHyGdA1LRVfnyHJ+mkghYe9G":{"registrationId":271703343,"currentRatchet":{"ephemeralKeyPair":{"pubKey":"BZyXi2eCFYZfAm/9HDilKJHLr+sTNrEUbHhlTQuyMpF3","privKey":"AL3CJ0rRgoGbvZEOvU2O5ddPdTAMpQvxoJEtko6DSXQ="},"lastRemoteEphemeralKey":"BezWAYfwOmmxWSOL+/73EmkYYdQamj2rkci6dFE4RkcP","previousCounter":20,"rootKey":"I9/u8aM3XUctUV1a1uwR67JQt2zyBqMFHMbosuwBJq4="},"indexInfo":{"baseKey":"BRzbtEdJnoLaWDhyKCFJPHyGdA1LRVfnyHJ+mkghYe9G","baseKeyType":1,"closed":-1,"used":1714110757079,"created":1714085805405,"remoteIdentityKey":"BXJOUbc2KultjVDDPaSE5MeSG4Nw3y9kKu+u7E7WGHU1"},"_chains":{"BezWAYfwOmmxWSOL+/73EmkYYdQamj2rkci6dFE4RkcP":{"chainKey":{"counter":0,"key":"zButGiScalmh5RQ3VoYqPzXCNpwXX4t0lmF4lt45nBc="},"chainType":2,"messageKeys":{}},"BZyXi2eCFYZfAm/9HDilKJHLr+sTNrEUbHhlTQuyMpF3":{"chainKey":{"counter":-1,"key":"j1NKSuAplQA7+IDtR8BcyygPgM8+/Ywv2KoK99u7kcI="},"chainType":1,"messageKeys":{}}}}},"version":"v1"}