{"_sessions":{"BUnyf/Na3TASNxq9OWD8q/XdmUKe5d7uHCz30wyZKTMK":{"registrationId":455258837,"currentRatchet":{"ephemeralKeyPair":{"pubKey":"Bb6w6SO/FBeBcg3RX2sw1mJVISaMdQUj26OIWKf0Smkw","privKey":"YN4osXmap2q1dTEUU7XFHy1F+NbCv8NlFk/auZyfv38="},"lastRemoteEphemeralKey":"BanWsnQssHLp8KTX4rsOM15d/S+Sb/zQhckBzoAMUo9U","previousCounter":0,"rootKey":"ias7JdiRY2ZWiEuMRUdATJY1tpKD14U3wELjOpu66vw="},"indexInfo":{"baseKey":"BUnyf/Na3TASNxq9OWD8q/XdmUKe5d7uHCz30wyZKTMK","baseKeyType":1,"closed":-1,"used":1714106299298,"created":1714106299298,"remoteIdentityKey":"BbDzBdu3PuTXmD2GvQcCSuxSmUVhwkI2iB+2TI2pJz85"},"_chains":{"Bb6w6SO/FBeBcg3RX2sw1mJVISaMdQUj26OIWKf0Smkw":{"chainKey":{"counter":0,"key":"NkBTmQXZMmXXklwey5ludbfhlXJLgtwlDp7uHjaJMVk="},"chainType":1,"messageKeys":{}}},"pendingPreKey":{"signedKeyId":1,"baseKey":"BUnyf/Na3TASNxq9OWD8q/XdmUKe5d7uHCz30wyZKTMK","preKeyId":8837825}}},"version":"v1"}