{"_sessions":{"BYWeSTotzKjDR2bPXGyUmpvS0/mfgcjOqAIFRP226G40":{"registrationId":773814812,"currentRatchet":{"ephemeralKeyPair":{"pubKey":"BUCbY/JCqeIgpVMlaMuB1uKw2CwLT2gDq2cYBwNaAuov","privKey":"SBndHbIeSFln//+1tNd1Wm1K4kQayCf6taS+XSxifF0="},"lastRemoteEphemeralKey":"BenyDdkHASSLBRkjUT0Suy6ykJQrHxaX8I4PsOK6qOgJ","previousCounter":0,"rootKey":"2Me24i8sKyUWY29uGNdPGNvAnLNhXyX2k4bzoNYvIOM="},"indexInfo":{"baseKey":"BYWeSTotzKjDR2bPXGyUmpvS0/mfgcjOqAIFRP226G40","baseKeyType":1,"closed":-1,"used":1714085805245,"created":1714085805245,"remoteIdentityKey":"BSfvVEZccC8cc9kiv2Ydun2XJbCKKJ5mNO94wdRGHOsK"},"_chains":{"BUCbY/JCqeIgpVMlaMuB1uKw2CwLT2gDq2cYBwNaAuov":{"chainKey":{"counter":20,"key":"wLcYTzbK14H+uMfBmtKNv5CSb8aFSHxhVd05QFbzJ3w="},"chainType":1,"messageKeys":{}}},"pendingPreKey":{"signedKeyId":1,"baseKey":"BYWeSTotzKjDR2bPXGyUmpvS0/mfgcjOqAIFRP226G40","preKeyId":139}}},"version":"v1"}