{"_sessions":{"BVBa1qWaYsUVopNDehtgchwLF92J5YZuN+S6+jJJqms1":{"registrationId":3785,"currentRatchet":{"ephemeralKeyPair":{"pubKey":"BdV8ZsmFl39mb0L4GAC1vgYSsjpUXZMRQNmeQwKWub8y","privKey":"KFwWs6Eu9WiU540q4A3+4T+gP4wBt3bsKmV7RzCeqnc="},"lastRemoteEphemeralKey":"BSJojWElPyNH2hrgu3ClJv9kWdFa2BCHwK5fPwTLmKBx","previousCounter":0,"rootKey":"JNTtZNZtqz9K9gLt/2yn66elZQS/EM8EtLoquLRU7vE="},"indexInfo":{"baseKey":"BVBa1qWaYsUVopNDehtgchwLF92J5YZuN+S6+jJJqms1","baseKeyType":1,"closed":-1,"used":1714085805239,"created":1714085805239,"remoteIdentityKey":"BVkt5BHsm7jAgjqpr1w9JzaCObwdBk/7LYQkonVZlqAL"},"_chains":{"BdV8ZsmFl39mb0L4GAC1vgYSsjpUXZMRQNmeQwKWub8y":{"chainKey":{"counter":20,"key":"nbUpoSBly0eWuc3XwHsLiF2UhXsq9uvcNzmxwxd/lLA="},"chainType":1,"messageKeys":{}}},"pendingPreKey":{"signedKeyId":1,"baseKey":"BVBa1qWaYsUVopNDehtgchwLF92J5YZuN+S6+jJJqms1"}}},"version":"v1"}