{"_sessions":{"BVc+nJXazijY+lx3Rt1qAQVIbGjw3TqOnf4v67wZV514":{"registrationId":15922,"currentRatchet":{"ephemeralKeyPair":{"pubKey":"BWGdhvp4BUD3GfH1G1J4mgolEc5HsMGdx0zNjUhulCpt","privKey":"ED5RKVA+gLD37F3r4asBEfSBe611j6CQibLuw6vIP0A="},"lastRemoteEphemeralKey":"BYB0ijpRKohxle5yEq7PbtDN+rtB5KYIQU5LHkParbwF","previousCounter":0,"rootKey":"xXb/KxUTKoWjf+lLIExcpTLNnCkjDC/XbaO0nUEWEC8="},"indexInfo":{"baseKey":"BVc+nJXazijY+lx3Rt1qAQVIbGjw3TqOnf4v67wZV514","baseKeyType":1,"closed":-1,"used":1714085805139,"created":1714085805139,"remoteIdentityKey":"BTIEH2rFTZ18ub8CYHnxvwaAloGy/KsNmxxyuqJgjSpr"},"_chains":{"BWGdhvp4BUD3GfH1G1J4mgolEc5HsMGdx0zNjUhulCpt":{"chainKey":{"counter":20,"key":"DK7XVCjP0HHdDeSbuGq2aBri81b+IwoQvEsNTYIl2nk="},"chainType":1,"messageKeys":{}}},"pendingPreKey":{"signedKeyId":1,"baseKey":"BVc+nJXazijY+lx3Rt1qAQVIbGjw3TqOnf4v67wZV514"}}},"version":"v1"}