{"_sessions":{"BfFe08DyH69/u4j/tbpaDrmLEhqjRTv/TVnoBAiXtMtW":{"registrationId":1381131464,"currentRatchet":{"ephemeralKeyPair":{"pubKey":"BYQQMehTH5kFLJ8BuPzHwo0uxJsrxghoTM2tJ2AbmU8F","privKey":"IB3N68NtTEZSctg1Qmfm9tN2670xhnNckFvSO/0ehEo="},"lastRemoteEphemeralKey":"BZyMrVTlZn4F3bAnoFlIBBMUBCjVtRJgcG7UkuXCtqRq","previousCounter":0,"rootKey":"P+rN7HGgbVzoGUkir2aNjduxj3T63TrX1HG3JDFeErs="},"indexInfo":{"baseKey":"BfFe08DyH69/u4j/tbpaDrmLEhqjRTv/TVnoBAiXtMtW","baseKeyType":1,"closed":-1,"used":1714085805063,"created":1714085805063,"remoteIdentityKey":"BVREFojXMOWwAyftjzL0As5uIHl56oNcWjvSfEwxD0YB"},"_chains":{"BYQQMehTH5kFLJ8BuPzHwo0uxJsrxghoTM2tJ2AbmU8F":{"chainKey":{"counter":20,"key":"4ELwL362hTI0p0WlP5NQMDPF18UZ9Ygf2gMULz/oNNA="},"chainType":1,"messageKeys":{}}},"pendingPreKey":{"signedKeyId":5,"baseKey":"BfFe08DyH69/u4j/tbpaDrmLEhqjRTv/TVnoBAiXtMtW","preKeyId":1970}}},"version":"v1"}