{"_sessions":{"BZjFEO3twLiETcxSwQOloJO6jVbvpOR/DsQgOWc+a6pk":{"registrationId":2037028424,"currentRatchet":{"ephemeralKeyPair":{"pubKey":"BW7yYE2zw/YX4jP+vg4J+PpX780J6PJOjMp59dvbVOUR","privKey":"4Ezwkw7mvVAyIITAayfqBmJOUDEZIaPEiziugUEes1Y="},"lastRemoteEphemeralKey":"BSYicPBC6Xe6nEsQs75MdzTBG+EKejIqqIu4JFjNxBsO","previousCounter":0,"rootKey":"m/hVj4E5wBTgGLqJMoE4vTnh9rwgUSE9HC+OrWkjJHQ="},"indexInfo":{"baseKey":"BZjFEO3twLiETcxSwQOloJO6jVbvpOR/DsQgOWc+a6pk","baseKeyType":1,"closed":-1,"used":1714085805530,"created":1714085805530,"remoteIdentityKey":"BcamdGP9DxkS8WpgtfGL336xdIg+iTGgTE1pEFT/0YIz"},"_chains":{"BW7yYE2zw/YX4jP+vg4J+PpX780J6PJOjMp59dvbVOUR":{"chainKey":{"counter":20,"key":"AbfW53m4dahBWYDDMQdbbVb01vSdOkCiD6UmnwvpGHM="},"chainType":1,"messageKeys":{}}},"pendingPreKey":{"signedKeyId":13,"baseKey":"BZjFEO3twLiETcxSwQOloJO6jVbvpOR/DsQgOWc+a6pk","preKeyId":7426810}}},"version":"v1"}