{"_sessions":{"BWvpe23/3xr/5cXCuyBhFXj/fLXvSeRrQSZLB98XN6pr":{"registrationId":1486416447,"currentRatchet":{"ephemeralKeyPair":{"pubKey":"BeyD8vHiOhjlLvt7gERznI60tzfP5pH4/BgADvR7wkgI","privKey":"QJZYlkwmXNU37bqlIXJw+DH92bfPdHnhMCs2YGQsJ2M="},"lastRemoteEphemeralKey":"BTAKVNSZd0zxdqeKUT/QCDmQ81nYsCPO/Q8HONph2cw1","previousCounter":0,"rootKey":"+wq4lIozflpwAthl3cJ2X1BFaWjtL5+6N/M1ke48Ebo="},"indexInfo":{"baseKey":"BWvpe23/3xr/5cXCuyBhFXj/fLXvSeRrQSZLB98XN6pr","baseKeyType":1,"closed":-1,"used":1714085805440,"created":1714085805440,"remoteIdentityKey":"BYiKzCSMIxBhkRnbew9EdcK51E9uH+rBmkdXySBDC/An"},"_chains":{"BeyD8vHiOhjlLvt7gERznI60tzfP5pH4/BgADvR7wkgI":{"chainKey":{"counter":20,"key":"EcEmUuL4W/RlB+cVeIEbnjmpfesPkNk778iJwMxuNT8="},"chainType":1,"messageKeys":{}}},"pendingPreKey":{"signedKeyId":10,"baseKey":"BWvpe23/3xr/5cXCuyBhFXj/fLXvSeRrQSZLB98XN6pr","preKeyId":3752860}}},"version":"v1"}