{"_sessions":{"BWQZROqyQq8SeiKLBIuMW8UmTAHtInEOGxSd5a3gZRdE":{"registrationId":100734493,"currentRatchet":{"ephemeralKeyPair":{"pubKey":"BWcZMYUM8YL2kIfnYryknn+CNlb6IjZkN+skwGr5LfF4","privKey":"KOkiGa9afGSdFWm3eEZs6gpkInuyl1G5l81Eeb9halI="},"lastRemoteEphemeralKey":"BXrR0yXoTJn+0r7VvQcFTVsQiQOGEx4gYlxkbNgzvodj","previousCounter":0,"rootKey":"SFA0WJmZxY98/KSQuAFS6c6NEA8LjwBx7thrErgf6vI="},"indexInfo":{"baseKey":"BWQZROqyQq8SeiKLBIuMW8UmTAHtInEOGxSd5a3gZRdE","baseKeyType":1,"closed":-1,"used":1714085805356,"created":1714085805356,"remoteIdentityKey":"BTcyPl0LDjw5+gqlJqqxdKmTO3exwAj5iquxk8aM59t4"},"_chains":{"BWcZMYUM8YL2kIfnYryknn+CNlb6IjZkN+skwGr5LfF4":{"chainKey":{"counter":20,"key":"9SZs0pHKv8DExqUuync8Dw1KbXCVWhQwK19+1lO6g1A="},"chainType":1,"messageKeys":{}}},"pendingPreKey":{"signedKeyId":18,"baseKey":"BWQZROqyQq8SeiKLBIuMW8UmTAHtInEOGxSd5a3gZRdE","preKeyId":4221425}}},"version":"v1"}