{"_sessions":{"BThtf1Ia1wOinUBYqf4y0SGLV+uWzoO/qLl730iKpAtQ":{"registrationId":1730185242,"currentRatchet":{"ephemeralKeyPair":{"pubKey":"BaD6P4ci6hcwDgw7dNV4DQzBPhKZLYaeh+xJsBQrw8My","privKey":"eA+cLQDGo1p+Yx/ztFLdq0l2yu/w1GoawlRnOCUjsGU="},"lastRemoteEphemeralKey":"BYe6JUrUO+HwTAyu2OIL2nJ64SOvoDBTtWrRWeeG6l0O","previousCounter":0,"rootKey":"CUAIstyiMcDre4UvBSAeH67q7R1whEAFmVnt9Y+XC8k="},"indexInfo":{"baseKey":"BThtf1Ia1wOinUBYqf4y0SGLV+uWzoO/qLl730iKpAtQ","baseKeyType":1,"closed":-1,"used":1714085805335,"created":1714085805335,"remoteIdentityKey":"BZEdVn/kJ0XgTZZ3tfjQM3W2ZHh1Xb+YB0Rkd4RrIsxw"},"_chains":{"BaD6P4ci6hcwDgw7dNV4DQzBPhKZLYaeh+xJsBQrw8My":{"chainKey":{"counter":3,"key":"uHQTQEjJtfVneNPN0bUwDDFHUvmT/HQqwfLEqCCLMvY="},"chainType":1,"messageKeys":{}}},"pendingPreKey":{"signedKeyId":1,"baseKey":"BThtf1Ia1wOinUBYqf4y0SGLV+uWzoO/qLl730iKpAtQ","preKeyId":7249769}}},"version":"v1"}