{"_sessions":{"Bf9cTwLYJlERhSHet+r+/5zqJjMkT6S/OEFSpaVfv5Uv":{"registrationId":1437399746,"currentRatchet":{"ephemeralKeyPair":{"pubKey":"BZMRY9x2mnGAl80gqJzBVQkK0KeSHQ1r5mJFTRmNLkl+","privKey":"aNoUtfJSclAQCIiV2t663tvosSbpQbiy3Eqn35baFEk="},"lastRemoteEphemeralKey":"BRb+CWYRTXB5yUxDhnlhny2XsW1LJvSGX5SEC7FeQqQ1","previousCounter":0,"rootKey":"va5qSFef9gwRZH5yZdEj+G6UwIv3xvzz306O8THpowo="},"indexInfo":{"baseKey":"Bf9cTwLYJlERhSHet+r+/5zqJjMkT6S/OEFSpaVfv5Uv","baseKeyType":1,"closed":-1,"used":1714085805525,"created":1714085805525,"remoteIdentityKey":"BaTPKtWDV/IVvcTR6lzw3YzeD40Ypez2w2oaEOGPgXgW"},"_chains":{"BZMRY9x2mnGAl80gqJzBVQkK0KeSHQ1r5mJFTRmNLkl+":{"chainKey":{"counter":20,"key":"YsrnVcwnJeJBcPmUWurEcj5ijOZ9xtO2FMk3UWYMO2I="},"chainType":1,"messageKeys":{}}},"pendingPreKey":{"signedKeyId":2,"baseKey":"Bf9cTwLYJlERhSHet+r+/5zqJjMkT6S/OEFSpaVfv5Uv","preKeyId":13876814}}},"version":"v1"}