{"_sessions":{"BbNgbnS3lQadJXsUH6/jybzUM7LE4V5uagWcX4ILOv0N":{"registrationId":361129649,"currentRatchet":{"ephemeralKeyPair":{"pubKey":"Ba9TPTqPc5k8cNFMwGFzfD8cIucODAs8nuL51PYvNldY","privKey":"uIqMVrd+SrSIGdSlb8kya9I0Avi5+JKw1DkJDeqt0Xg="},"lastRemoteEphemeralKey":"BU+08J9Az/iR8BzkbVe7Jt0xsFD6++8Ki7J0ZsFDALgk","previousCounter":0,"rootKey":"iL+WhCm7bjyUM6t4BnFhik22aQuktr+RUAUcR7K5VYQ="},"indexInfo":{"baseKey":"BbNgbnS3lQadJXsUH6/jybzUM7LE4V5uagWcX4ILOv0N","baseKeyType":1,"closed":-1,"used":1714085805316,"created":1714085805316,"remoteIdentityKey":"BVNfVMjSpIeGYxzjf4wmGlebO+J4V/mU6cqprmVxuho5"},"_chains":{"Ba9TPTqPc5k8cNFMwGFzfD8cIucODAs8nuL51PYvNldY":{"chainKey":{"counter":20,"key":"4TtxRWzKQxlZ0VvclofLU1Ds5WpuPqRPDYz/NwbdU9Y="},"chainType":1,"messageKeys":{}}},"pendingPreKey":{"signedKeyId":35,"baseKey":"BbNgbnS3lQadJXsUH6/jybzUM7LE4V5uagWcX4ILOv0N","preKeyId":8393720}}},"version":"v1"}