{"_sessions":{"BR7+VA1oGdPeKuqB9FiCVNJD0cNXRUfggI6+uQnNCVN9":{"registrationId":1425062364,"currentRatchet":{"ephemeralKeyPair":{"pubKey":"Bf1nX+cc1P54VNk7sSrbYg70LnYFaqGIBTpDtUWkXChU","privKey":"4NuJBnkhBQdYUg33wYxTXi55nFihY9huw5uCZbjDak8="},"lastRemoteEphemeralKey":"BXNexOA8j/jSowcEikrWc2S5YZ5EPke8WS5pcSHpQCIm","previousCounter":0,"rootKey":"rKXDwCTX/dY1DxB8Hkad0mpePLed3SkC/yoic7PkWis="},"indexInfo":{"baseKey":"BR7+VA1oGdPeKuqB9FiCVNJD0cNXRUfggI6+uQnNCVN9","baseKeyType":1,"closed":-1,"used":1714106299263,"created":1714106299263,"remoteIdentityKey":"BfajHXeV+m65Nr8r66NLdYOUNGgXt8SGlXpBny6GYvRj"},"_chains":{"Bf1nX+cc1P54VNk7sSrbYg70LnYFaqGIBTpDtUWkXChU":{"chainKey":{"counter":0,"key":"U5gayZmdgnc18Wa6o51o90bDONVet7nf2/81ieAdpYk="},"chainType":1,"messageKeys":{}}},"pendingPreKey":{"signedKeyId":18,"baseKey":"BR7+VA1oGdPeKuqB9FiCVNJD0cNXRUfggI6+uQnNCVN9","preKeyId":9108273}}},"version":"v1"}