{"_sessions":{"Bcr/WQjrUUNfidbwCPgCXq5DhP5AKH6Zbl6X66mqSeBI":{"registrationId":1235538112,"currentRatchet":{"ephemeralKeyPair":{"pubKey":"BY/mn/bmUsj/+eZlXxfBD8M8KdJCOr2E1OeeWvYZJBla","privKey":"gN5W/DODafysIyTn+W+Rp0F7XWMW87D2qTrXjEi8Bl4="},"lastRemoteEphemeralKey":"BTA5OQsJfrP+L1aQO2rTZaN8qKKvN6up9y78py5+K/pB","previousCounter":0,"rootKey":"gK9LccsnaIBDCXpZEyNVVoNoGkZt7GO/YCxN+FaGhn4="},"indexInfo":{"baseKey":"Bcr/WQjrUUNfidbwCPgCXq5DhP5AKH6Zbl6X66mqSeBI","baseKeyType":1,"closed":-1,"used":1714085805458,"created":1714085805458,"remoteIdentityKey":"BcTAq1LNA9ttQesTcm21/VA16UsYco6ElWvhGaSRfAt8"},"_chains":{"BY/mn/bmUsj/+eZlXxfBD8M8KdJCOr2E1OeeWvYZJBla":{"chainKey":{"counter":20,"key":"ROjVUk69WETpE7/ZhpnnJmglZzq6D+E9a+sdJhlgVCA="},"chainType":1,"messageKeys":{}}},"pendingPreKey":{"signedKeyId":0,"baseKey":"Bcr/WQjrUUNfidbwCPgCXq5DhP5AKH6Zbl6X66mqSeBI","preKeyId":6147461}}},"version":"v1"}