{"_sessions":{"BUMcrwgTybDncxctY1ubsKmA7rNl/E4pHMIqT9CcuWZR":{"registrationId":2012569114,"currentRatchet":{"ephemeralKeyPair":{"pubKey":"BWDKMcJE6gI+jWhFzKagG3vI5rYGyoXUbPNqk81Io1Fc","privKey":"OBtshdIJYgkO3abek9Tf36mT8TZW0txVJ+drr98TEGQ="},"lastRemoteEphemeralKey":"BRxkJaYgc3iOl1lsuwLFeFNG485peSk9Sl7UJeP3u3d8","previousCounter":0,"rootKey":"mWzrB0XBRlZTUS5N79/Kiw3GO0/rtSu2cz/8peM8F7w="},"indexInfo":{"baseKey":"BUMcrwgTybDncxctY1ubsKmA7rNl/E4pHMIqT9CcuWZR","baseKeyType":1,"closed":-1,"used":1714106299283,"created":1714106299283,"remoteIdentityKey":"Bee/N/AWM3MJL/RcC0dAghNbdk8qf2LlIm8wyjV6tqV/"},"_chains":{"BWDKMcJE6gI+jWhFzKagG3vI5rYGyoXUbPNqk81Io1Fc":{"chainKey":{"counter":0,"key":"fdabvdej+DcW5Nd5yT7Dy27hmu+W8jsc5COIWTM5bkM="},"chainType":1,"messageKeys":{}}},"pendingPreKey":{"signedKeyId":5,"baseKey":"BUMcrwgTybDncxctY1ubsKmA7rNl/E4pHMIqT9CcuWZR","preKeyId":1992681}}},"version":"v1"}