{"_sessions":{"BXa+3zthWpBjPyqhIjmtIrOS2+CaaJsGu0gsqz7NSY80":{"registrationId":2989,"currentRatchet":{"ephemeralKeyPair":{"pubKey":"BbeZaOFsR61kPaPEHVUJlmQdoB7hoypWNqUuWVy78wBc","privKey":"4CKRNPDSINv4M3NUsf8FGjo3cilUbh3dxjiFyk6Xsm0="},"lastRemoteEphemeralKey":"BTiCkLho3wvZDARXujG8QPZQV8qUGSAt+OTpUhjr7gBK","previousCounter":0,"rootKey":"RYy2zJAghtrNy80NtNJ4Yyq9A1zLkdJvCK3Xj62yQEs="},"indexInfo":{"baseKey":"BXa+3zthWpBjPyqhIjmtIrOS2+CaaJsGu0gsqz7NSY80","baseKeyType":1,"closed":-1,"used":1714085805226,"created":1714085805226,"remoteIdentityKey":"BeKDHJX64Iy20qUSRpafGyKdvAxacUyZ2x17t8kNvlYr"},"_chains":{"BbeZaOFsR61kPaPEHVUJlmQdoB7hoypWNqUuWVy78wBc":{"chainKey":{"counter":20,"key":"NZh1WJrUi/wwmt+ZmzjelsN9RnpbLPGhNqiSwpxM0gs="},"chainType":1,"messageKeys":{}}},"pendingPreKey":{"signedKeyId":1,"baseKey":"BXa+3zthWpBjPyqhIjmtIrOS2+CaaJsGu0gsqz7NSY80"}}},"version":"v1"}