{"_sessions":{"BaX9EPl03P1GS5KXy34BA72MmGsDBxhgmbmmkZ08n+oT":{"registrationId":470181137,"currentRatchet":{"ephemeralKeyPair":{"pubKey":"BYEtMyAdlNvlZrwJDjKL5frNmWTSjjLbtzFuR14l01o+","privKey":"EAH4MarTJ8JGqrgFejnPmEOt4LoiS2FEkJCaUYEV0mc="},"lastRemoteEphemeralKey":"BXefYY/Y+kgFyPyQECEOkyoYsJxbLHSqeO1dz5Pm9+4O","previousCounter":0,"rootKey":"/f7uH9uvQBM0oF2j03zbfucCBMZPhhT++g4iE2Ps6Eo="},"indexInfo":{"baseKey":"BaX9EPl03P1GS5KXy34BA72MmGsDBxhgmbmmkZ08n+oT","baseKeyType":1,"closed":-1,"used":1714106299257,"created":1714106299257,"remoteIdentityKey":"BTCGCmgrJCo97e/4vUQ0E5dz6fnPTQyG8qkJQELW+4R4"},"_chains":{"BYEtMyAdlNvlZrwJDjKL5frNmWTSjjLbtzFuR14l01o+":{"chainKey":{"counter":0,"key":"dl2p+egKmIwxkpF3KPAO1msbG0CUInCB7Mmm6ESLPVY="},"chainType":1,"messageKeys":{}}},"pendingPreKey":{"signedKeyId":1,"baseKey":"BaX9EPl03P1GS5KXy34BA72MmGsDBxhgmbmmkZ08n+oT","preKeyId":16644918}}},"version":"v1"}