{"_sessions":{"Beze7Y7CuEA81XjRmoZgfFwSf1xPQ6PrLjtWUnjkSukP":{"registrationId":213306631,"currentRatchet":{"ephemeralKeyPair":{"pubKey":"Bc8zID1rrKhJ2IlUvURWWSCId1NNpQ0aUGdUmpa5ap8m","privKey":"gNRrTeDVYR4f6AZo5Fdqthz7/pajuBFF4yBR2JXXdmQ="},"lastRemoteEphemeralKey":"Ba74CYHCJWr/ZfF+7Sq2rQ7F6nG9ygYt5KjN38iIGEsX","previousCounter":0,"rootKey":"38UqWGKFC9cPmySsr8cwVAErU/Cz3lJtBuk8kDL8Q5A="},"indexInfo":{"baseKey":"Beze7Y7CuEA81XjRmoZgfFwSf1xPQ6PrLjtWUnjkSukP","baseKeyType":2,"closed":-1,"used":1714085452930,"created":1714085452930,"remoteIdentityKey":"BVtFptwt5tL1XXEr1T6z5dyDEjRy5TpymyxxlntuVZ1L"},"_chains":{"Ba74CYHCJWr/ZfF+7Sq2rQ7F6nG9ygYt5KjN38iIGEsX":{"chainKey":{"counter":0,"key":"PNk89d1wbwqMeHsXxdtk5XqdrVh326UqG3Yvcp4Q26s="},"chainType":2,"messageKeys":{}},"Bc8zID1rrKhJ2IlUvURWWSCId1NNpQ0aUGdUmpa5ap8m":{"chainKey":{"counter":20,"key":"rTxH6v0O3VVstWov0fHTvZsX4wXJtiHbW7VaIzi1s9w="},"chainType":1,"messageKeys":{}}}}},"version":"v1"}