{"_sessions":{"BU9k7KhMhDGUfCYvvUFtiltA2EnIYtz1aGcww51K9tsD":{"registrationId":491801271,"currentRatchet":{"ephemeralKeyPair":{"pubKey":"BROwfy+RcYG7EpQ1/NW1nZjgdlCjgWwC7AGZRcJPUAsQ","privKey":"aO0CnzTGBMJs1FufH5dv5TbR//nxe7jjWAonB2n5SmU="},"lastRemoteEphemeralKey":"BQWWs12YjurB/zgUcSQ8J4CwbqDt8tYGTossNJclNlZp","previousCounter":0,"rootKey":"6UjBVhZuH2Aql6X7dYhsaoa9gaIWRW3Bj0I6a4wi2BE="},"indexInfo":{"baseKey":"BU9k7KhMhDGUfCYvvUFtiltA2EnIYtz1aGcww51K9tsD","baseKeyType":1,"closed":-1,"used":1714085805521,"created":1714085805521,"remoteIdentityKey":"BbGct8Dv9RMZD8Y7oVVnfcFPhjPb0dfF+2f7JLur9OFY"},"_chains":{"BROwfy+RcYG7EpQ1/NW1nZjgdlCjgWwC7AGZRcJPUAsQ":{"chainKey":{"counter":20,"key":"zL2Z0DtXMGnyFYVJZZeJhvaGaeFAuTyeO6ZXNt+quSA="},"chainType":1,"messageKeys":{}}},"pendingPreKey":{"signedKeyId":40,"baseKey":"BU9k7KhMhDGUfCYvvUFtiltA2EnIYtz1aGcww51K9tsD","preKeyId":14297225}}},"version":"v1"}