{"_sessions":{"BTu3q2+L6PGAHxsJd7mL+R31lZOiZf91U8S6iVikYz92":{"registrationId":1278900234,"currentRatchet":{"ephemeralKeyPair":{"pubKey":"BUhNgooYPGUDKREQhisizonh7h3yrhTUDoaDSX074IUk","privKey":"cDdRfYm/R85lKIxIOjVC6UAU1q+JFYpjAJRpC33S7l4="},"lastRemoteEphemeralKey":"BftAo+wQ8WysgPwnNbluf1FaZIN5FfSZOiqwIrsH9x1S","previousCounter":0,"rootKey":"P1T2xqo33FYpTdLvZLFZ3eVipBr5XF3/HgzR1RiSh5g="},"indexInfo":{"baseKey":"BTu3q2+L6PGAHxsJd7mL+R31lZOiZf91U8S6iVikYz92","baseKeyType":1,"closed":1714109928017,"used":1714086614799,"created":1714085805328,"remoteIdentityKey":"BVqWs9/Gqe4QnvNswSTI+FAw+S4azZHgka2BwRS3m4ci"},"_chains":{"BftAo+wQ8WysgPwnNbluf1FaZIN5FfSZOiqwIrsH9x1S":{"chainKey":{"counter":0,"key":"DPm1q9Mf3UqOd1ldHr1C2dMlvm/FC3o5P1BNgjJ355E="},"chainType":2,"messageKeys":{}},"BUhNgooYPGUDKREQhisizonh7h3yrhTUDoaDSX074IUk":{"chainKey":{"counter":14,"key":"xJaN6fPYtM/nVMsh4IjhsUnplQf8z3w+PWEsD7bYUjY="},"chainType":1,"messageKeys":{}}}},"BWUT3yQHiRxNM+I6mohREkcDtTqCKR2exyLkqxrYIOUP":{"registrationId":1278900234,"currentRatchet":{"ephemeralKeyPair":{"pubKey":"BcvwpgXUQZAZe6/FnEBY9AOyDg3zK/nlnLvy6sDmVy1S","privKey":"eLz+YUj/D/MjAl6sIxBdF3YbItw83LK5LcTMLip+4ls="},"lastRemoteEphemeralKey":"BYZyigfFmWYUYmNs3KUhvKIAx+QJOPL4lzWn6bOTxM0d","previousCounter":0,"rootKey":"JpKUz24CaEIE3yBjt/dnqsvlAXmaUIWO057KpMMqGSM="},"indexInfo":{"baseKey":"BWUT3yQHiRxNM+I6mohREkcDtTqCKR2exyLkqxrYIOUP","baseKeyType":2,"closed":-1,"used":1714109928023,"created":1714109928023,"remoteIdentityKey":"BVqWs9/Gqe4QnvNswSTI+FAw+S4azZHgka2BwRS3m4ci"},"_chains":{"BYZyigfFmWYUYmNs3KUhvKIAx+QJOPL4lzWn6bOTxM0d":{"chainKey":{"counter":0,"key":"MWETGyZJH8D0QazRt5zioXSi8MUoPQLor+mtaa5kzMA="},"chainType":2,"messageKeys":{}},"BcvwpgXUQZAZe6/FnEBY9AOyDg3zK/nlnLvy6sDmVy1S":{"chainKey":{"counter":4,"key":"phEzwCPgL4AhLXfWUEFXgHLSEYk5gfeNBeoIHW1APjA="},"chainType":1,"messageKeys":{}}}}},"version":"v1"}