{"_sessions":{"BdSGPNCl9BaI+oOQmJtKTxIUaqd1w334r5X5tR7g2tgB":{"registrationId":2042453404,"currentRatchet":{"ephemeralKeyPair":{"pubKey":"BSl5oLXnojZrD2XvSQaKqFvJgT2Oi9fXM9eewSDIsoYT","privKey":"sCP3rtuM0KqJ0iw8Ff25iYsI4P+/Z/rfgAlm61fmF3w="},"lastRemoteEphemeralKey":"Bd8eWCVIVDPdvB2jegWdPbWo+V8xXIKGRa55MCgFd/Vt","previousCounter":0,"rootKey":"fGpi2duZn1dtISx+QjD0PU0IuQ4i/eNn+YQcU086CkQ="},"indexInfo":{"baseKey":"BdSGPNCl9BaI+oOQmJtKTxIUaqd1w334r5X5tR7g2tgB","baseKeyType":1,"closed":-1,"used":1714085843150,"created":1714085843150,"remoteIdentityKey":"BTXcTHfoN4CuddaKSZujPO4OsLQpMwBTM0UpwJ4DRukW"},"_chains":{"BSl5oLXnojZrD2XvSQaKqFvJgT2Oi9fXM9eewSDIsoYT":{"chainKey":{"counter":0,"key":"HCrUe3qswxaxjhQymDM20tpj3yjAZRVn2QpTVh0BrUw="},"chainType":1,"messageKeys":{}}},"pendingPreKey":{"signedKeyId":4,"baseKey":"BdSGPNCl9BaI+oOQmJtKTxIUaqd1w334r5X5tR7g2tgB","preKeyId":4714950}}},"version":"v1"}