{"_sessions":{"BdVUGtuaCtubVsFqeQSNObOfO5hchlWZAHcMmrq/lm1n":{"registrationId":927129885,"currentRatchet":{"ephemeralKeyPair":{"pubKey":"BXPd4+carT7CJCgyVXrQDWT6j9Q6jvsPjCYYbzllBOk1","privKey":"sFoas2nYiZeDvFneDGcsWnWNN3Y6oKWq4F0V4hoyRFk="},"lastRemoteEphemeralKey":"BUfYKI7rJVT7nAdwGzW7Et6LRIppu+J/72LYwezvgLNB","previousCounter":0,"rootKey":"J6W/g05MxRIAXX2DGZxP8sF6JhvJnsGWs4gHs8P4Auo="},"indexInfo":{"baseKey":"BdVUGtuaCtubVsFqeQSNObOfO5hchlWZAHcMmrq/lm1n","baseKeyType":1,"closed":-1,"used":1714085843174,"created":1714085843174,"remoteIdentityKey":"BTx6YNqXR63QrEnQOYETnLe1xxlsOoZGgoY5bN3/PTE5"},"_chains":{"BXPd4+carT7CJCgyVXrQDWT6j9Q6jvsPjCYYbzllBOk1":{"chainKey":{"counter":0,"key":"QF8hH/59posYJMsvwhEfAQgJb1JwIqnnXhOfCC6B/8c="},"chainType":1,"messageKeys":{}}},"pendingPreKey":{"signedKeyId":4,"baseKey":"BdVUGtuaCtubVsFqeQSNObOfO5hchlWZAHcMmrq/lm1n","preKeyId":11391926}}},"version":"v1"}