{"_sessions":{"Bb9NjedP0MOX/n27AousgxaKctgFG1TEnJEXUb2lIpxC":{"registrationId":507859896,"currentRatchet":{"ephemeralKeyPair":{"pubKey":"BX6zFLcPrexN97puQ8IT9pMr5LqFIPRbJ74Ql/fi6BBf","privKey":"AIYR4OPz6xZ17j0b+9XtcPySG7+TgtJpnBdUYK/Zel0="},"lastRemoteEphemeralKey":"BWkxItqHE84rViJYQBI3THtYENffepAMkc6UwelbtMkX","previousCounter":0,"rootKey":"YT9bNuH11tf2TU+R0RwvqbFtJFFyOwnP/CQM5Qa9KVU="},"indexInfo":{"baseKey":"Bb9NjedP0MOX/n27AousgxaKctgFG1TEnJEXUb2lIpxC","baseKeyType":1,"closed":-1,"used":1714085805553,"created":1714085805553,"remoteIdentityKey":"BbbxZKqBssml6G/t+Yyh+7r5oR1GuuZBvyuUGk7k15oT"},"_chains":{"BX6zFLcPrexN97puQ8IT9pMr5LqFIPRbJ74Ql/fi6BBf":{"chainKey":{"counter":20,"key":"W0suVyR8NBIWlFVTE0YyEvXp55uRVCKZRQRaVrGBejo="},"chainType":1,"messageKeys":{}}},"pendingPreKey":{"signedKeyId":1,"baseKey":"Bb9NjedP0MOX/n27AousgxaKctgFG1TEnJEXUb2lIpxC","preKeyId":5427725}}},"version":"v1"}