{"_sessions":{"BUaCZa+motenZBixn7m74xc7xpd8GHDzP9MGXRlWucJj":{"registrationId":935282722,"currentRatchet":{"ephemeralKeyPair":{"pubKey":"BVusUpGsm1Ob/FB3Mh2UKlu3YSYjsP6CDQW4nElauUAG","privKey":"cFD1JFn925Bsj2cJyQCK447ATrJdfEfyqtKsd3zKmkA="},"lastRemoteEphemeralKey":"BUjFx6iK2e2TVSkjErtF2lGi9zrMtXcV+ZxEjduXR9sk","previousCounter":0,"rootKey":"Vetuf/0UOs+BLFeDFa7sbDzeFohwPejbbAbGKy/VcCw="},"indexInfo":{"baseKey":"BUaCZa+motenZBixn7m74xc7xpd8GHDzP9MGXRlWucJj","baseKeyType":1,"closed":-1,"used":1714085805323,"created":1714085805323,"remoteIdentityKey":"BZcpJ+3d2Vu85ebDOePboC9YmPk2k58F1ZLcpryeQX4s"},"_chains":{"BVusUpGsm1Ob/FB3Mh2UKlu3YSYjsP6CDQW4nElauUAG":{"chainKey":{"counter":20,"key":"+V5xkY5c6h5Yrh1n2QWtRJ1sexQcT0GTkuT4jkQcxzM="},"chainType":1,"messageKeys":{}}},"pendingPreKey":{"signedKeyId":24,"baseKey":"BUaCZa+motenZBixn7m74xc7xpd8GHDzP9MGXRlWucJj","preKeyId":15079154}}},"version":"v1"}