{"_sessions":{"BSvvNQ2MSWpTJCKqHNuExk1ldgHDjFr+plIVvolpvaN7":{"registrationId":111451774,"currentRatchet":{"ephemeralKeyPair":{"pubKey":"BcFSY6jWuj1V7KiaFODhfO7z5218VO8P1SnArwU7InNv","privKey":"cE6ulpx5ROS9HcThznNkWxJUejVDHx91i3e4fdGTZGE="},"lastRemoteEphemeralKey":"BelbFRdM9pD3fynuJVEysNJlMILDQZs2c/m1+tZ+4WNP","previousCounter":0,"rootKey":"tCu6sgcVPMBCXYnGCFctvKfCwcgvsknAH94+DZ3/Uh0="},"indexInfo":{"baseKey":"BSvvNQ2MSWpTJCKqHNuExk1ldgHDjFr+plIVvolpvaN7","baseKeyType":2,"closed":-1,"used":1714111464871,"created":1714106204963,"remoteIdentityKey":"BRvfp60cGFBtkoo5e5ywb9634TaHlmBK3EgatDP06xZK"},"_chains":{"Bapq1XbJKRKgwRy8aQq5Li+vrmumpWF6MfTbyaZAxPlw":{"chainKey":{"counter":0},"chainType":2,"messageKeys":{}},"BelbFRdM9pD3fynuJVEysNJlMILDQZs2c/m1+tZ+4WNP":{"chainKey":{"counter":0,"key":"1MpeB8m8C7gZG838IgmEdjfY2kMsmJC+klEs07mY+00="},"chainType":2,"messageKeys":{}},"BcFSY6jWuj1V7KiaFODhfO7z5218VO8P1SnArwU7InNv":{"chainKey":{"counter":-1,"key":"XQg2/MPq/UEOOXl4zGBGdZYgBnA61uQy72S4sN136oM="},"chainType":1,"messageKeys":{}}}}},"version":"v1"}