{"_sessions":{"BXevQ/7C62KrXpvZeaHhVmgmXFtadDIGHb7Rk+dPg0t0":{"registrationId":463672373,"currentRatchet":{"ephemeralKeyPair":{"pubKey":"BUy2TQrZAYHrtTcr4tpmUbeXrrY8X2D8LYXwQ9ag4rxe","privKey":"uEN8DoWGJQiEx9XmIMGuoPdkXP2qgkyQnJoOlaGFjV0="},"lastRemoteEphemeralKey":"BU6c/9NBxAXCO6i5UbMQ6kBUVonN5Jl+V5jLsdo7O3hD","previousCounter":0,"rootKey":"6/obDRrB6D5HAraV9qWCOFsQYMiMi2CcwS1O0fVVkT4="},"indexInfo":{"baseKey":"BXevQ/7C62KrXpvZeaHhVmgmXFtadDIGHb7Rk+dPg0t0","baseKeyType":1,"closed":-1,"used":1714106299276,"created":1714106299276,"remoteIdentityKey":"Be9EIeoDY9ll3FkvAezYKnPPrpjt0puXEhi/xHjFHrYm"},"_chains":{"BUy2TQrZAYHrtTcr4tpmUbeXrrY8X2D8LYXwQ9ag4rxe":{"chainKey":{"counter":0,"key":"lXcXH0YA9wPyA3/j25NYR0sX3D05P8516k853QWM/Rw="},"chainType":1,"messageKeys":{}}},"pendingPreKey":{"signedKeyId":11,"baseKey":"BXevQ/7C62KrXpvZeaHhVmgmXFtadDIGHb7Rk+dPg0t0","preKeyId":6466775}}},"version":"v1"}