{"_sessions":{"BcM1UR64glqB5VMbaq6eG+escpC80PtG5uEqJ6TMDepR":{"registrationId":1437256177,"currentRatchet":{"ephemeralKeyPair":{"pubKey":"BXQ3Qa4/nI+QeUn60jNVDZ2LyOYucOgL0GRUFgqeJwsA","privKey":"CHUtb5n6qu+0c//hP0GH4h5zRBsC5Tdd+gAga98K8lE="},"lastRemoteEphemeralKey":"BZuq+fbp3SxzKahvGSySQBoFotCplMV6ErbL5AlW6ctQ","previousCounter":0,"rootKey":"ZY4zRn4AqcENcacCPYf9gjWYpNmTe1UeBwhzuvC6kjw="},"indexInfo":{"baseKey":"BcM1UR64glqB5VMbaq6eG+escpC80PtG5uEqJ6TMDepR","baseKeyType":1,"closed":-1,"used":1714085805302,"created":1714085805302,"remoteIdentityKey":"BXRgSTK9OH76zjnAoVzmPGznoA8X9a4sHaAzeXJHMoh0"},"_chains":{"BXQ3Qa4/nI+QeUn60jNVDZ2LyOYucOgL0GRUFgqeJwsA":{"chainKey":{"counter":20,"key":"D8wm6jhHsM0hHe4LyXS78bPCj/Scswu8lrI0F+O/qnI="},"chainType":1,"messageKeys":{}}},"pendingPreKey":{"signedKeyId":22,"baseKey":"BcM1UR64glqB5VMbaq6eG+escpC80PtG5uEqJ6TMDepR","preKeyId":9143978}}},"version":"v1"}