{"_sessions":{"BTU1y6nUdct+TiywHrzwTT3Q6ovIJicFS5vej4ftV74v":{"registrationId":476418248,"currentRatchet":{"ephemeralKeyPair":{"pubKey":"BYeGMos5L1zu0ZNMm9tnpPOUsE2z7ZPEYnYLIdP9ZkxQ","privKey":"oNHdse/XHFU2qHZ4M05PstsYxEyByHdxJ8x5hMkrbHg="},"lastRemoteEphemeralKey":"BZqN4tYcbSId8NbG1iXSHtyqsfSl4f8ne28ByVb71esW","previousCounter":0,"rootKey":"qjCAIyLKaJsAt4dogEc0IQQdklHpP03RQ/Ry7LGrO+c="},"indexInfo":{"baseKey":"BTU1y6nUdct+TiywHrzwTT3Q6ovIJicFS5vej4ftV74v","baseKeyType":1,"closed":-1,"used":1714085805634,"created":1714085805634,"remoteIdentityKey":"BU8LtBQj/w/WjSv+u6iK7C2MYQFQnQyGQPO4cnPpB9Am"},"_chains":{"BYeGMos5L1zu0ZNMm9tnpPOUsE2z7ZPEYnYLIdP9ZkxQ":{"chainKey":{"counter":20,"key":"3fzeHRELzBeFRvNqXMnOVqu9TWbh28mqzJPOX+u6jj0="},"chainType":1,"messageKeys":{}}},"pendingPreKey":{"signedKeyId":12970186,"baseKey":"BTU1y6nUdct+TiywHrzwTT3Q6ovIJicFS5vej4ftV74v","preKeyId":11909}}},"version":"v1"}