{"_sessions":{"BZbQfGVf2xO/UH3gJvbe+41Fbws+bUQZgiwxeLhUZUt+":{"registrationId":744136624,"currentRatchet":{"ephemeralKeyPair":{"pubKey":"Bep8BmPSEPlNzhM5IwzsQFkVGz2JTbxHKruL2hVxEBhQ","privKey":"wPym8VQW6aCT1+cU1ryrJkDMC39yOXO2FFsXTX8pYG0="},"lastRemoteEphemeralKey":"BYoYka+rZMQqNhqnwl0mOPpMSOk+uX77+PcIUhYv9eVg","previousCounter":0,"rootKey":"XNzB6wTONC/kCJk4aiGnMmbSoRy7F1Tf0VbJ1YYv74c="},"indexInfo":{"baseKey":"BZbQfGVf2xO/UH3gJvbe+41Fbws+bUQZgiwxeLhUZUt+","baseKeyType":1,"closed":-1,"used":1714085805736,"created":1714085805736,"remoteIdentityKey":"BZS9rBzJHWeD/R1ajmVkr1YdrVZU33AZoeRWDBZEuCgO"},"_chains":{"Bep8BmPSEPlNzhM5IwzsQFkVGz2JTbxHKruL2hVxEBhQ":{"chainKey":{"counter":20,"key":"RyZWEfzYI/p+6LP8MYtI/H7PppzmWM4Q0CavP+oPneE="},"chainType":1,"messageKeys":{}}},"pendingPreKey":{"signedKeyId":19,"baseKey":"BZbQfGVf2xO/UH3gJvbe+41Fbws+bUQZgiwxeLhUZUt+","preKeyId":1195346}}},"version":"v1"}