{"_sessions":{"Bf6Nizy40pfZghKbsMyxtxDQmnSxJlzl9GckukOZG5FJ":{"registrationId":1332168662,"currentRatchet":{"ephemeralKeyPair":{"pubKey":"BWnTSZI54DnnufY0VNB9AlCouLLLbbELsBRKFbbOJhkY","privKey":"mLhPZeI1mlhdWipCtiQrk0kDRrNCCRifc6hjeHBXWH4="},"lastRemoteEphemeralKey":"BcrSe0kMn5JOvA3K8nAmx/gw3X3HNRYQsBWWsh28dvVf","previousCounter":0,"rootKey":"nJ5hBQTt5qCAhMZAm7Nh0IwJ/BsaA9NpvjxoTcHDyvE="},"indexInfo":{"baseKey":"Bf6Nizy40pfZghKbsMyxtxDQmnSxJlzl9GckukOZG5FJ","baseKeyType":1,"closed":-1,"used":1714085805069,"created":1714085805069,"remoteIdentityKey":"BXfmS9tiqD8T3qFuWjX5WsAb/DqS5lQrIYS4PWj7Y/pU"},"_chains":{"BWnTSZI54DnnufY0VNB9AlCouLLLbbELsBRKFbbOJhkY":{"chainKey":{"counter":20,"key":"1AeA9cxcHuFpLrH7NZS1JwPTHbrPdb+s6gqaA6x5YkI="},"chainType":1,"messageKeys":{}}},"pendingPreKey":{"signedKeyId":1,"baseKey":"Bf6Nizy40pfZghKbsMyxtxDQmnSxJlzl9GckukOZG5FJ","preKeyId":7123054}}},"version":"v1"}