{"_sessions":{"BWAA6RMDjJHRcAGknEIA4yyxc3opegc9+XRshu0fxkUk":{"registrationId":1418506202,"currentRatchet":{"ephemeralKeyPair":{"pubKey":"BXRmTIj8YL+VeMGvqrLR0+hNz4VNEmH2u1fjQ4yIYX4L","privKey":"AMsAJB0RzoMXg/AJ1Okb3VHKJJqBg3dewxC24W/l+2I="},"lastRemoteEphemeralKey":"Bd3neYJrPS0mK8J8SvemGYbDlEPtdBb9ulmCjdgaSLsB","previousCounter":0,"rootKey":"GbrskY29XvAfvkIpkZr5t5bEW7RO8gXZuhD/8gDDTfQ="},"indexInfo":{"baseKey":"BWAA6RMDjJHRcAGknEIA4yyxc3opegc9+XRshu0fxkUk","baseKeyType":1,"closed":-1,"used":1714085805588,"created":1714085805588,"remoteIdentityKey":"Bb+c2iwn/RcN+7sLb1hv+S+3nFv270hBv0MDvrjRanRq"},"_chains":{"BXRmTIj8YL+VeMGvqrLR0+hNz4VNEmH2u1fjQ4yIYX4L":{"chainKey":{"counter":20,"key":"hcFIaGHBEhDGI1RByTfn7/aGQl0NzIDPoXBoPCs3qhc="},"chainType":1,"messageKeys":{}}},"pendingPreKey":{"signedKeyId":3,"baseKey":"BWAA6RMDjJHRcAGknEIA4yyxc3opegc9+XRshu0fxkUk","preKeyId":4441547}}},"version":"v1"}