{"_sessions":{"Bc/4ClYGy2LJQ/J7DS9NmBWOT0OZA9H9mH4jPd2t5iZm":{"registrationId":1443757005,"currentRatchet":{"ephemeralKeyPair":{"pubKey":"BfgblOH9rsnd7vaS+Ukk0jo+mILVuZ64AunvUlU4RzVz","privKey":"OPxoX5/8Qc6tpYyC9bHr3JNXAhyhqBGgoe6B48EfNnY="},"lastRemoteEphemeralKey":"BYUBA8Dq+caLRepdCCXvnb7nFw1VMmet8w56NYEClxpR","previousCounter":0,"rootKey":"8GdGouK4tVaF5GdFJfm2QjaMq6lWBvL3IjOweA6VgVY="},"indexInfo":{"baseKey":"Bc/4ClYGy2LJQ/J7DS9NmBWOT0OZA9H9mH4jPd2t5iZm","baseKeyType":1,"closed":-1,"used":1714106299339,"created":1714106299339,"remoteIdentityKey":"BZh+qB6ESKC9+E8tjDTBjPliu+LEm6sKKLcyZe2qIwN3"},"_chains":{"BfgblOH9rsnd7vaS+Ukk0jo+mILVuZ64AunvUlU4RzVz":{"chainKey":{"counter":0,"key":"USRigqQ7xoL+SOIlbEUE+8LM0PI6++SdszU+3Z9sb8A="},"chainType":1,"messageKeys":{}}},"pendingPreKey":{"signedKeyId":1,"baseKey":"Bc/4ClYGy2LJQ/J7DS9NmBWOT0OZA9H9mH4jPd2t5iZm","preKeyId":9243167}}},"version":"v1"}