{"_sessions":{"BeBJuC51y0erMJHWZbeL8kvL+VpXnmh+U/RYBp3dfNoE":{"registrationId":297785849,"currentRatchet":{"ephemeralKeyPair":{"pubKey":"BYsDqDtMUxjhv+6h4/gLOtibR+PANUZoNQ0krIyFnfE9","privKey":"sEqsLzmTJmLv7DxvmxCAgpWEnHT52P09dWK2Us1V+FM="},"lastRemoteEphemeralKey":"BVKdKQpJPoTkfLvaGBcuuTxExWlOMMTeNUNzci3I7Dt3","previousCounter":0,"rootKey":"YnKog8rli7cXf4qPurK8g1ATtQcR/rBQsN26EiiFfZI="},"indexInfo":{"baseKey":"BeBJuC51y0erMJHWZbeL8kvL+VpXnmh+U/RYBp3dfNoE","baseKeyType":1,"closed":-1,"used":1714086860657,"created":1714085805354,"remoteIdentityKey":"BRkIJSs3eoJ5AVCYX6mmBzac4oSw6GhI3j/S8qriH61S"},"_chains":{"BVKdKQpJPoTkfLvaGBcuuTxExWlOMMTeNUNzci3I7Dt3":{"chainKey":{"counter":0,"key":"I/sv6vFKD1b3F507ytcWzSdnYk6aI/mx8qdNbZwiQ8w="},"chainType":2,"messageKeys":{}},"BYsDqDtMUxjhv+6h4/gLOtibR+PANUZoNQ0krIyFnfE9":{"chainKey":{"counter":19,"key":"AcBre/i7M2ArRdIp3MjlfC/+Q/Mt+u0sklNSH7tFb4E="},"chainType":1,"messageKeys":{}}}}},"version":"v1"}