{"_sessions":{"BYy2WRREMurjnAHdRCla41dd5KJRrIwAuYtzLKBsqRt+":{"registrationId":1297188558,"currentRatchet":{"ephemeralKeyPair":{"pubKey":"Bb56lIjPI8sCafZLKQVfOM1ZNsxeSOWj7RWY16wS9MsM","privKey":"CD8gIaItrS6odwQ6fAVxSYlWOiJSUHJ6ykuF8SYga3c="},"lastRemoteEphemeralKey":"BfRp3t/rXmX1rONEBpJWXIBTP7w+XpH9r5XAyyBuwXVe","previousCounter":0,"rootKey":"ckaVFHPVf+qU+NkEa7AqeEdeCBCZP25cNG2yyqAn6gg="},"indexInfo":{"baseKey":"BYy2WRREMurjnAHdRCla41dd5KJRrIwAuYtzLKBsqRt+","baseKeyType":1,"closed":-1,"used":1714085805424,"created":1714085805424,"remoteIdentityKey":"BRmOm19ur0xdsRHJDqLfGjs4MRaS72NgKiI2y5ZYpGgq"},"_chains":{"Bb56lIjPI8sCafZLKQVfOM1ZNsxeSOWj7RWY16wS9MsM":{"chainKey":{"counter":20,"key":"v0ev9dBKMAPGGgLNpK2vNfGcpG+wQReAQYW9EHDQnUM="},"chainType":1,"messageKeys":{}}},"pendingPreKey":{"signedKeyId":8,"baseKey":"BYy2WRREMurjnAHdRCla41dd5KJRrIwAuYtzLKBsqRt+","preKeyId":4825974}}},"version":"v1"}