{"_sessions":{"Bf1FQBuyL9owRfB1mZ7Rbfc3sS3g+23DjGqzRhdayFFN":{"registrationId":256927202,"currentRatchet":{"ephemeralKeyPair":{"pubKey":"Be9pBKabPUqyYJECHQugVQhW3kNbxryw5vySRiuMXl9c","privKey":"wJLQq3djFhsS43OVct41trHjMqnhtCSMnVn6RsRWsnE="},"lastRemoteEphemeralKey":"BYXjyHRXtb1sc9RY5+QfhY4GME+lAhxup1hXGsi/BT51","previousCounter":0,"rootKey":"FH9CmP1BhPcB2PuCP2DOe7CvG/Xu0foCzB7dvh/MkC0="},"indexInfo":{"baseKey":"Bf1FQBuyL9owRfB1mZ7Rbfc3sS3g+23DjGqzRhdayFFN","baseKeyType":1,"closed":-1,"used":1714106299326,"created":1714106299326,"remoteIdentityKey":"Bd3BZNXI2etI4oLRUYbYw/xZFXtFCWWb8BIfXrVeZ6VZ"},"_chains":{"Be9pBKabPUqyYJECHQugVQhW3kNbxryw5vySRiuMXl9c":{"chainKey":{"counter":0,"key":"LETh7UyZv4zQ7zytjvKb/UZoVZ7Oce1G10KmmSFGsHg="},"chainType":1,"messageKeys":{}}},"pendingPreKey":{"signedKeyId":0,"baseKey":"Bf1FQBuyL9owRfB1mZ7Rbfc3sS3g+23DjGqzRhdayFFN"}}},"version":"v1"}