{"_sessions":{"BYMtwZJgnRdga8m96on/y0geJ1NW8TrCR3iS6akFh8Mw":{"registrationId":410164206,"currentRatchet":{"ephemeralKeyPair":{"pubKey":"BR/568ClLgmUfVIVeSg7BFO3hkT3z4KTm4JUZqf+uHBW","privKey":"CEwYyKlF4hf3SdJFZqdzacXUmoWfm9plD9j/jfqDmFU="},"lastRemoteEphemeralKey":"BVY/olFaiBiGAfg7leuBSnuVrMZnLxg3g0F3DnYLyHQy","previousCounter":15,"rootKey":"U4LQUY64WYege+rp/hkFf+S4RGd8PqBwJcMh6EjIX80="},"indexInfo":{"baseKey":"BYMtwZJgnRdga8m96on/y0geJ1NW8TrCR3iS6akFh8Mw","baseKeyType":1,"closed":-1,"used":1714107565547,"created":1714085805295,"remoteIdentityKey":"BUzewFKDK1koyHTCkQI84U4MehK8vgzBPevVxe4o2y1T"},"_chains":{"BVY/olFaiBiGAfg7leuBSnuVrMZnLxg3g0F3DnYLyHQy":{"chainKey":{"counter":0,"key":"KWrVblAVVTDdMWFkarcWQsEGBgH5HvWWznFBB/Au0qo="},"chainType":2,"messageKeys":{}},"BR/568ClLgmUfVIVeSg7BFO3hkT3z4KTm4JUZqf+uHBW":{"chainKey":{"counter":4,"key":"ApJMtwWI0pJRi4bjYrNfzQx7ZgP5PYISv4ddnNfMETU="},"chainType":1,"messageKeys":{}}}}},"version":"v1"}