{"_sessions":{"BcLZd5TEQLt6/TyEvsuXQCImEvmUF2aAfL/NOLoQnkFU":{"registrationId":780592524,"currentRatchet":{"ephemeralKeyPair":{"pubKey":"BTQhAqNy7WqH9D8rxALhKpA1LFmkhUyrBSlmezlwDkpX","privKey":"4AnwUZpF4Pum1/tywSMGgWRpGpm9EadL9pGS1Zfwt2s="},"lastRemoteEphemeralKey":"BaGkRZSg+4rIm8LTnCdZ0NWdgNGP/9Ms3CGZYWDatUUe","previousCounter":0,"rootKey":"xXwyhhbulKBin6gGsKrOL2VHpcwszKwSd2NPOQdkhxs="},"indexInfo":{"baseKey":"BcLZd5TEQLt6/TyEvsuXQCImEvmUF2aAfL/NOLoQnkFU","baseKeyType":1,"closed":-1,"used":1714085805731,"created":1714085805731,"remoteIdentityKey":"BWcmIATv24aQ6SNbABX0hjvDWZNF6EdRtQRvAY6/sDxl"},"_chains":{"BTQhAqNy7WqH9D8rxALhKpA1LFmkhUyrBSlmezlwDkpX":{"chainKey":{"counter":20,"key":"/nFZBFg6LlJF6nYhVRMqIHC8fexkvwCtQwvHEMs0E3s="},"chainType":1,"messageKeys":{}}},"pendingPreKey":{"signedKeyId":1,"baseKey":"BcLZd5TEQLt6/TyEvsuXQCImEvmUF2aAfL/NOLoQnkFU","preKeyId":6950093}}},"version":"v1"}