{"_sessions":{"BcqV4KU1R/kW4cmDyHWto0AhTmO8F+om91y9TWhJVvNs":{"registrationId":1921816198,"currentRatchet":{"ephemeralKeyPair":{"pubKey":"BRDJviHotx+Ht9mWyEE6ZbRvXIIlViKuOHk1AcJf6w04","privKey":"mD4PhzH22B6ERgS38dEEdAV694w1ATMJu7OMasA49Uw="},"lastRemoteEphemeralKey":"BToqxHkCavQhyZwv5/DqkJkkuz9gAyjJxpBYYUS0cg0n","previousCounter":0,"rootKey":"tI0aNs96SFomNeO7F1ZQZ8LbwB02xcVZG2CyNJi990k="},"indexInfo":{"baseKey":"BcqV4KU1R/kW4cmDyHWto0AhTmO8F+om91y9TWhJVvNs","baseKeyType":1,"closed":-1,"used":1714085805546,"created":1714085805546,"remoteIdentityKey":"BfM0QUpdEPw1px7/PxBpEF0YD8cKIggeR8v/ounzZaob"},"_chains":{"BRDJviHotx+Ht9mWyEE6ZbRvXIIlViKuOHk1AcJf6w04":{"chainKey":{"counter":20,"key":"63xYscmJRIltnhXC12dFFXxTpgFblD9Xcgl/GbopCxw="},"chainType":1,"messageKeys":{}}},"pendingPreKey":{"signedKeyId":8,"baseKey":"BcqV4KU1R/kW4cmDyHWto0AhTmO8F+om91y9TWhJVvNs"}}},"version":"v1"}