{"_sessions":{"BQb7ARKxVHJ0qmxvlGgI8J6pX9QEJWb0XGPXjesOAvtf":{"registrationId":757773355,"currentRatchet":{"ephemeralKeyPair":{"pubKey":"BfWmjW/J9iwuV34w60g4nkrlHTDDGvCLJZjd5qnJPIET","privKey":"qMO5AlC+Fug0IYhSkTRO5pK1ByUfUI7a0bqmJ5ZfpGs="},"lastRemoteEphemeralKey":"BW/MZZQ55mnEfuRqOMFwNJ4GRAPp//MVt99D4VDctzsn","previousCounter":6,"rootKey":"VyTJiERKiTmL150Vn2wktQp+ofk9goVO7nZx3rCv+Dc="},"indexInfo":{"baseKey":"BQb7ARKxVHJ0qmxvlGgI8J6pX9QEJWb0XGPXjesOAvtf","baseKeyType":1,"closed":-1,"used":1714109802071,"created":1714106011994,"remoteIdentityKey":"BX4Am/vWl0zSSemmMy+VBwO3pmyVdoc/MqpsWHQTnAp0"},"_chains":{"BW/MZZQ55mnEfuRqOMFwNJ4GRAPp//MVt99D4VDctzsn":{"chainKey":{"counter":0,"key":"MDoynTZzIgOY7gaAFJi3psuUIvbMGTegAerv8x5YP5E="},"chainType":2,"messageKeys":{}},"BfWmjW/J9iwuV34w60g4nkrlHTDDGvCLJZjd5qnJPIET":{"chainKey":{"counter":-1,"key":"wrQnRprEnMQ2yfk7Yl791wvBeQNcyxggnsx//+yPZsE="},"chainType":1,"messageKeys":{}}}}},"version":"v1"}