{"_sessions":{"BXZeUrsLDWydsZwif3wuSTebxtvKR6bUTZfIuHhQdqca":{"registrationId":1833182874,"currentRatchet":{"ephemeralKeyPair":{"pubKey":"BSCR82k47DtBF43QE9yOW2FxJFl+K9etqayYAt63d2Qv","privKey":"ENAHKYFsP8/Y6BnWNkg+2GBLryKRPM2IVd9G+sHrUHY="},"lastRemoteEphemeralKey":"BdndXGvAHTl3f45FS13myHVItTHKg0ZPgVEfrGYNiO1R","previousCounter":0,"rootKey":"JiKevQsj/FHKYx5pwStfCfhiJTKEjOVyqD9mMH7qJT0="},"indexInfo":{"baseKey":"BXZeUrsLDWydsZwif3wuSTebxtvKR6bUTZfIuHhQdqca","baseKeyType":1,"closed":-1,"used":1714085805719,"created":1714085805719,"remoteIdentityKey":"BdacPfXY7A2Fh3cgV61Ohb0a6yhb12hBfku8792Wm8o3"},"_chains":{"BSCR82k47DtBF43QE9yOW2FxJFl+K9etqayYAt63d2Qv":{"chainKey":{"counter":20,"key":"llg8Mu2UASx4c5Jm0HIVehKTraOy1W/Mj3JxEA46F6I="},"chainType":1,"messageKeys":{}}},"pendingPreKey":{"signedKeyId":4,"baseKey":"BXZeUrsLDWydsZwif3wuSTebxtvKR6bUTZfIuHhQdqca","preKeyId":426671}}},"version":"v1"}