{"_sessions":{"BRYeUFSJzYMw2VHHQYnU/DcIP41NyiVYORIurE3h0uwE":{"registrationId":387694564,"currentRatchet":{"ephemeralKeyPair":{"pubKey":"BVkMqp/VJtDoBpJjdGW2BUgDxva2EnpUPBxOb4Yd200c","privKey":"aDFS4bM+Wqg2S4znRHYDQJhOHPZsHAjvbqB0h0/PaX0="},"lastRemoteEphemeralKey":"BR8Z73iPgrziGVPri8kdsd2IQq6on1/oVm3P4UDr0uI4","previousCounter":19,"rootKey":"69gWOhYOeBl7iwJ+Lv7efIT4a5Cka7IYKqT7xCtyL4k="},"indexInfo":{"baseKey":"BRYeUFSJzYMw2VHHQYnU/DcIP41NyiVYORIurE3h0uwE","baseKeyType":1,"closed":-1,"used":1714114394329,"created":1714085805724,"remoteIdentityKey":"BXVokqjK+dRuPy/Mzlp5sLUMdvoajWvdZQO9GQMeQsp7"},"_chains":{"BSN1Cg0JM5Xcp+5mU1X+M8ZWyWFYDPbq8KMOrVAgHKZw":{"chainKey":{"counter":0},"chainType":2,"messageKeys":{}},"BR8Z73iPgrziGVPri8kdsd2IQq6on1/oVm3P4UDr0uI4":{"chainKey":{"counter":0,"key":"0ph1r40zBCl+suW4Xj8xVFx76JhGep6j50xZMKZUEoM="},"chainType":2,"messageKeys":{}},"BVkMqp/VJtDoBpJjdGW2BUgDxva2EnpUPBxOb4Yd200c":{"chainKey":{"counter":-1,"key":"82HcU+/12Iw/nNRYIFQx4kykirNf6D3K/Tk2sSWneR4="},"chainType":1,"messageKeys":{}}}}},"version":"v1"}