{"_sessions":{"Befwi+rLYJGmfbZYFPxCvGrB96kuU+C0OWZ3GxfKsdML":{"registrationId":1507874509,"currentRatchet":{"ephemeralKeyPair":{"pubKey":"BSIWZKYzpVMURThDWZ0VP8uJHRP8PWc7AxNzwTHMLxlp","privKey":"0IjaekZxDEXjwNNoFBpCWsquldhh4mAjEHcvuDMKB34="},"lastRemoteEphemeralKey":"Ba61T7Cch8+61hfWqjaNcK2l2PI4w2ZQCYDz9PwB9JVG","previousCounter":0,"rootKey":"4LgHObjDQL66cTF7tO2kNL9iwWplUNQCN41KpG2lu2s="},"indexInfo":{"baseKey":"Befwi+rLYJGmfbZYFPxCvGrB96kuU+C0OWZ3GxfKsdML","baseKeyType":1,"closed":-1,"used":1714085805569,"created":1714085805569,"remoteIdentityKey":"BdtLLKssN8rF9dQ9LnIMKBtDh30cwo0rs6RllWPR1qAc"},"_chains":{"BSIWZKYzpVMURThDWZ0VP8uJHRP8PWc7AxNzwTHMLxlp":{"chainKey":{"counter":20,"key":"6Zh8G91kZ1mj+9Owrn7RCsNp9mX6S6D3e4HbWe+4C3g="},"chainType":1,"messageKeys":{}}},"pendingPreKey":{"signedKeyId":6,"baseKey":"Befwi+rLYJGmfbZYFPxCvGrB96kuU+C0OWZ3GxfKsdML","preKeyId":11086920}}},"version":"v1"}