{"_sessions":{"BUVUq7439OqJn7fmv1sAeDfHDslwu9pyrAsxJUWMiY5d":{"registrationId":902799729,"currentRatchet":{"ephemeralKeyPair":{"pubKey":"BV9CkTuL44lYyMxY1GpzYlq6aNJEI4cSSgjHAiQQG+wJ","privKey":"IPAaULw+fLeMz2gEUdL1OyPy1NMH8fwMJy3g5nUgJmo="},"lastRemoteEphemeralKey":"BXFFadLXw5/B6sKTAZKr4XH4Fbp9kD1Vt6FC4rmPMelF","previousCounter":0,"rootKey":"V+9O/3zQQl5TCJIdoyCC18TRHvGw2p3g6HbeSo+Nq20="},"indexInfo":{"baseKey":"BUVUq7439OqJn7fmv1sAeDfHDslwu9pyrAsxJUWMiY5d","baseKeyType":1,"closed":-1,"used":1714085805688,"created":1714085805688,"remoteIdentityKey":"BQNnmGFYVd4c9cU+Bcqmzn5B8SkfxeVWOygObehKeqMd"},"_chains":{"BV9CkTuL44lYyMxY1GpzYlq6aNJEI4cSSgjHAiQQG+wJ":{"chainKey":{"counter":20,"key":"RjhJfawKjH83WvSuCn/ZQK80ns5NzndASdaeFtJAQ8w="},"chainType":1,"messageKeys":{}}},"pendingPreKey":{"signedKeyId":0,"baseKey":"BUVUq7439OqJn7fmv1sAeDfHDslwu9pyrAsxJUWMiY5d","preKeyId":6035748}}},"version":"v1"}