{"_sessions":{"Bd8Ay0ynsNBqF3za2alB2xgaV+fhyP/omTXIsG9wagZT":{"registrationId":2007354524,"currentRatchet":{"ephemeralKeyPair":{"pubKey":"Bf1sofeVFaO9/XbEmzwDnHPJtx/CMSWlMgOohRbPXrsU","privKey":"uCVVKSAu3EorLB41KOvL+XjXVss66gjTHNxFpxD5Qkw="},"lastRemoteEphemeralKey":"BdKNEUaQ+0rf/kgB0Wa7fgH7TmqKT1LyfyhRhEVZcEtI","previousCounter":0,"rootKey":"KhFXmpUkOY/1QFdzUvkT350yVSNHC5bIW9EJtic8B00="},"indexInfo":{"baseKey":"Bd8Ay0ynsNBqF3za2alB2xgaV+fhyP/omTXIsG9wagZT","baseKeyType":1,"closed":-1,"used":1714085805283,"created":1714085805283,"remoteIdentityKey":"Bcc6S9V4vnm1Uf0l008A/o0ri3gIoZ1gF9UQMYt7qSIh"},"_chains":{"Bf1sofeVFaO9/XbEmzwDnHPJtx/CMSWlMgOohRbPXrsU":{"chainKey":{"counter":20,"key":"xrVNhLI0xt1lXx1nPyG9WD1WopEqHOaA6gdhXuJufo4="},"chainType":1,"messageKeys":{}}},"pendingPreKey":{"signedKeyId":1,"baseKey":"Bd8Ay0ynsNBqF3za2alB2xgaV+fhyP/omTXIsG9wagZT","preKeyId":9447393}}},"version":"v1"}