{"_sessions":{"BUvslE9P9hkKXar33JGouvZUCTLUS/FaQd7WikBJ3yF0":{"registrationId":838027943,"currentRatchet":{"ephemeralKeyPair":{"pubKey":"Bb6QaNRmP/Yw2q462e2HCRETjMlGr8ANxNBoskM4J61P","privKey":"iK09i8bb0JHwzU6i+E/AfsTs4PyQaXgfoI1tEePwAF8="},"lastRemoteEphemeralKey":"BUyxLEH0LdmXv28MqiVl+C859tAqjaHtYfxqoLQmlasI","previousCounter":0,"rootKey":"8D/UgplrOo47nNUILON9AaGcRtf9vZF7+YbM5JRcd3w="},"indexInfo":{"baseKey":"BUvslE9P9hkKXar33JGouvZUCTLUS/FaQd7WikBJ3yF0","baseKeyType":1,"closed":-1,"used":1714085805729,"created":1714085805729,"remoteIdentityKey":"BRVeDYAsejIoFViTqQMvlY6aJvAE1OBlwzGCpfIBFKVN"},"_chains":{"Bb6QaNRmP/Yw2q462e2HCRETjMlGr8ANxNBoskM4J61P":{"chainKey":{"counter":20,"key":"loqVTWQT+WSfJvYwNPooKgQjiqan8c9ZuDE4nZnagk4="},"chainType":1,"messageKeys":{}}},"pendingPreKey":{"signedKeyId":0,"baseKey":"BUvslE9P9hkKXar33JGouvZUCTLUS/FaQd7WikBJ3yF0","preKeyId":5599238}}},"version":"v1"}