{"_sessions":{"Be/vOfR+wXHTPu0gD3WlGOExP9tD/HaJ5apdxKYhoKdP":{"registrationId":2124879456,"currentRatchet":{"ephemeralKeyPair":{"pubKey":"BWW+l5osMJ/Jh+DWy6MmoFvXowrhmvNP2S56DVUTfdR5","privKey":"cKADHfXcW3sAmB5dwqXP7rlDSuCtzOj7qpDKeuzUV0g="},"lastRemoteEphemeralKey":"BdEM2eQ5Buq0lfk5iQBtqATIMA7cvjTSHAExkWW908Y/","previousCounter":0,"rootKey":"gnpMI/LOhvhJ0zPqNscDyqJqodg8nKYSMLe6kNOQecs="},"indexInfo":{"baseKey":"Be/vOfR+wXHTPu0gD3WlGOExP9tD/HaJ5apdxKYhoKdP","baseKeyType":1,"closed":-1,"used":1714085805648,"created":1714085805648,"remoteIdentityKey":"BartYBeBGXtf5fsgOES3dD5l9RA7tjRc1crVjDtyphhE"},"_chains":{"BWW+l5osMJ/Jh+DWy6MmoFvXowrhmvNP2S56DVUTfdR5":{"chainKey":{"counter":20,"key":"wyBU99O9KAX2I6AMOzFbwexqfp9biY54emrR1pS10Gc="},"chainType":1,"messageKeys":{}}},"pendingPreKey":{"signedKeyId":1,"baseKey":"Be/vOfR+wXHTPu0gD3WlGOExP9tD/HaJ5apdxKYhoKdP","preKeyId":10737972}}},"version":"v1"}