{"_sessions":{"BZJ7YcrY+aijW8snTKDQXIN1azBrbUaBcl8p7HQDY15/":{"registrationId":826445662,"currentRatchet":{"ephemeralKeyPair":{"pubKey":"BcJmjP0A/5mB30k3mWMzP9offpjDlWm+tZpGZHSkUP1c","privKey":"6DIh3GlSTPzYJK+Zu+zkc8aGUFbH/QmZN/oh45ksUFE="},"lastRemoteEphemeralKey":"BfbN24PPClOuzGXoMRc4wS/+ubEJsAnMi+1K7jIWHVd5","previousCounter":0,"rootKey":"KVGjRe11eRWenwv6oJXa5S/G0ESTKxjrIRgUBzHMWQU="},"indexInfo":{"baseKey":"BZJ7YcrY+aijW8snTKDQXIN1azBrbUaBcl8p7HQDY15/","baseKeyType":1,"closed":-1,"used":1714085805396,"created":1714085805396,"remoteIdentityKey":"BYxxWjtEjAysDHfmZeHBfbu0AVFZ2xA2voTryHN5OAwQ"},"_chains":{"BcJmjP0A/5mB30k3mWMzP9offpjDlWm+tZpGZHSkUP1c":{"chainKey":{"counter":20,"key":"m/9lZTo6/A+NO6qm0MYnP74Cd9JgQQmWTVkRsysX7oE="},"chainType":1,"messageKeys":{}}},"pendingPreKey":{"signedKeyId":0,"baseKey":"BZJ7YcrY+aijW8snTKDQXIN1azBrbUaBcl8p7HQDY15/","preKeyId":4662326}}},"version":"v1"}