{"_sessions":{"Bb9/KTZ9jfLz9qSQ2rYJpLV+0YAPl28BFJ0aAI8L7vdb":{"registrationId":426967378,"currentRatchet":{"ephemeralKeyPair":{"pubKey":"BdxN2QA/J8xiT6rEmQP2O4bdmumRBwCZT/9yn7nDWtNj","privKey":"8Ni/jLdwLxlZtFhV9pYpTf8Zo8eBKWgghv2iiegvjXk="},"lastRemoteEphemeralKey":"BZSNlqdXwkFTJHndq0jhkJZKvq4BMJGxY0NeW9T5ZodB","previousCounter":0,"rootKey":"jn5SIlXnbK3nkavalxUTCEzJLS4HnW0bay9PnyjMZu0="},"indexInfo":{"baseKey":"Bb9/KTZ9jfLz9qSQ2rYJpLV+0YAPl28BFJ0aAI8L7vdb","baseKeyType":1,"closed":-1,"used":1714085805447,"created":1714085805447,"remoteIdentityKey":"Be9am/JewNc+Ex9ffLgP1kZ6AgGv2/D7CMQqfa6TLV0W"},"_chains":{"BdxN2QA/J8xiT6rEmQP2O4bdmumRBwCZT/9yn7nDWtNj":{"chainKey":{"counter":20,"key":"9Nn6kI1h7fBrll2yl5HHv6pItnOIYqx/zGDSUffaHag="},"chainType":1,"messageKeys":{}}},"pendingPreKey":{"signedKeyId":1,"baseKey":"Bb9/KTZ9jfLz9qSQ2rYJpLV+0YAPl28BFJ0aAI8L7vdb","preKeyId":12968987}}},"version":"v1"}