{"_sessions":{"BRuxUkHmRjn4sCZiS6Toi8ekI5FWOps9m8mhGt8GyEJP":{"registrationId":423725429,"currentRatchet":{"ephemeralKeyPair":{"pubKey":"BeV1hYHcKdYK8XBYkF66+n8vJau5ahme3Nw7By3/B8hq","privKey":"2Ov8MOLsSwyvumJvNr1EOnth2xoHNFAmeH50O2IvtGk="},"lastRemoteEphemeralKey":"BYO4XgD+4fxUStpVQ2pXujhGM63l6MDQTA6rC7PHL3Vs","previousCounter":0,"rootKey":"1hzfDG6rhyb7kg3zDScCP+kuqtz2eFiEhIqlR1PwrfM="},"indexInfo":{"baseKey":"BRuxUkHmRjn4sCZiS6Toi8ekI5FWOps9m8mhGt8GyEJP","baseKeyType":1,"closed":-1,"used":1714085805498,"created":1714085805498,"remoteIdentityKey":"Bdc9CMW4llgUllQT8OBzoMUQKhORyYpfokmLlz7BnmZ3"},"_chains":{"BeV1hYHcKdYK8XBYkF66+n8vJau5ahme3Nw7By3/B8hq":{"chainKey":{"counter":20,"key":"QhZ5sfL+5SrcoBvegYCcBZVkEdK52MfvDP6DT1h8ZrE="},"chainType":1,"messageKeys":{}}},"pendingPreKey":{"signedKeyId":3,"baseKey":"BRuxUkHmRjn4sCZiS6Toi8ekI5FWOps9m8mhGt8GyEJP","preKeyId":3255631}}},"version":"v1"}