{"_sessions":{"BQQCLIDGun9EFO1OqxAKDThl3BWAGwV0SMPsQndByXh/":{"registrationId":1319189931,"currentRatchet":{"ephemeralKeyPair":{"pubKey":"BeyG/N6B9nKZU0L3MciwjFtMhP5bdy7FB2vgPOL136gW","privKey":"SOdJdU0EIHmCA45hnu9na2IQerUI5+BVtceEaDsjBUs="},"lastRemoteEphemeralKey":"BQq7KBLCzp5gGXdn2bTAfcNoO8PeOwPdB5+ed/RN30xV","previousCounter":0,"rootKey":"F54+G8vFqnkk2hd8/wKyfYVBrsgoizpnYeiLYpJito8="},"indexInfo":{"baseKey":"BQQCLIDGun9EFO1OqxAKDThl3BWAGwV0SMPsQndByXh/","baseKeyType":1,"closed":-1,"used":1714085805422,"created":1714085805422,"remoteIdentityKey":"BQXnrKxCvclc3YCA2/TMjbImakEfMx2oTfR0AJbHwIsH"},"_chains":{"BeyG/N6B9nKZU0L3MciwjFtMhP5bdy7FB2vgPOL136gW":{"chainKey":{"counter":20,"key":"NpWZbn+UpJX1Xidi1okLgQlmEf1YNxcHR6n6iLAxILQ="},"chainType":1,"messageKeys":{}}},"pendingPreKey":{"signedKeyId":20,"baseKey":"BQQCLIDGun9EFO1OqxAKDThl3BWAGwV0SMPsQndByXh/","preKeyId":13245239}}},"version":"v1"}