{"_sessions":{"BUN3kFnplJUB8Hjd3GqYmcYl3e8tSfaWt5GE58smnRhY":{"registrationId":478777952,"currentRatchet":{"ephemeralKeyPair":{"pubKey":"BTO/wfiDte2C/COLAvbqy+9QLe2lmyL/FHjkkmbuKzEi","privKey":"uLLAYZvjrox4ygmXgz7Xcdni6CiScqGwONhgrDqeP30="},"lastRemoteEphemeralKey":"BUbil55ff069KNfWsJ9vSrcPeccphx2Ijk7gSNrNR0YU","previousCounter":0,"rootKey":"Sv8zJzEWZPtEEl57wEclAhUzcPqmIfA/UvWFHIpSYAg="},"indexInfo":{"baseKey":"BUN3kFnplJUB8Hjd3GqYmcYl3e8tSfaWt5GE58smnRhY","baseKeyType":1,"closed":-1,"used":1714106299328,"created":1714106299328,"remoteIdentityKey":"BbtxYRuT5mwyJoP0BUPoe/vKqbOpsGCfBpocfqwkyVIl"},"_chains":{"BTO/wfiDte2C/COLAvbqy+9QLe2lmyL/FHjkkmbuKzEi":{"chainKey":{"counter":0,"key":"+R89JLvpjeXb+pJnwexo+xIAyi/m+QV9ckjz/w0Zh+k="},"chainType":1,"messageKeys":{}}},"pendingPreKey":{"signedKeyId":0,"baseKey":"BUN3kFnplJUB8Hjd3GqYmcYl3e8tSfaWt5GE58smnRhY"}}},"version":"v1"}