{"_sessions":{"BYmzVxHv1XqOSF1cxd57A1AObWy1nsVwGcjjcZaxqHpO":{"registrationId":843550595,"currentRatchet":{"ephemeralKeyPair":{"pubKey":"BWYrJNC04Hu4cKv9GfIIdDF9v5qpYuOFkX8xoQ8b7n1T","privKey":"kAKqyQQAckiDnIUmF1dthOuc47PbvQTrcHiM9kDiCXM="},"lastRemoteEphemeralKey":"BUWFjnKSxbaw4aHXgyA0xtV5VDjPTPS15zubMnnbX5o+","previousCounter":0,"rootKey":"ydFrrf14LtouS6zt1LyewI4CkzUPHGOPSCBF01fspUY="},"indexInfo":{"baseKey":"BYmzVxHv1XqOSF1cxd57A1AObWy1nsVwGcjjcZaxqHpO","baseKeyType":1,"closed":-1,"used":1714085805389,"created":1714085805389,"remoteIdentityKey":"BR8/dHIdtMH6pILpMaNVfOQ3OAO+w+XqUGUkgakXd6IG"},"_chains":{"BWYrJNC04Hu4cKv9GfIIdDF9v5qpYuOFkX8xoQ8b7n1T":{"chainKey":{"counter":20,"key":"sVJ8JYuGB8mj5919Zt34LK/g4UdZphgMoKdZwWvBqPA="},"chainType":1,"messageKeys":{}}},"pendingPreKey":{"signedKeyId":28,"baseKey":"BYmzVxHv1XqOSF1cxd57A1AObWy1nsVwGcjjcZaxqHpO","preKeyId":11190472}}},"version":"v1"}