{"_sessions":{"BTNuq2uhDSALQ9mLjOQTu/LTq/WzC3gGvALpEUkEdecr":{"registrationId":669336707,"currentRatchet":{"ephemeralKeyPair":{"pubKey":"BcClYGAAJdF8kJlvV4u1QLwMhQ9Q4oAcrUyzPy0wlSFh","privKey":"iDexHkzwIk9Qo8o3DdvdEKhakcev6G99/dy4idTTl1M="},"lastRemoteEphemeralKey":"BYA2H00DJHhgzfynJlG5uniDo9HMcz0p7liNT1l+u4pv","previousCounter":0,"rootKey":"vIOLLdLWoRfafCKeBV7KSIjlNw9nlUijZ2KiAAiX8SQ="},"indexInfo":{"baseKey":"BTNuq2uhDSALQ9mLjOQTu/LTq/WzC3gGvALpEUkEdecr","baseKeyType":1,"closed":-1,"used":1714085805637,"created":1714085805637,"remoteIdentityKey":"BduEntDn5vkT+UfCnppJ28941edv4YzHPPn88AaGOTgl"},"_chains":{"BcClYGAAJdF8kJlvV4u1QLwMhQ9Q4oAcrUyzPy0wlSFh":{"chainKey":{"counter":20,"key":"BqNOGtR0CK1Dm+Hoj+M06Vv4Rd3OMq/X8yljvk0ARFc="},"chainType":1,"messageKeys":{}}},"pendingPreKey":{"signedKeyId":0,"baseKey":"BTNuq2uhDSALQ9mLjOQTu/LTq/WzC3gGvALpEUkEdecr","preKeyId":6843461}}},"version":"v1"}