{"_sessions":{"BQAVTfbA3wlNYBEKWwHxc+3iECgT1roW5ICwcL9m7PUt":{"registrationId":728645400,"currentRatchet":{"ephemeralKeyPair":{"pubKey":"BUfqiu/b95imSXpfCutf/8fySnCZ/Mk1zDt6fSTL4RE/","privKey":"WDz3Xi2SeX8CEjtW1GTMTvcrHPavcZNrOaNi/AI/70g="},"lastRemoteEphemeralKey":"BXOf2TNlYa/mP+vQel5dyqUtt7/YRNS59T0pUcNPOGlr","previousCounter":0,"rootKey":"46AIIGKzYBDh3OBFJceKjxlElxAcYZ1EV/4i0hDmK4Q="},"indexInfo":{"baseKey":"BQAVTfbA3wlNYBEKWwHxc+3iECgT1roW5ICwcL9m7PUt","baseKeyType":1,"closed":-1,"used":1714085843159,"created":1714085843159,"remoteIdentityKey":"BWv5O1tj5LHngrxUodMUrYMA2KADcj1pZKtdKvOyH4Ec"},"_chains":{"BUfqiu/b95imSXpfCutf/8fySnCZ/Mk1zDt6fSTL4RE/":{"chainKey":{"counter":0,"key":"34TqYwIG2ovDGZJKDMLLBWipGt2zKt5EUaYW1co5OA4="},"chainType":1,"messageKeys":{}}},"pendingPreKey":{"signedKeyId":51,"baseKey":"BQAVTfbA3wlNYBEKWwHxc+3iECgT1roW5ICwcL9m7PUt","preKeyId":16252485}}},"version":"v1"}