{"_sessions":{"BQfnve56R3Zd3bh+I/10JTAC/ZO8QLJsiczJR2BoY5NO":{"registrationId":612014655,"currentRatchet":{"ephemeralKeyPair":{"pubKey":"BSdX0E28WCp2r7tqK3rBTnUqeERKsn1Qz4njknrPYjV+","privKey":"yNwTorGoqiC8kMoj5MJj0USvbpZ6k1E5ULuBtKbnaHo="},"lastRemoteEphemeralKey":"BXb6RW7EHW4Ro0mODjJYPfDxzgPVM5K2Hn/bfyGyzal6","previousCounter":0,"rootKey":"0VqzoOVNX/2c6zb7SDT8fRWDSybcsJmdtrweWhTyIlM="},"indexInfo":{"baseKey":"BQfnve56R3Zd3bh+I/10JTAC/ZO8QLJsiczJR2BoY5NO","baseKeyType":1,"closed":-1,"used":1714085805577,"created":1714085805577,"remoteIdentityKey":"BckJS0dM5v90WFm31FgBTeTAqH85maDo+XPJ2Cm3RGRz"},"_chains":{"BSdX0E28WCp2r7tqK3rBTnUqeERKsn1Qz4njknrPYjV+":{"chainKey":{"counter":20,"key":"CYDv6QaXyEdj1IxVB8DzqUL1JeE6PT5ygMNf83uwyi4="},"chainType":1,"messageKeys":{}}},"pendingPreKey":{"signedKeyId":3,"baseKey":"BQfnve56R3Zd3bh+I/10JTAC/ZO8QLJsiczJR2BoY5NO","preKeyId":16537164}}},"version":"v1"}