{"_sessions":{"BZvDxI2GdVBNE62Y9AJQvFfaQDggm+2Mj54njHdodSx+":{"registrationId":725605765,"currentRatchet":{"ephemeralKeyPair":{"pubKey":"BTn/POZbmcm+fGgwZ2h0OROzyxeVLFGriQ8ANEq77fBS","privKey":"qCLXKu2a54S01RQ5JD6xm1Uk5+kQOklWL6o48+KRMGY="},"lastRemoteEphemeralKey":"BdSxnhlTteWYZ4Bhc99BXTLtWolcdHR5k8nwpX4owERf","previousCounter":0,"rootKey":"PjUMowLQnxNIUKt5rZDgXL0Ivico1+oUbaW2EIcq8IE="},"indexInfo":{"baseKey":"BZvDxI2GdVBNE62Y9AJQvFfaQDggm+2Mj54njHdodSx+","baseKeyType":1,"closed":-1,"used":1714085805539,"created":1714085805539,"remoteIdentityKey":"BWZcgJUoaWpIkClsUBlpCy5ROU3L0DbWfzlDll6ZxKpV"},"_chains":{"BTn/POZbmcm+fGgwZ2h0OROzyxeVLFGriQ8ANEq77fBS":{"chainKey":{"counter":20,"key":"/F4Kc2FQzbfSpIsVzN1sKiBkpiGK/CipdHiEDga5JjQ="},"chainType":1,"messageKeys":{}}},"pendingPreKey":{"signedKeyId":1,"baseKey":"BZvDxI2GdVBNE62Y9AJQvFfaQDggm+2Mj54njHdodSx+","preKeyId":15398952}}},"version":"v1"}