{"_sessions":{"BZIbaoA1bCt1B3Caiiuicih2ufAt9eXnjv/jGQCDkIQE":{"registrationId":1334935279,"currentRatchet":{"ephemeralKeyPair":{"pubKey":"BXysVVv/JiFYNxcVRTRboVOnIKSCp3x4cRDOAW8a2Y9O","privKey":"SLRU3Lds0GegDOVEBv0zaJVo8Jb18FXmX8b7A84QElc="},"lastRemoteEphemeralKey":"BUdmd7AP7qD9YN+ONygFsGfnqab5wZC1sIze/UeuQpoy","previousCounter":0,"rootKey":"Tgh8vI2S5z4zwQ4lq0kLJlZIyyL5jy4nfKx5oPkDigc="},"indexInfo":{"baseKey":"BZIbaoA1bCt1B3Caiiuicih2ufAt9eXnjv/jGQCDkIQE","baseKeyType":1,"closed":-1,"used":1714085805598,"created":1714085805598,"remoteIdentityKey":"BWtxA0maBNLxyt6tySwhvrL3uhFFICvnOL6dB+1F0HZ1"},"_chains":{"BXysVVv/JiFYNxcVRTRboVOnIKSCp3x4cRDOAW8a2Y9O":{"chainKey":{"counter":20,"key":"LpUxTZmOqQlALANSfcAQ7EVkfMNAKP5YM2dDukG921k="},"chainType":1,"messageKeys":{}}},"pendingPreKey":{"signedKeyId":3,"baseKey":"BZIbaoA1bCt1B3Caiiuicih2ufAt9eXnjv/jGQCDkIQE","preKeyId":6634540}}},"version":"v1"}