{"_sessions":{"BUzJhFCV6rz6+1JQsMJ9e+1QwWFJ3B3dxjMxTO/FE1RU":{"registrationId":1397137239,"currentRatchet":{"ephemeralKeyPair":{"pubKey":"BQu6WkTdCxVZtX6/7YiRgmia/x+31eizM1RoHmWEru4f","privKey":"CP+euEneJF9Qf6t5UUL94O0Ohuwvx2JIH5JOvKDhVkQ="},"lastRemoteEphemeralKey":"BV9OFsoRwB0W4GkVSjBP4iLgG6cLl4fG+h+OaAVLqZ0T","previousCounter":0,"rootKey":"XGxS2UCxI+TWoasMsEBEQACZEHdSHJTo6dBYD8+/Mls="},"indexInfo":{"baseKey":"BUzJhFCV6rz6+1JQsMJ9e+1QwWFJ3B3dxjMxTO/FE1RU","baseKeyType":1,"closed":-1,"used":1714085805565,"created":1714085805565,"remoteIdentityKey":"BV0ZPud7Nchz2JZsvfv8bTXAMs7Zvq4Z16RN+zZDDPQh"},"_chains":{"BQu6WkTdCxVZtX6/7YiRgmia/x+31eizM1RoHmWEru4f":{"chainKey":{"counter":20,"key":"skrSJASdXm6/znHn5nOH0Jc/XjI+PtrqFjPg0iw0fGw="},"chainType":1,"messageKeys":{}}},"pendingPreKey":{"signedKeyId":7,"baseKey":"BUzJhFCV6rz6+1JQsMJ9e+1QwWFJ3B3dxjMxTO/FE1RU","preKeyId":12079374}}},"version":"v1"}