{"_sessions":{"BYEroG3sliWvDA1yTehisPRWlcdCRXXCvpghVASRyOhd":{"registrationId":1081414975,"currentRatchet":{"ephemeralKeyPair":{"pubKey":"BTwKLvdYyOctcQ08fz+7uLHY4dVsS2D4KtQ4KoGyjKxJ","privKey":"cOi3zSrnkPfDtcwcy/qmr1zRWVjiSnhoby+x6LA7T1U="},"lastRemoteEphemeralKey":"BW+K7kfRddx0HSul+3dssDyND//s5i9m3Q4eWw1or9xr","previousCounter":0,"rootKey":"kiz/LkEvLhT0ZKvmaDuTEPPiqWfd9/I8NKcVTruLbco="},"indexInfo":{"baseKey":"BYEroG3sliWvDA1yTehisPRWlcdCRXXCvpghVASRyOhd","baseKeyType":1,"closed":-1,"used":1714085805616,"created":1714085805616,"remoteIdentityKey":"BQHNEUqCUYc1pspJub+ruacaYkC+a/I7fM3MQUCkUVkL"},"_chains":{"BTwKLvdYyOctcQ08fz+7uLHY4dVsS2D4KtQ4KoGyjKxJ":{"chainKey":{"counter":20,"key":"4NSq/7UnC2BqrHy3VIOUdrrNW/YOhUiyLGVJMhJDkUI="},"chainType":1,"messageKeys":{}}},"pendingPreKey":{"signedKeyId":13,"baseKey":"BYEroG3sliWvDA1yTehisPRWlcdCRXXCvpghVASRyOhd","preKeyId":9780664}}},"version":"v1"}