{"_sessions":{"BSWMXU0j9vYaWtDSHEj3mk2eNTF2JlkynZJvbQDvW4YF":{"registrationId":704979547,"currentRatchet":{"ephemeralKeyPair":{"pubKey":"BZH+pTTDPyF3V4MmDjcDT0DbizBkCnyxO4p/AbNjc+92","privKey":"gAf340zL9VSRjJMEb0sp5Uxh3xuKV5RKpomkhzgSmm8="},"lastRemoteEphemeralKey":"BZQgbsCiVTEsuGyAO0hE6elEBVBPj74IUQHlpLV+T7MQ","previousCounter":0,"rootKey":"gBMaY6GhQiLrEhv/seFLqZuuCMcatnhdf5N2qnwbWyk="},"indexInfo":{"baseKey":"BSWMXU0j9vYaWtDSHEj3mk2eNTF2JlkynZJvbQDvW4YF","baseKeyType":1,"closed":-1,"used":1714085805698,"created":1714085805698,"remoteIdentityKey":"BVyIC+M6lDSr58Zv5JuNBnO7AuhDOm2InDxRpstFFKpS"},"_chains":{"BZH+pTTDPyF3V4MmDjcDT0DbizBkCnyxO4p/AbNjc+92":{"chainKey":{"counter":20,"key":"CTb4TV/ihnHFd1eAA9UMnhL3UJ0u4vBh+5rzGsCurJs="},"chainType":1,"messageKeys":{}}},"pendingPreKey":{"signedKeyId":14,"baseKey":"BSWMXU0j9vYaWtDSHEj3mk2eNTF2JlkynZJvbQDvW4YF","preKeyId":9981620}}},"version":"v1"}