{"_sessions":{"BT9JHjz3rhHznmi/oSzTxL+RSUoUKU4gASb6iwHkgYs4":{"registrationId":27,"currentRatchet":{"ephemeralKeyPair":{"pubKey":"BWVHctxyj5KIdBYrj4+LcHdatZ5Ho/Ok5owSgTWt4d8H","privKey":"cEf9JZxY9TIFim/wMk4onR6qevdO8ZDsGP3x3gG+QUY="},"lastRemoteEphemeralKey":"BXuGP6FHV4+7IUT2Bve/wf0Xx8s3yjQNKU8W52EhAWEQ","previousCounter":0,"rootKey":"1GJrlyL3qyVJNPkrjdZqlOLjHUde1ZQq1DeQ2ZEIy9Y="},"indexInfo":{"baseKey":"BT9JHjz3rhHznmi/oSzTxL+RSUoUKU4gASb6iwHkgYs4","baseKeyType":1,"closed":-1,"used":1714085805243,"created":1714085805243,"remoteIdentityKey":"BS/QJNFlGvZDWkcYFANPhLtTXkS1Gj20YriUWTfuIDh1"},"_chains":{"BWVHctxyj5KIdBYrj4+LcHdatZ5Ho/Ok5owSgTWt4d8H":{"chainKey":{"counter":20,"key":"MlEJzRM/CAQ2wikHCAp/BxxL/3GF0qabDzp+TCAzpOU="},"chainType":1,"messageKeys":{}}},"pendingPreKey":{"signedKeyId":1,"baseKey":"BT9JHjz3rhHznmi/oSzTxL+RSUoUKU4gASb6iwHkgYs4"}}},"version":"v1"}