{"_sessions":{"BbmoEkC1dtVhFG5eJStJqsVCVEikPUBv5IXveWdxRXp7":{"registrationId":1316857746,"currentRatchet":{"ephemeralKeyPair":{"pubKey":"BTxSEJGDfKUOp3EgW9QYqjtkaJPQAetDddkbss6HWu4Y","privKey":"+AqJT42cq+obxBZszIzGwPqYWOhbeOFeof6vWC21PEc="},"lastRemoteEphemeralKey":"BaygqsKZy2FMtz+HMKgrhbOD0WESuJjRyd5mY83hK7Jc","previousCounter":0,"rootKey":"LGBRBRRwE9Rr4VsRC9uiemmBFdh68uOLvQKqRoUJjUQ="},"indexInfo":{"baseKey":"BbmoEkC1dtVhFG5eJStJqsVCVEikPUBv5IXveWdxRXp7","baseKeyType":1,"closed":-1,"used":1714085805403,"created":1714085805403,"remoteIdentityKey":"BWXGJEhg/xD/6eBUEtZkZHHWP/rmfzQo1uVEIy1Fwa9R"},"_chains":{"BTxSEJGDfKUOp3EgW9QYqjtkaJPQAetDddkbss6HWu4Y":{"chainKey":{"counter":20,"key":"VCKfA7gGRQO89vD5RwNJqV8/y05qFWleIWxw9M51tdY="},"chainType":1,"messageKeys":{}}},"pendingPreKey":{"signedKeyId":7,"baseKey":"BbmoEkC1dtVhFG5eJStJqsVCVEikPUBv5IXveWdxRXp7","preKeyId":12468238}}},"version":"v1"}