{"_sessions":{"BY0ok/7cPRgvKjCFgoWlEZ/Xae1e1rJnbUBJa6eQccwU":{"registrationId":504379553,"currentRatchet":{"ephemeralKeyPair":{"pubKey":"BTaxObNijxiUvzhlQS7bni4HniP9F1Z7toqiRyycaR4g","privKey":"QKCbdz9jH7Abhl/9dtS2+7ttlsFXUKKVr71ajyd8P2c="},"lastRemoteEphemeralKey":"BZz6TtY7ODFcJeE/D6vpTKNmIFVxn6KdkSSN6k6LTGEQ","previousCounter":0,"rootKey":"OWheqExb7CVBNpebRQ1wZRITj0uOvmBQqoKq0fHbz5Q="},"indexInfo":{"baseKey":"BY0ok/7cPRgvKjCFgoWlEZ/Xae1e1rJnbUBJa6eQccwU","baseKeyType":1,"closed":-1,"used":1714106011946,"created":1714106011946,"remoteIdentityKey":"BTthHcG8p6Nr5CbTuWn/pO+ebQbQKUxpTR8meNF7mbRX"},"_chains":{"BTaxObNijxiUvzhlQS7bni4HniP9F1Z7toqiRyycaR4g":{"chainKey":{"counter":6,"key":"t32DPwC4PrZH5YIihaNjm6QFXzjSXssIyKh3O1oT9S8="},"chainType":1,"messageKeys":{}}},"pendingPreKey":{"signedKeyId":8,"baseKey":"BY0ok/7cPRgvKjCFgoWlEZ/Xae1e1rJnbUBJa6eQccwU","preKeyId":10931945}}},"version":"v1"}