{"_sessions":{"BYe4GNW3V41cm2MXhLCQYeT+CfaKleX4FFgoQfdHbzoZ":{"registrationId":465775342,"currentRatchet":{"ephemeralKeyPair":{"pubKey":"BezETU0JwM69kTaPg9HlkSWpvsV1qj/20K838TCPLBUS","privKey":"sJbZTmNAhlJNn+6bAM6mvSpR+uHq8CHJDgwxQyQsCko="},"lastRemoteEphemeralKey":"BY65fojtWvALinjzZp8KDrT3pAw6y7oPKjzjhXotw2B5","previousCounter":0,"rootKey":"yRtx1SoIp7byBo8k6kzN9cxr05J80E+UqMYBgD+q9W4="},"indexInfo":{"baseKey":"BYe4GNW3V41cm2MXhLCQYeT+CfaKleX4FFgoQfdHbzoZ","baseKeyType":1,"closed":-1,"used":1714085805618,"created":1714085805618,"remoteIdentityKey":"Bag/j0eA568ow2obX7N5N4As5sVKwQ1FsBj0GVA72BFP"},"_chains":{"BezETU0JwM69kTaPg9HlkSWpvsV1qj/20K838TCPLBUS":{"chainKey":{"counter":21,"key":"r2N9Fs0TnjJ4O1AUm1eDBlBa7krZv0ePZzJxHB9D/Ys="},"chainType":1,"messageKeys":{}}},"pendingPreKey":{"signedKeyId":25,"baseKey":"BYe4GNW3V41cm2MXhLCQYeT+CfaKleX4FFgoQfdHbzoZ","preKeyId":938019}}},"version":"v1"}