{"_sessions":{"BbtGhj7nEhL5tdWYHbb4U4W+PhBl88voSrj/al+I+NUC":{"registrationId":1555011245,"currentRatchet":{"ephemeralKeyPair":{"pubKey":"BbAuSYWDISN8d7Y39xnMdTz9ISea7buLpYicVu8xgX5c","privKey":"6K0/DdHLTW/AV7uAZJcpPmLgseGJ7LlwsN7xZ2bngn8="},"lastRemoteEphemeralKey":"BQbQdPzcBmUlWYLxBTYxUIgbRkKboXyfo9rca7j5C+ti","previousCounter":0,"rootKey":"NDnODoe9ZrbJhQWsUQC4Mp1hce1C+KnsuuCHWEle1P0="},"indexInfo":{"baseKey":"BbtGhj7nEhL5tdWYHbb4U4W+PhBl88voSrj/al+I+NUC","baseKeyType":1,"closed":-1,"used":1714106011877,"created":1714106011877,"remoteIdentityKey":"BQhm6iHh74ZFDKKev6zaA7DTo6Q0ilHI1JJFhn5wm7sr"},"_chains":{"BbAuSYWDISN8d7Y39xnMdTz9ISea7buLpYicVu8xgX5c":{"chainKey":{"counter":6,"key":"HUaQhDNQ89mApeaV4KNEXmz376B1l2rrZfeVX6MlQRo="},"chainType":1,"messageKeys":{}}},"pendingPreKey":{"signedKeyId":2,"baseKey":"BbtGhj7nEhL5tdWYHbb4U4W+PhBl88voSrj/al+I+NUC"}}},"version":"v1"}