{"_sessions":{"BQ0Bh6/q5OAgsSOLc32KmGqYYTaq95Bn2W/e+kZAR7AJ":{"registrationId":386768298,"currentRatchet":{"ephemeralKeyPair":{"pubKey":"BQZuSDt+zcUpywFCP7U8HW+8kBtmx/+tTG2AaUHTV3Nm","privKey":"2CDFkOsmlrEz6jrBY96w4wWxc9WlM4poF4UVuW+QdEs="},"lastRemoteEphemeralKey":"BdfpE1g1ubFXetIPNNqGJ0ASR4Hcz0KlEIS/qN7Jsbp1","previousCounter":0,"rootKey":"euIy0371ClV5JPjwNLMhLWGgLLZ+wfhCg+62OEJBl/U="},"indexInfo":{"baseKey":"BQ0Bh6/q5OAgsSOLc32KmGqYYTaq95Bn2W/e+kZAR7AJ","baseKeyType":1,"closed":-1,"used":1714085805377,"created":1714085805377,"remoteIdentityKey":"BTOsLgaO8ZgDrpxRuj2KfUyzcsrR8cbtx9IKng66LJZX"},"_chains":{"BQZuSDt+zcUpywFCP7U8HW+8kBtmx/+tTG2AaUHTV3Nm":{"chainKey":{"counter":20,"key":"Ae/eIanRTwaTI9pHv9zT1kGqiatuRP2wbGf6cQIQuMg="},"chainType":1,"messageKeys":{}}},"pendingPreKey":{"signedKeyId":5,"baseKey":"BQ0Bh6/q5OAgsSOLc32KmGqYYTaq95Bn2W/e+kZAR7AJ","preKeyId":14149044}}},"version":"v1"}