{"_sessions":{"BYq7PjHpbo3QEZb9/4Dln2umTFIdhBTAbsmhcV4oeIBX":{"registrationId":1950502726,"currentRatchet":{"ephemeralKeyPair":{"pubKey":"BV0lPz8cxMlqn9yT7fYnAmZHwroZs1vuNnXMFq2TYsFE","privKey":"MLwDYqG+mqCqaDHt82UwchudztjnMVAXHhXWc6/Bkkg="},"lastRemoteEphemeralKey":"BaDeGFRYAhkv8RwvxVO73pKVayy+l543RY/v5Kam8BVQ","previousCounter":0,"rootKey":"1JBfHTRZY9Qlql61dokYJdTnyY5XGxXAWm/4gwP8gMU="},"indexInfo":{"baseKey":"BYq7PjHpbo3QEZb9/4Dln2umTFIdhBTAbsmhcV4oeIBX","baseKeyType":1,"closed":-1,"used":1714085805537,"created":1714085805537,"remoteIdentityKey":"BTgCfkpyKFajG1ZoLjWGiWXrBTlKB5XnZPGRnhH/Ha9P"},"_chains":{"BV0lPz8cxMlqn9yT7fYnAmZHwroZs1vuNnXMFq2TYsFE":{"chainKey":{"counter":20,"key":"VdN+BTapNzYA9U8UWNcnUKkPpijzq9rNaLjOdPN9zKI="},"chainType":1,"messageKeys":{}}},"pendingPreKey":{"signedKeyId":47,"baseKey":"BYq7PjHpbo3QEZb9/4Dln2umTFIdhBTAbsmhcV4oeIBX","preKeyId":13668192}}},"version":"v1"}