{"_sessions":{"BWBOKIaztlQH1KE7xd/bMW1LGO6V8/mHcQB90cfqvCck":{"registrationId":1608370735,"currentRatchet":{"ephemeralKeyPair":{"pubKey":"BUoNGN+bX8x0seM9UD+dOnf2qF+ZlifW6M0LRFEgyFN/","privKey":"CISNykBEzFV56ziYtVKP8bDJm4dpEhKo1NvphKQe+1I="},"lastRemoteEphemeralKey":"BU0AqVGYokcv1fY471EIq9DOzBx/4N/cKbIa8ImtKPdv","previousCounter":0,"rootKey":"+cDI8Wr1saqh1cJpfuIYSJTmWE4auKUNFdK1wA24n10="},"indexInfo":{"baseKey":"BWBOKIaztlQH1KE7xd/bMW1LGO6V8/mHcQB90cfqvCck","baseKeyType":1,"closed":-1,"used":1714106011939,"created":1714106011939,"remoteIdentityKey":"BfkKZkpEoG4jInoBKu1yVMOFURIBD7wzWk2SgKgTOhNQ"},"_chains":{"BUoNGN+bX8x0seM9UD+dOnf2qF+ZlifW6M0LRFEgyFN/":{"chainKey":{"counter":6,"key":"2scrmTLRAiW2vHSK504sAvSpwBUPyad9IQhBRgot0Dw="},"chainType":1,"messageKeys":{}}},"pendingPreKey":{"signedKeyId":6,"baseKey":"BWBOKIaztlQH1KE7xd/bMW1LGO6V8/mHcQB90cfqvCck","preKeyId":1301712}}},"version":"v1"}