{"_sessions":{"BesTxQuzSgOdvLAQCutUW3jvrVXT1LqQLFDdUku2lgpm":{"registrationId":3969,"currentRatchet":{"ephemeralKeyPair":{"pubKey":"BU94TAa71cmKKJwvraTHmxnZM8NNSI2zvQxl9om4GJxf","privKey":"qGMnWCn/SshBbtQrQlaW+zo6PP1NXgnnLg1GhEhPwWM="},"lastRemoteEphemeralKey":"BTOl5bwQstUFktZvEEukIDpXaJvs3waIewlwK7et54dr","previousCounter":0,"rootKey":"iFemP3a7xoWt7D8fvaJqKqa8+/vBTfTSdAiwcuRYuCo="},"indexInfo":{"baseKey":"BesTxQuzSgOdvLAQCutUW3jvrVXT1LqQLFDdUku2lgpm","baseKeyType":1,"closed":-1,"used":1714085805251,"created":1714085805251,"remoteIdentityKey":"BUWXDo2ED089y5DUJURwwJ7BhwH5m/P2n+Gbv+hjNtQ4"},"_chains":{"BU94TAa71cmKKJwvraTHmxnZM8NNSI2zvQxl9om4GJxf":{"chainKey":{"counter":20,"key":"buqIHEPIT1vgKoY1CzaIKdtfrvBO6ERnkR6BMra3SCY="},"chainType":1,"messageKeys":{}}},"pendingPreKey":{"signedKeyId":1,"baseKey":"BesTxQuzSgOdvLAQCutUW3jvrVXT1LqQLFDdUku2lgpm"}}},"version":"v1"}