{"_sessions":{"BQfaKaEB66AS2ncEOmlZntirMbkjAUjtJxe1GaRM708h":{"registrationId":1825036534,"currentRatchet":{"ephemeralKeyPair":{"pubKey":"BcykiEuDJnroquVEy7UPm44LxIOwsByYuZ8eyt06/zQD","privKey":"oFAtB5NrxCuc0ceiyzOkPPdfN7AdWbtbLisPZMfkvFU="},"lastRemoteEphemeralKey":"BZmkx0fseXd6Cm6xat2Oe/wA+MGpVEJs/aNJ8sro9Mlo","previousCounter":0,"rootKey":"thi/o64wA21Nb6XgCoeYrzGZJWbfbIerBbgY6QcAq2I="},"indexInfo":{"baseKey":"BQfaKaEB66AS2ncEOmlZntirMbkjAUjtJxe1GaRM708h","baseKeyType":1,"closed":-1,"used":1714106011998,"created":1714106011998,"remoteIdentityKey":"BdrgSsQOTr/KdV7TKPikQof1n3lgFcFh0ApiUZ3Zb04I"},"_chains":{"BcykiEuDJnroquVEy7UPm44LxIOwsByYuZ8eyt06/zQD":{"chainKey":{"counter":6,"key":"ZwLfj+fZ7KVqThe5MXi8VdC9r1n3DHM6rh7yA7YLmOE="},"chainType":1,"messageKeys":{}}},"pendingPreKey":{"signedKeyId":9,"baseKey":"BQfaKaEB66AS2ncEOmlZntirMbkjAUjtJxe1GaRM708h","preKeyId":1381612}}},"version":"v1"}