{"_sessions":{"BZg4kubnckXQh5mjPyxIyh+V1xoVSTnS5n0snEiu5shJ":{"registrationId":1357587928,"currentRatchet":{"ephemeralKeyPair":{"pubKey":"BViqP6rmc7/zyZLC1mFmeA0gqJIf/cMbqHh3x/NqiH5d","privKey":"UOiKSMkgw4Dv5L/Xa6dzVSl+YvkZpC8bdoJU4GJ9pWg="},"lastRemoteEphemeralKey":"BYXLByevZVgINd4AzWL2GhhGQ9inVJr+HG13LkJpLD8K","previousCounter":0,"rootKey":"cGa3mJ9C0sU+JKRkW/3/ZH24gkq0zJ9gAN7yt3GvU2c="},"indexInfo":{"baseKey":"BZg4kubnckXQh5mjPyxIyh+V1xoVSTnS5n0snEiu5shJ","baseKeyType":1,"closed":-1,"used":1714085805672,"created":1714085805672,"remoteIdentityKey":"BVIJhbyUW6oB/B7sYhqsz9vUUJiOkFgkSyWJXz1+XK5g"},"_chains":{"BViqP6rmc7/zyZLC1mFmeA0gqJIf/cMbqHh3x/NqiH5d":{"chainKey":{"counter":20,"key":"qmCeRB6cBFAHfc+V0z+Jgsz6rGgbzLdNesKK7FEyrHk="},"chainType":1,"messageKeys":{}}},"pendingPreKey":{"signedKeyId":5,"baseKey":"BZg4kubnckXQh5mjPyxIyh+V1xoVSTnS5n0snEiu5shJ","preKeyId":6815997}}},"version":"v1"}