{"_sessions":{"BUwx5dFfHVGP7EHfql3UNKv7I96FKPk8IaktW6Jgg7MO":{"registrationId":1996826144,"currentRatchet":{"ephemeralKeyPair":{"pubKey":"Be61ITIKlOosYmlnitCr2WKJ90Te25VJn+G7H0AO3JA0","privKey":"sIFlS+AnG1uWP1Z6IfiehXL/tt5okQpRuIE4SM0rP1o="},"lastRemoteEphemeralKey":"BbIDW9aiZr39oXZFppAkP7JEyxfN7S6OKvc3NP7JNEIn","previousCounter":0,"rootKey":"RkWdgLrrlgfpPz2xR+UdGGHRmTNxwiMKPbaPVPhuqhc="},"indexInfo":{"baseKey":"BUwx5dFfHVGP7EHfql3UNKv7I96FKPk8IaktW6Jgg7MO","baseKeyType":1,"closed":-1,"used":1714085805639,"created":1714085805639,"remoteIdentityKey":"BeYOdYHEnCsXc/mLTiisqPpoarpXi+auhLiREuoKhlkb"},"_chains":{"Be61ITIKlOosYmlnitCr2WKJ90Te25VJn+G7H0AO3JA0":{"chainKey":{"counter":20,"key":"Iis3gHzdnCah2LxtVrFefq1IRo8zAhvQk01yboS2ZGQ="},"chainType":1,"messageKeys":{}}},"pendingPreKey":{"signedKeyId":2,"baseKey":"BUwx5dFfHVGP7EHfql3UNKv7I96FKPk8IaktW6Jgg7MO","preKeyId":6265235}}},"version":"v1"}