{"_sessions":{"BcvTTMx1Y0/vv7Cg/ySKf6DlM9AA6VOag3We6ChkU7Ie":{"registrationId":185964000,"currentRatchet":{"ephemeralKeyPair":{"pubKey":"Bd4l6lbK1OBOtzB4x6gZ5TtDAqoW+ycgg9eiUiPaUagx","privKey":"cLY9yrWoQ+SdbQUQxfY2pOAz8HrARKJjE7N4TjUXB08="},"lastRemoteEphemeralKey":"BdVe/QVFsOXAmzFV16FjeQUn7AjDAi2I+XNwSyLWwbYX","previousCounter":0,"rootKey":"nwXZHF1OexspLt2zScvwLFKYN7y+sGgJlhxuJh+8ONY="},"indexInfo":{"baseKey":"BcvTTMx1Y0/vv7Cg/ySKf6DlM9AA6VOag3We6ChkU7Ie","baseKeyType":1,"closed":-1,"used":1714106011989,"created":1714106011989,"remoteIdentityKey":"Bezp6TtnAg5ohEKuQ9ANuKDh44/4taJ+NEnlxLFEZDw5"},"_chains":{"Bd4l6lbK1OBOtzB4x6gZ5TtDAqoW+ycgg9eiUiPaUagx":{"chainKey":{"counter":6,"key":"NZClykYXz01ucj6uD3/msPI7i3XY3QAkbtdW6RYHHG8="},"chainType":1,"messageKeys":{}}},"pendingPreKey":{"signedKeyId":1,"baseKey":"BcvTTMx1Y0/vv7Cg/ySKf6DlM9AA6VOag3We6ChkU7Ie","preKeyId":15068539}}},"version":"v1"}