{"_sessions":{"BQjkJG+c9UJlAFuyNIqXupYL6Jpt+ffva27/oauBlPJv":{"registrationId":1449251688,"currentRatchet":{"ephemeralKeyPair":{"pubKey":"Bb1WZAf19IcawU8keBu31xQVWrXRWxCxnpgz4clMMnJx","privKey":"wJtveSmIsnQLABFA61BlqDVEfLDkGe39s+mJc3JjEHA="},"lastRemoteEphemeralKey":"BbHW9WfwqD3xJDjcvwqUBgfecx23m7zE0LSnGUGAAaIh","previousCounter":0,"rootKey":"DgYQWPft5B3k77nVQ7Kz78qoVArminakEd/4E6aiFVI="},"indexInfo":{"baseKey":"BQjkJG+c9UJlAFuyNIqXupYL6Jpt+ffva27/oauBlPJv","baseKeyType":1,"closed":-1,"used":1714085805352,"created":1714085805352,"remoteIdentityKey":"BUTKnj3rnCygeQmxCa/z4Rfk+UXVOxUVQQWtChxlBpwq"},"_chains":{"Bb1WZAf19IcawU8keBu31xQVWrXRWxCxnpgz4clMMnJx":{"chainKey":{"counter":20,"key":"3+7cnH5d6qtkV8hN58fw+NO94cGMeGlE6MPbAP3rLRI="},"chainType":1,"messageKeys":{}}},"pendingPreKey":{"signedKeyId":21,"baseKey":"BQjkJG+c9UJlAFuyNIqXupYL6Jpt+ffva27/oauBlPJv","preKeyId":11524471}}},"version":"v1"}