{"_sessions":{"BTtMGyMLZN3b0GvaRmfzrEUWUKomOkRzVjS9ujJHzdlp":{"registrationId":468270192,"currentRatchet":{"ephemeralKeyPair":{"pubKey":"BSeBaXuUWBDmlpgEGqRya6m6r4QvhzInfYUsekx1vaAT","privKey":"QHy0wzpwNBwFdNu7FUpFLZSXGPSA3JW76DWrgpeKaXA="},"lastRemoteEphemeralKey":"BTiYxDBboThF7OHFdhTR1m0KIPK3V1qBP3APCq0PK05S","previousCounter":0,"rootKey":"zurwYvM0LFPHuovJjuo03QnKdorj/4Z0gwbtMHhMamo="},"indexInfo":{"baseKey":"BTtMGyMLZN3b0GvaRmfzrEUWUKomOkRzVjS9ujJHzdlp","baseKeyType":1,"closed":-1,"used":1714085805321,"created":1714085805321,"remoteIdentityKey":"BTYzqSzJhNfp/l7KLqZXXxPGjDZg4a87n8OAsNXuowN6"},"_chains":{"BSeBaXuUWBDmlpgEGqRya6m6r4QvhzInfYUsekx1vaAT":{"chainKey":{"counter":20,"key":"KctA4dKlXTCVhmIG+Xq8ZSfdpDANiqVuQUusxnFSQQw="},"chainType":1,"messageKeys":{}}},"pendingPreKey":{"signedKeyId":7,"baseKey":"BTtMGyMLZN3b0GvaRmfzrEUWUKomOkRzVjS9ujJHzdlp","preKeyId":4151358}}},"version":"v1"}