{"_sessions":{"BaX3RMNXrlVzwm+tSwCrs4ciV2iDNaMfnDMtLDTzhZdO":{"registrationId":195140074,"currentRatchet":{"ephemeralKeyPair":{"pubKey":"Bc9P9J2hAKnGIAdCMugoisKVAYSdAi8xiTm1dRpa1OV1","privKey":"mBEnL3arZG9p13ey+6mg5p7Oe9mgnoX6dGS5+l16G2w="},"lastRemoteEphemeralKey":"BSWvsXd0dopWpQtxUGxGRmoQF/0j1NhQpsLD4BaoVwhZ","previousCounter":0,"rootKey":"Ocec613C3sBYSa4O3z+UwCSuEa5OT8MT2oZ64ZbsJeQ="},"indexInfo":{"baseKey":"BaX3RMNXrlVzwm+tSwCrs4ciV2iDNaMfnDMtLDTzhZdO","baseKeyType":1,"closed":-1,"used":1714085805361,"created":1714085805361,"remoteIdentityKey":"BfcylhL7wtoDJMZZR8h33DZUwQ82r3JcYtNPzqk+XGR7"},"_chains":{"Bc9P9J2hAKnGIAdCMugoisKVAYSdAi8xiTm1dRpa1OV1":{"chainKey":{"counter":20,"key":"vsidETa/a58TY9O/p440RYGWwyUYE6xPbkMZYU6gZFs="},"chainType":1,"messageKeys":{}}},"pendingPreKey":{"signedKeyId":1,"baseKey":"BaX3RMNXrlVzwm+tSwCrs4ciV2iDNaMfnDMtLDTzhZdO","preKeyId":15170060}}},"version":"v1"}