{"_sessions":{"Bfc6F8GgGCsLmxHGsUhSPx/YF1FTxszVbiJQHdSql49Q":{"registrationId":621342691,"currentRatchet":{"ephemeralKeyPair":{"pubKey":"BeiCjmCJLVPUeAd2mYGH8XTaa+hT2i9aksxnMOS5Thpl","privKey":"OCveVLUsl3fFpY4SD68pz2jdcdKEwWMIimf2ooZg/E8="},"lastRemoteEphemeralKey":"Bd9LvTisGoasZKnbmOY5DdHcPhxtoduf2yeUqZxtzWQ7","previousCounter":0,"rootKey":"lKvv8wPTLkt+xnKqIXfq6X1QVEm0MBtahDjuIeuKpow="},"indexInfo":{"baseKey":"Bfc6F8GgGCsLmxHGsUhSPx/YF1FTxszVbiJQHdSql49Q","baseKeyType":1,"closed":-1,"used":1714106299274,"created":1714106299274,"remoteIdentityKey":"BVgOsxJHuH2tIeX+1HiMMZKvscq3KvwvE9/l+BnF5ukC"},"_chains":{"BeiCjmCJLVPUeAd2mYGH8XTaa+hT2i9aksxnMOS5Thpl":{"chainKey":{"counter":0,"key":"WG3DXvA7fGeK371pvSxfSgwdmIKCeXgiUOD5D0GBx74="},"chainType":1,"messageKeys":{}}},"pendingPreKey":{"signedKeyId":1,"baseKey":"Bfc6F8GgGCsLmxHGsUhSPx/YF1FTxszVbiJQHdSql49Q","preKeyId":14854919}}},"version":"v1"}