{"_sessions":{"BTpGSaEZLGG2ety4PUvRhYPH8LNz4Zdic2jTM1FGSr5f":{"registrationId":1755950914,"currentRatchet":{"ephemeralKeyPair":{"pubKey":"BYUZUm65R34H4l2vjvfYXhIyZ7sd8FJBVNS02reg5WUi","privKey":"qJDuk/mypTU4vz58D8w4Wx0YbvABzhGVlRcC2xdX31k="},"lastRemoteEphemeralKey":"BWNCfWIkx86aNWNARX7EJKDHraUEf24YjF/uiVrAWao3","previousCounter":0,"rootKey":"gp8rDKVn3EVe4C2SLgrWagTrDc6vuSuPmCoopb/mYZs="},"indexInfo":{"baseKey":"BTpGSaEZLGG2ety4PUvRhYPH8LNz4Zdic2jTM1FGSr5f","baseKeyType":1,"closed":-1,"used":1714085805470,"created":1714085805470,"remoteIdentityKey":"BZV2Pojn6oB/nfvzTk2rwei9zczDQop9aQKsWthqNGVP"},"_chains":{"BYUZUm65R34H4l2vjvfYXhIyZ7sd8FJBVNS02reg5WUi":{"chainKey":{"counter":20,"key":"jHR+Emr4ns68v5EmGLx6I1eAmsbxtegqXx/MLFwb8Og="},"chainType":1,"messageKeys":{}}},"pendingPreKey":{"signedKeyId":4,"baseKey":"BTpGSaEZLGG2ety4PUvRhYPH8LNz4Zdic2jTM1FGSr5f"}}},"version":"v1"}