{"_sessions":{"BRxdZSIIYnBa6RVwnZGn4a7um6wm37Pr5WjCm53+XYVD":{"registrationId":1290448549,"currentRatchet":{"ephemeralKeyPair":{"pubKey":"Bdb1VtXYIO2Xbxd+mKmbYQjkB6wHpFicAcS0S2qeU0wm","privKey":"+G9BSIShZ1BXGUuGAdtdLIsKdaF1GB2IJPZBY9elM1c="},"lastRemoteEphemeralKey":"BfInLUNoIOMsLg/QxwaDnTZ/AqoiQlT/gjpXjXBE/tw/","previousCounter":0,"rootKey":"FxCei4JOkP8Gre+biXniGjAGp8/EF6CURmbvyjJYo/8="},"indexInfo":{"baseKey":"BRxdZSIIYnBa6RVwnZGn4a7um6wm37Pr5WjCm53+XYVD","baseKeyType":1,"closed":-1,"used":1714085805312,"created":1714085805312,"remoteIdentityKey":"BStaOSPPpSshMoMD1L459FEPTjjMQxWzEpyIWFNK/5JI"},"_chains":{"Bdb1VtXYIO2Xbxd+mKmbYQjkB6wHpFicAcS0S2qeU0wm":{"chainKey":{"counter":20,"key":"yNYBW6Y2wBfah6YteQBR+iO0Y0T5XhGNc6YQCcASRHM="},"chainType":1,"messageKeys":{}}},"pendingPreKey":{"signedKeyId":0,"baseKey":"BRxdZSIIYnBa6RVwnZGn4a7um6wm37Pr5WjCm53+XYVD","preKeyId":16433083}}},"version":"v1"}