{"_sessions":{"BcXnyFU+aetQ7zjMd9fRAMmJ6BhDz4pO08i/ikvHuKlT":{"registrationId":816087508,"currentRatchet":{"ephemeralKeyPair":{"pubKey":"BScXXHR2s53WuGNb9ZL/klyojUmh8LIp09S+U2eLPOoa","privKey":"eJrC4caVst1CfrYfnWlM+r6/Ov1IfBnZ7p0eIXL3J1U="},"lastRemoteEphemeralKey":"BaOZQj9cH3AQQ8Tl/O3cRxNfuVQVkyt2EjqkGu8cKAIY","previousCounter":0,"rootKey":"TSEaf4Sx3S7fPL3RNfVbZW1PzSLzHT1vmf5W5gLI+NU="},"indexInfo":{"baseKey":"BcXnyFU+aetQ7zjMd9fRAMmJ6BhDz4pO08i/ikvHuKlT","baseKeyType":1,"closed":-1,"used":1714085805726,"created":1714085805726,"remoteIdentityKey":"BXGHGMzaDoLMWpBINuurIn/pEwF0bZzPf70oNKk74YFq"},"_chains":{"BScXXHR2s53WuGNb9ZL/klyojUmh8LIp09S+U2eLPOoa":{"chainKey":{"counter":20,"key":"1lzpy0M9L72yTqLBbBIHXUwDvcHnVBzLAFATBi6U690="},"chainType":1,"messageKeys":{}}},"pendingPreKey":{"signedKeyId":3,"baseKey":"BcXnyFU+aetQ7zjMd9fRAMmJ6BhDz4pO08i/ikvHuKlT","preKeyId":381805}}},"version":"v1"}