{"_sessions":{"BccKfnfhVjPz1f8pOJ9YHxC/lhmCQ+ZcumF7B/p5Kh0o":{"registrationId":15418039,"currentRatchet":{"ephemeralKeyPair":{"pubKey":"BTTW3v0xoy0JGCt35Lhrh6UBw2EoiPHRq8LkJtw3Zk08","privKey":"CHrLW9bqxwrg5pmZVdEzDRObIv6CJAMCM5yZbQLLxEM="},"lastRemoteEphemeralKey":"BfFHx0i5cI0QgNrvaE0wv+tzOPGE+rIgZQ0HKMKMmM8Z","previousCounter":0,"rootKey":"LgTq+SZB8d9dcrrbBnFxOvhWfmYnXRIuAtCjwpyQzGw="},"indexInfo":{"baseKey":"BccKfnfhVjPz1f8pOJ9YHxC/lhmCQ+ZcumF7B/p5Kh0o","baseKeyType":1,"closed":-1,"used":1714085805548,"created":1714085805548,"remoteIdentityKey":"BbRx0OueuYHMp9YcErhw/98ABUIs8bbwo/svPE2gZSAy"},"_chains":{"BTTW3v0xoy0JGCt35Lhrh6UBw2EoiPHRq8LkJtw3Zk08":{"chainKey":{"counter":20,"key":"coI/1GKa4MzQlO17ObHKtZdAs5hgWHmnpswS43huY8Y="},"chainType":1,"messageKeys":{}}},"pendingPreKey":{"signedKeyId":18,"baseKey":"BccKfnfhVjPz1f8pOJ9YHxC/lhmCQ+ZcumF7B/p5Kh0o","preKeyId":9723923}}},"version":"v1"}