{"_sessions":{"BRgTrGdOsyno3fEiZB+d1lfKmdSVCCRAIFBs5WZhC75x":{"registrationId":1577682093,"currentRatchet":{"ephemeralKeyPair":{"pubKey":"BaUOhIkpYBnRQmr6scXWE3dzLNxLtgxxzw/6hxAh/iQb","privKey":"QGqoNSSfktH/kEJO8VaWrl0S97UsjVHw3dpp2/SbDHc="},"lastRemoteEphemeralKey":"Bax3M4UBPPz16wQQGkUonr3dOKmBCLMzVCpTS+7GPaNe","previousCounter":0,"rootKey":"n4eGYIACGS9wMlDuy3+hThR2h4Df5YtEMKHgLBGViKc="},"indexInfo":{"baseKey":"BRgTrGdOsyno3fEiZB+d1lfKmdSVCCRAIFBs5WZhC75x","baseKeyType":1,"closed":-1,"used":1714085805304,"created":1714085805304,"remoteIdentityKey":"BVSyp15fJTIcwGfg+g/NbjPFIaPRQGORdnREAxkLRNsW"},"_chains":{"BaUOhIkpYBnRQmr6scXWE3dzLNxLtgxxzw/6hxAh/iQb":{"chainKey":{"counter":20,"key":"PvuuCeMwHx+nwgQNmdjbhFw86p/qh0IAQqFyusQnRJI="},"chainType":1,"messageKeys":{}}},"pendingPreKey":{"signedKeyId":0,"baseKey":"BRgTrGdOsyno3fEiZB+d1lfKmdSVCCRAIFBs5WZhC75x"}}},"version":"v1"}