{"_sessions":{"BRskTJlu1BaXT0cf5DpJG5nHOklm+7LQ+EVwv6UR9otP":{"registrationId":10222,"currentRatchet":{"ephemeralKeyPair":{"pubKey":"BdsIZvO2LYU06EmOg0muzlGcSNjxjLuTrC2olbPRkdlH","privKey":"mHr+j0EmSOdvqdY9sFikG+YlG9hWLOvksxqRr7peH1w="},"lastRemoteEphemeralKey":"BWIkn8l7rSUBH0YrGCFicnPW1iZ1jV1sIqt+Z1VZ5wpC","previousCounter":0,"rootKey":"VaHr+Py+F1Eh+opDrAuJqb+nrrHz+0MJ+nMuawfBsL8="},"indexInfo":{"baseKey":"BRskTJlu1BaXT0cf5DpJG5nHOklm+7LQ+EVwv6UR9otP","baseKeyType":1,"closed":-1,"used":1714085805181,"created":1714085805181,"remoteIdentityKey":"BYHVDfLdQv/muATFc3UHHMTPWGZjAqIZ1f7tmv03HDJ4"},"_chains":{"BdsIZvO2LYU06EmOg0muzlGcSNjxjLuTrC2olbPRkdlH":{"chainKey":{"counter":20,"key":"XDNT+kaY9lGC61AR4aF+m4VRqRWJ+nM1BJxpALiclnk="},"chainType":1,"messageKeys":{}}},"pendingPreKey":{"signedKeyId":2,"baseKey":"BRskTJlu1BaXT0cf5DpJG5nHOklm+7LQ+EVwv6UR9otP"}}},"version":"v1"}