{"_sessions":{"BVz/CWPSmZVTzTP4JEbzwVjeC6FsWZNehSlp+Pmbsbwo":{"registrationId":604413530,"currentRatchet":{"ephemeralKeyPair":{"pubKey":"BfV79qhIFureek9lbEcwhVWieIhaN0qoAYsDjyzNKw4T","privKey":"sLPzOZhhzr10IFaSvdNxneBpxA8P1Sm1TbVwJpQyVmY="},"lastRemoteEphemeralKey":"BVM+lBGsw7eMqkPC5wdICt3l0DLPF1ZXxBcxz0s4jEdM","previousCounter":0,"rootKey":"yaUL9UHc9qdSFRU8kfq1PpgQYBJm8mS0+QFQTHQbCIM="},"indexInfo":{"baseKey":"BVz/CWPSmZVTzTP4JEbzwVjeC6FsWZNehSlp+Pmbsbwo","baseKeyType":1,"closed":-1,"used":1714085805401,"created":1714085805401,"remoteIdentityKey":"BUa96YSLL2xQvCTMYcBjStUzWJZzXg3/BsaslLreVTYf"},"_chains":{"BfV79qhIFureek9lbEcwhVWieIhaN0qoAYsDjyzNKw4T":{"chainKey":{"counter":20,"key":"QJOp63TwItT/LwZqhmLdyJh9gKeWdiMdyqHxxTzm+z8="},"chainType":1,"messageKeys":{}}},"pendingPreKey":{"signedKeyId":6,"baseKey":"BVz/CWPSmZVTzTP4JEbzwVjeC6FsWZNehSlp+Pmbsbwo","preKeyId":1516055}}},"version":"v1"}