{"_sessions":{"BXvM2ONkIxiXM0V1pQDFGh61IEp3+Fbu68J+/BNYtOon":{"registrationId":706734670,"currentRatchet":{"ephemeralKeyPair":{"pubKey":"BVAXV4e63FDn/3IeRYDO0gsVzTiYWyJhXyETU5Lq9mgk","privKey":"mDngbe5tE4BqlLacHAm4XZf/WE50nPG7APPdoRTXLGI="},"lastRemoteEphemeralKey":"BSYaVg4GuA6d9QX5uE6vefW6lloO5D2K7KT7dlq7aoQB","previousCounter":0,"rootKey":"Oe9zfgY6+SwWktVFuYPHzXkAUJdH87LOmiI6aBY/gO8="},"indexInfo":{"baseKey":"BXvM2ONkIxiXM0V1pQDFGh61IEp3+Fbu68J+/BNYtOon","baseKeyType":2,"closed":-1,"used":1714110871680,"created":1714110871680,"remoteIdentityKey":"BVtukKhnX3/03fiIK/5nJqpk3U85DRGYDaId7at479xB"},"_chains":{"BSYaVg4GuA6d9QX5uE6vefW6lloO5D2K7KT7dlq7aoQB":{"chainKey":{"counter":3,"key":"+nW9RrxKLawQ/Vb1f0a4REGVjEwL/AHwqLjWunCdtTU="},"chainType":2,"messageKeys":{}},"BVAXV4e63FDn/3IeRYDO0gsVzTiYWyJhXyETU5Lq9mgk":{"chainKey":{"counter":-1,"key":"hp0AiH666byB8u/ShxThX3Pi++xSfPcYVJAi8VvaYA4="},"chainType":1,"messageKeys":{}}}}},"version":"v1"}