{"_sessions":{"BV5sbQTNgnA1c1A+0obsmC6d7RRgC+TPnrfwBhPkvJ5N":{"registrationId":1485128240,"currentRatchet":{"ephemeralKeyPair":{"pubKey":"BYhS4dk6TPUjJm+QIBXmao2tON2O570+KBXVuxh2NwUH","privKey":"+CewH0FOJP6ZE8cRsCwgPE9ua1jr7Uwyg7iFcTctf38="},"lastRemoteEphemeralKey":"BYsThdKT5lZtkRx66j1LX8O0BGE6CF6KD4Zn3FzBW2ES","previousCounter":0,"rootKey":"0mbJaF3Wc+lDocWQcDbP+jsd6lWYgtPjskm11YulRFc="},"indexInfo":{"baseKey":"BV5sbQTNgnA1c1A+0obsmC6d7RRgC+TPnrfwBhPkvJ5N","baseKeyType":1,"closed":-1,"used":1714085805461,"created":1714085805461,"remoteIdentityKey":"BeNgkFuk0fD0DE5YxFHbxK9YyqXm0GiRXREO8AjFBmR3"},"_chains":{"BYhS4dk6TPUjJm+QIBXmao2tON2O570+KBXVuxh2NwUH":{"chainKey":{"counter":20,"key":"untPAt+r9EnL9ZArpJrsmJSvpKsqBF9tXF9CqONfJpk="},"chainType":1,"messageKeys":{}}},"pendingPreKey":{"signedKeyId":2,"baseKey":"BV5sbQTNgnA1c1A+0obsmC6d7RRgC+TPnrfwBhPkvJ5N","preKeyId":6297441}}},"version":"v1"}