{"_sessions":{"Bbhft127fKgfaABF4p8zUVRq2hL/X9sPVpqkyDJ7SUIJ":{"registrationId":535711285,"currentRatchet":{"ephemeralKeyPair":{"pubKey":"BQswiDRWIA5HSV/lw5lqqc9EBwB6xrWZB7kJedFPRAp6","privKey":"WLvXg7vMYOwJhx7z5lcyWWMNnY33+63v8ti4utxuLkk="},"lastRemoteEphemeralKey":"Bds4AAbaNlGtNrPMxw2xi1tVpU5u1I8htZjhjg3oIT5o","previousCounter":0,"rootKey":"TDd7YjV9xJa0QCUSefY7Cq8VbRInSNmUx0pOp8ylvC4="},"indexInfo":{"baseKey":"Bbhft127fKgfaABF4p8zUVRq2hL/X9sPVpqkyDJ7SUIJ","baseKeyType":1,"closed":-1,"used":1714106011884,"created":1714106011884,"remoteIdentityKey":"BeJoP57ERb8vo+BW0D2j/KkV7e4L8Yd8NxyWwmJ9H3gl"},"_chains":{"BQswiDRWIA5HSV/lw5lqqc9EBwB6xrWZB7kJedFPRAp6":{"chainKey":{"counter":6,"key":"iqkp9oKhdvGCvcIb2SaAbqJyC8U7IlQ+GZr2tlXjWmw="},"chainType":1,"messageKeys":{}}},"pendingPreKey":{"signedKeyId":1,"baseKey":"Bbhft127fKgfaABF4p8zUVRq2hL/X9sPVpqkyDJ7SUIJ","preKeyId":4197051}}},"version":"v1"}