{"_sessions":{"BU9xOj/qjQR+bJZln1tPKs12PrPY8bOfhDwJoAVO7S07":{"registrationId":1346784274,"currentRatchet":{"ephemeralKeyPair":{"pubKey":"Be4uwrLE6mWkAiDOrUSt8tZ4vXMn4hPubhyY6VhabNMj","privKey":"YMys0cn39ReXyGFhkf30+rHbFuetL4i95DeQgiTM/WY="},"lastRemoteEphemeralKey":"Ba/rMWskog1V6ThyL/Aub9cNin/dwMteUDKwVMg8Ty8c","previousCounter":0,"rootKey":"DJY+ZY1Xfvo7VaX3EJ8FhVhjiwPIS9ZwaCEwV4UAufI="},"indexInfo":{"baseKey":"BU9xOj/qjQR+bJZln1tPKs12PrPY8bOfhDwJoAVO7S07","baseKeyType":1,"closed":-1,"used":1714085843154,"created":1714085843154,"remoteIdentityKey":"BYZSeJUYYFAqNJMGitavxp92+POKdRf52SjI/zy8p6dt"},"_chains":{"Be4uwrLE6mWkAiDOrUSt8tZ4vXMn4hPubhyY6VhabNMj":{"chainKey":{"counter":0,"key":"QWMAAPcUNY3ibFyejioV0uLHZSulPaegbtIf2lb2fzg="},"chainType":1,"messageKeys":{}}},"pendingPreKey":{"signedKeyId":4,"baseKey":"BU9xOj/qjQR+bJZln1tPKs12PrPY8bOfhDwJoAVO7S07","preKeyId":3488623}}},"version":"v1"}