{"_sessions":{"Be1fYIoF1W7yuGzR2CaKASj4uQg1d9gvC1Jsk38Gb54O":{"registrationId":2124052901,"currentRatchet":{"ephemeralKeyPair":{"pubKey":"BX19SYHDHQsHi+C+rSokOpf8pksvDAqpINpDWbwTUbY2","privKey":"gE6kgKRs8etrBJy/4WoObAx++mHTmhKGf1Lidm1PBm8="},"lastRemoteEphemeralKey":"BWmPfp59BgcklKY8y7IPuD/dxS88MqlXgdC8f1RyXaRC","previousCounter":0,"rootKey":"iSIjUzhmzgJGsdQyIEJ+XFuQFhDZpfQFPv6e9jgPZaE="},"indexInfo":{"baseKey":"Be1fYIoF1W7yuGzR2CaKASj4uQg1d9gvC1Jsk38Gb54O","baseKeyType":1,"closed":-1,"used":1714106299300,"created":1714106299300,"remoteIdentityKey":"BQnvTo+JjUu7ZeoClu5yR/Brq7VI/9G791OEAivR2vcm"},"_chains":{"BX19SYHDHQsHi+C+rSokOpf8pksvDAqpINpDWbwTUbY2":{"chainKey":{"counter":0,"key":"BnCseGhqPsODMEcxjSrzNwW8V8amhPQBn4Ky+xiu9Ig="},"chainType":1,"messageKeys":{}}},"pendingPreKey":{"signedKeyId":1,"baseKey":"Be1fYIoF1W7yuGzR2CaKASj4uQg1d9gvC1Jsk38Gb54O","preKeyId":12668570}}},"version":"v1"}