{"_sessions":{"BWZkSBN1cePZbs7wI7ig0dbkj3HRxOR2IICr8LkJHHFV":{"registrationId":1670193156,"currentRatchet":{"ephemeralKeyPair":{"pubKey":"BaFKdqX1Gd8c8o9RIedLLhWRep4qElRcS0Z/rF700QYd","privKey":"aDcRRhmt63PpdOKIyFr7xKceWbq1JIA79m0snPywyEo="},"lastRemoteEphemeralKey":"BdezVuayRxLO/UN5qWRC73LHsmi3bIxxB9svXv3OUm4h","previousCounter":0,"rootKey":"1oS/yrIoh3xXTrZJl9UN7YkP0HgW1gXhivOIs0XSQ+8="},"indexInfo":{"baseKey":"BWZkSBN1cePZbs7wI7ig0dbkj3HRxOR2IICr8LkJHHFV","baseKeyType":1,"closed":-1,"used":1714106011941,"created":1714106011941,"remoteIdentityKey":"BRI8BEHyzG8Btf4XSoHXKqhk0GGXzeUGpMqrikFoq9or"},"_chains":{"BaFKdqX1Gd8c8o9RIedLLhWRep4qElRcS0Z/rF700QYd":{"chainKey":{"counter":6,"key":"hAx/udK8eiSvxzTF8AQBEbP7lDD3xG/pTEqaBMn5fjI="},"chainType":1,"messageKeys":{}}},"pendingPreKey":{"signedKeyId":1,"baseKey":"BWZkSBN1cePZbs7wI7ig0dbkj3HRxOR2IICr8LkJHHFV","preKeyId":15299809}}},"version":"v1"}