{"_sessions":{"Bebe6ATSIbXPAdTAo+2qvfU6eP22BbN/m8CdjCHYyQZO":{"registrationId":476584845,"currentRatchet":{"ephemeralKeyPair":{"pubKey":"BTobDaOar6DOdEAZjlRSNNv7d5c6ndsjdac5OwXbal1O","privKey":"CL5ivaytDHsZQuSX+qeopUaMyzZgYaEfZhal/mVgPnk="},"lastRemoteEphemeralKey":"BfEhfwX84TMV9s8w8dSMYZM66kptEPZpMTS+z0SL35FM","previousCounter":0,"rootKey":"O8oETtwgukMO3TxyYNBGMNkoe60vDF9i/pOwdCOe6r0="},"indexInfo":{"baseKey":"Bebe6ATSIbXPAdTAo+2qvfU6eP22BbN/m8CdjCHYyQZO","baseKeyType":1,"closed":-1,"used":1714106299334,"created":1714106299334,"remoteIdentityKey":"BUdefWNjY6b+FArtsT18NGwDU+dSATB023p9LgUcDsp+"},"_chains":{"BTobDaOar6DOdEAZjlRSNNv7d5c6ndsjdac5OwXbal1O":{"chainKey":{"counter":0,"key":"R4rKH+3B/IPiW34zXaBcV9Y2wUuVGsA5Bb53mN9H8eM="},"chainType":1,"messageKeys":{}}},"pendingPreKey":{"signedKeyId":21,"baseKey":"Bebe6ATSIbXPAdTAo+2qvfU6eP22BbN/m8CdjCHYyQZO","preKeyId":14702077}}},"version":"v1"}