{"_sessions":{"BZ346HnjxX2ggHLZbczP5teZ7H4LOwxYmWgbfdnXtzpZ":{"registrationId":1954733766,"currentRatchet":{"ephemeralKeyPair":{"pubKey":"BegaXgWrB1UrbkPymUy3hWPRoaDJzohJcGnB/kr3Gqdi","privKey":"YGAnfaE3e14xNRILKBYZ33lQPKv/EBJpJ1/mY2YsLUw="},"lastRemoteEphemeralKey":"BbsHnc/zj3oJgtwc2oNH91AsFeYoUVFglyt0Og+t5vR+","previousCounter":0,"rootKey":"qC5NEzyljA6fdhJgHqyvvtMzbPEyUUD6nhrNdIexwi8="},"indexInfo":{"baseKey":"BZ346HnjxX2ggHLZbczP5teZ7H4LOwxYmWgbfdnXtzpZ","baseKeyType":1,"closed":-1,"used":1714087614531,"created":1714085805272,"remoteIdentityKey":"BQNqEYq77JP1R97q8HIsh8uazncFAYWR4pLZEag5kIJc"},"_chains":{"BbsHnc/zj3oJgtwc2oNH91AsFeYoUVFglyt0Og+t5vR+":{"chainKey":{"counter":0,"key":"putLQB5OXXOrdhN46f+fwAalhczPPBK1iMFNFJG0Kgw="},"chainType":2,"messageKeys":{}},"BegaXgWrB1UrbkPymUy3hWPRoaDJzohJcGnB/kr3Gqdi":{"chainKey":{"counter":19,"key":"krlyh8WDXYGtKQdgYS4cxtrQ6XuRqo2FHlmoQY7Wp2w="},"chainType":1,"messageKeys":{}}}}},"version":"v1"}