{"_sessions":{"BUgxdaz6CarUeJuQDrs0aiKzlBIG1AKLcJbz22vop20b":{"registrationId":2136514282,"currentRatchet":{"ephemeralKeyPair":{"pubKey":"BZi5N1DABQr3z4jZhW/2RdUbjafwsEnqn/1CuRDA1NEM","privKey":"QLa5MqOa71xLWh50mhQhgDIwAg/I7jfBPUZQ5cL1QFE="},"lastRemoteEphemeralKey":"BfrghjUFfQw86fGT59IVv1OExZcjqa8WqKlJBWOFjsVT","previousCounter":0,"rootKey":"/pyBgaMSLscrHYlLLcHbsSElvUf1Dej3/uTB/kdHSDc="},"indexInfo":{"baseKey":"BUgxdaz6CarUeJuQDrs0aiKzlBIG1AKLcJbz22vop20b","baseKeyType":1,"closed":-1,"used":1714085805433,"created":1714085805433,"remoteIdentityKey":"BZNPy6kQlKUOHTAL3m0LLqfBt7CJzpX8QaUXle4GFn1Y"},"_chains":{"BZi5N1DABQr3z4jZhW/2RdUbjafwsEnqn/1CuRDA1NEM":{"chainKey":{"counter":20,"key":"MHR99x9ammIjlvmmT4bNXnUEY1Ft7TNAAguIJCj3hIo="},"chainType":1,"messageKeys":{}}},"pendingPreKey":{"signedKeyId":32,"baseKey":"BUgxdaz6CarUeJuQDrs0aiKzlBIG1AKLcJbz22vop20b","preKeyId":4574418}}},"version":"v1"}