{"_sessions":{"BXjpl4q9J2Wxqp6jcPHsVAcIC+JbZaVf8kUxlhIRNcE3":{"registrationId":826033078,"currentRatchet":{"ephemeralKeyPair":{"pubKey":"Bch2v5a4xl51eOFJbLrmJRgNjnCOjqaybu3upeQReTQC","privKey":"0B/GQklryXud+EB171zKfdtX/ihnxg/4GJDC1prmOU4="},"lastRemoteEphemeralKey":"BTP1dWycVwG5qEtV7uHVds/yGwNiopqD4mlWmiUIqtId","previousCounter":0,"rootKey":"PzxGQQ7NIEJzDeEVBElXhTzwTaNQ6rctpunI1CsxxPU="},"indexInfo":{"baseKey":"BXjpl4q9J2Wxqp6jcPHsVAcIC+JbZaVf8kUxlhIRNcE3","baseKeyType":1,"closed":-1,"used":1714085805491,"created":1714085805491,"remoteIdentityKey":"BRZpU7qP2FWzTwpqxLSK4yCvjMzcdGN9huM6Q1Iqvp4J"},"_chains":{"Bch2v5a4xl51eOFJbLrmJRgNjnCOjqaybu3upeQReTQC":{"chainKey":{"counter":20,"key":"5ySLeOc1eV8poGe06rZfMvJe3AQ7eT8/ecyQirKvFqA="},"chainType":1,"messageKeys":{}}},"pendingPreKey":{"signedKeyId":2,"baseKey":"BXjpl4q9J2Wxqp6jcPHsVAcIC+JbZaVf8kUxlhIRNcE3","preKeyId":2774070}}},"version":"v1"}