{"_sessions":{"Bdz+/jtv6zDOSbCfVAtz9vWdjSgfICK3OzdKfty/70Vv":{"registrationId":1507922409,"currentRatchet":{"ephemeralKeyPair":{"pubKey":"BRrYdHoWGsdJ+4G0tn0IHjpzpKWf+OYtZLml4xUhiJ1E","privKey":"CHKCW0GeG6LqRTsFPyxLwAHA/pBPOaiiYuM3LXKA03w="},"lastRemoteEphemeralKey":"BUvaOGmS90QX8SPrYCQdpga4n2nV/NcxOTypXpSmFzEK","previousCounter":0,"rootKey":"AsqrUib1Ya2UgMl8lNBsK+JBdUq51+c8UY1aJYqquT4="},"indexInfo":{"baseKey":"Bdz+/jtv6zDOSbCfVAtz9vWdjSgfICK3OzdKfty/70Vv","baseKeyType":1,"closed":-1,"used":1714106011874,"created":1714106011874,"remoteIdentityKey":"BWpd7Cayoq0Ozjr48N36AhjRXXcy5oZKOdpBJK697RwX"},"_chains":{"BRrYdHoWGsdJ+4G0tn0IHjpzpKWf+OYtZLml4xUhiJ1E":{"chainKey":{"counter":6,"key":"eL4JvGt/CKMLCgcv4bLCJFEphNe7/htbIgHzsYTNWxw="},"chainType":1,"messageKeys":{}}},"pendingPreKey":{"signedKeyId":4,"baseKey":"Bdz+/jtv6zDOSbCfVAtz9vWdjSgfICK3OzdKfty/70Vv","preKeyId":5137949}}},"version":"v1"}