{"_sessions":{"BduzWUb5PDO+itQ2B8J1FLfXSlSzoFSRzzWcUWqY9vNI":{"registrationId":1707449378,"currentRatchet":{"ephemeralKeyPair":{"pubKey":"BZYhI9vf4WP/FckCrGNr88UUvksWdo7sSvf2e3bc5C5+","privKey":"4EKwNLxhIcxVbPntcaaMfjID5NNISuGKmQALDdH1B3Y="},"lastRemoteEphemeralKey":"Bdi/POHtbGoZyFt1MCIfDvBQwDMbB79SpEmPnXGlYBRx","previousCounter":0,"rootKey":"N/hZ4qMP2jf9nCWlDdqK+abC6l5SpVS6Oy3zTw86Isg="},"indexInfo":{"baseKey":"BduzWUb5PDO+itQ2B8J1FLfXSlSzoFSRzzWcUWqY9vNI","baseKeyType":1,"closed":-1,"used":1714106299272,"created":1714106299272,"remoteIdentityKey":"BUNE5G3S9+pscQjN+BKPqoAGiNGs5NHkhf6f4WTqLoJB"},"_chains":{"BZYhI9vf4WP/FckCrGNr88UUvksWdo7sSvf2e3bc5C5+":{"chainKey":{"counter":0,"key":"/KzRHygSIjq6TxIhqwTVBVuqjSaTdFU/tUILm7Cg514="},"chainType":1,"messageKeys":{}}},"pendingPreKey":{"signedKeyId":23,"baseKey":"BduzWUb5PDO+itQ2B8J1FLfXSlSzoFSRzzWcUWqY9vNI","preKeyId":10857914}}},"version":"v1"}