{"_sessions":{"BdazxSWYCdt9AmdkOMFYozksej2Qylw9M35Zmjnixt0H":{"registrationId":1449840743,"currentRatchet":{"ephemeralKeyPair":{"pubKey":"Bdk8KzfIdeCJgeKeDoI72uRNeYWEALYA/zvvWOIc08JO","privKey":"SCuLDF9j4nk7ZBpFq0bP543aTY1Vk7kVWmzTRsrfQ3I="},"lastRemoteEphemeralKey":"BSl0cZqkly55s0j3oytiQtMnDrsdYyPRgoFWTMyQR+py","previousCounter":0,"rootKey":"dfCf4J7sii24zutmx6o07Gh9oJ7nS+r5E+yjnEqe/Ms="},"indexInfo":{"baseKey":"BdazxSWYCdt9AmdkOMFYozksej2Qylw9M35Zmjnixt0H","baseKeyType":1,"closed":-1,"used":1714106299324,"created":1714106299324,"remoteIdentityKey":"BcLBm21p7pBqw6LkgfRM/hP/2qG17Q4ZgUGA971EUWw7"},"_chains":{"Bdk8KzfIdeCJgeKeDoI72uRNeYWEALYA/zvvWOIc08JO":{"chainKey":{"counter":0,"key":"Ef6LW/tdoMuXqAZVqzsFPrW4fD7DxTFAkY0YXou4Jhc="},"chainType":1,"messageKeys":{}}},"pendingPreKey":{"signedKeyId":0,"baseKey":"BdazxSWYCdt9AmdkOMFYozksej2Qylw9M35Zmjnixt0H","preKeyId":4962514}}},"version":"v1"}