{"_sessions":{"BQdT3ztDAHzGg9L0tK2qyLnkXoNGLT1M2u6RxAWZMM53":{"registrationId":1577519427,"currentRatchet":{"ephemeralKeyPair":{"pubKey":"BRtXnGGaDCZ3AhJPLznk8S9vcq3KkE3oQlnnlc2wPd1t","privKey":"yOj/jUbjVvlHu1qVE6kHiwtTa+QjsXp7ZFq7wxKxrk8="},"lastRemoteEphemeralKey":"BfhjWBLY/BsUCifusRZDTSGsuGd1/7rpnVJn2WYj+oY7","previousCounter":0,"rootKey":"E7rpa54/sA3pVSiBHmTuFiNb+++LvUdrHKvtg08OhfE="},"indexInfo":{"baseKey":"BQdT3ztDAHzGg9L0tK2qyLnkXoNGLT1M2u6RxAWZMM53","baseKeyType":1,"closed":-1,"used":1714085805337,"created":1714085805337,"remoteIdentityKey":"BZ4agtq1f6AJ1mQUTMufcQDZP1/0TUICa7CuVtfW6oMP"},"_chains":{"BRtXnGGaDCZ3AhJPLznk8S9vcq3KkE3oQlnnlc2wPd1t":{"chainKey":{"counter":20,"key":"4gq/b7Ku/oJ9PPs4LiL1evUI//Aug7XZtFvBBXSbqwM="},"chainType":1,"messageKeys":{}}},"pendingPreKey":{"signedKeyId":16,"baseKey":"BQdT3ztDAHzGg9L0tK2qyLnkXoNGLT1M2u6RxAWZMM53","preKeyId":447770}}},"version":"v1"}