{"_sessions":{"BWZdJ9msWakD8aNzxEsvne6F7Ic6cI2hDeFGf2U8PvNM":{"registrationId":1189871804,"currentRatchet":{"ephemeralKeyPair":{"pubKey":"BTO+vWizWtMhqXKqYi43jxkTG5CYCWxjLZ9gEIPIObJE","privKey":"kE5EL6cfRXJCtkeD8ThEVrX7HAfKYx4dlqcGN9gTB3o="},"lastRemoteEphemeralKey":"Bb6rANGa9fy4Ggm7+X6DQQ0iOOW0veOnj4NfhwA3nZxw","previousCounter":0,"rootKey":"i1zGqTFlXqfFfLSTNalwEjWnKG1SmT31np0E7xnfVJA="},"indexInfo":{"baseKey":"BWZdJ9msWakD8aNzxEsvne6F7Ic6cI2hDeFGf2U8PvNM","baseKeyType":1,"closed":-1,"used":1714085805384,"created":1714085805384,"remoteIdentityKey":"Bf5ms0VZCf22icFy+L3qWQS2yPkZuqNFad6TbF3Nneoi"},"_chains":{"BTO+vWizWtMhqXKqYi43jxkTG5CYCWxjLZ9gEIPIObJE":{"chainKey":{"counter":20,"key":"kD5fPMmLr5xUarSQ8Ffqc7iNSe1zluPaD8atOty+AUM="},"chainType":1,"messageKeys":{}}},"pendingPreKey":{"signedKeyId":2,"baseKey":"BWZdJ9msWakD8aNzxEsvne6F7Ic6cI2hDeFGf2U8PvNM","preKeyId":15032208}}},"version":"v1"}