{"_sessions":{"BZ+NQqGonCdWbj31Iaih7LvkxpRJkhFY1zje+Pb2KpZR":{"registrationId":436240868,"currentRatchet":{"ephemeralKeyPair":{"pubKey":"BSbqYmtVdHnMcn8C2dhvRmOJkBW6y1pvMNa14Ulnwboq","privKey":"2Cnaq4aB84SZ0kqajdkNj9dN6HAkR+KNA/kVZHclOlk="},"lastRemoteEphemeralKey":"BayODGEKnIZKXq1e0Gprf+roYDYfLITstrkTEV0BkPlG","previousCounter":0,"rootKey":"LgwmV0LZ3fXDgirAJ3O7/NyEUkrfBJaYOL52cM6MWJw="},"indexInfo":{"baseKey":"BZ+NQqGonCdWbj31Iaih7LvkxpRJkhFY1zje+Pb2KpZR","baseKeyType":1,"closed":-1,"used":1714085805220,"created":1714085805220,"remoteIdentityKey":"BaXHJmaQgsnlwwmPwiiQElgNOxcuu77ENev4fDOoBHMP"},"_chains":{"BSbqYmtVdHnMcn8C2dhvRmOJkBW6y1pvMNa14Ulnwboq":{"chainKey":{"counter":20,"key":"eDtV8N9Hffq7GllXny1NscteHPw/yH0weulVAEXZMXQ="},"chainType":1,"messageKeys":{}}},"pendingPreKey":{"signedKeyId":1,"baseKey":"BZ+NQqGonCdWbj31Iaih7LvkxpRJkhFY1zje+Pb2KpZR","preKeyId":904}}},"version":"v1"}