{"_sessions":{"BQ8zS3I6yZLF8temXnnktSL/RZN9+ASYMwENlsqNYPBi":{"registrationId":1452805836,"currentRatchet":{"ephemeralKeyPair":{"pubKey":"Bex7zdF4Wm9T0B2WCarL4Fz2dg+KhgIGJB3dtGmkg7ci","privKey":"aKmnsLrmvEzEWtCdFFMz4EddNqQerGep+A9fvkPPgmw="},"lastRemoteEphemeralKey":"BRa+qeJNfSWmuJUm0QwUDQD5TFQdYWi5MBcd4Jun/Qc4","previousCounter":3,"rootKey":"DppzrkMEYcMFM/bxHilvGbAvnlCAL2AwN46mk10KglE="},"indexInfo":{"baseKey":"BQ8zS3I6yZLF8temXnnktSL/RZN9+ASYMwENlsqNYPBi","baseKeyType":1,"closed":-1,"used":1714105849221,"created":1714085805628,"remoteIdentityKey":"Bc0exs7gYkKfTu8mUcAaWPErV1b524PvS5K2PKyIQZ89"},"_chains":{"BRa+qeJNfSWmuJUm0QwUDQD5TFQdYWi5MBcd4Jun/Qc4":{"chainKey":{"counter":0,"key":"DSZxUCw+2CBI7POm+pc7r4TCq9GtZ5aJA1yWHb/6OWc="},"chainType":2,"messageKeys":{}},"Bex7zdF4Wm9T0B2WCarL4Fz2dg+KhgIGJB3dtGmkg7ci":{"chainKey":{"counter":16,"key":"nzR2x1fES+h6Y7RXrUSY4fIXzZzq6tooYKedatMZs/c="},"chainType":1,"messageKeys":{}}}}},"version":"v1"}