{"_sessions":{"BQg2HntcGOItgWSwinKo/rQp5YWBFTnwcMIKPoGhjfY6":{"registrationId":1365165752,"currentRatchet":{"ephemeralKeyPair":{"pubKey":"BaLOrUnXkMvIQuDWjFS+EEGWrx+g6O+651zU8v9VysMe","privKey":"AF4TMTEAcT5W2pSdKw+TUVHkcOrr5lckOEAMa+UN2H8="},"lastRemoteEphemeralKey":"BdAxXO6FoBIiwi7Ehich2WduFfGEz4c4DXema7iuZ+MP","previousCounter":0,"rootKey":"sluy+rP+RDM41jZm84GoXD7JiCR2rTYXBaBdXOQbHGs="},"indexInfo":{"baseKey":"BQg2HntcGOItgWSwinKo/rQp5YWBFTnwcMIKPoGhjfY6","baseKeyType":1,"closed":-1,"used":1714085805136,"created":1714085805136,"remoteIdentityKey":"Bf7eLqpnygiZ3YuYKhcFL9R+2Xg0kumqicY3MP3RgQkl"},"_chains":{"BaLOrUnXkMvIQuDWjFS+EEGWrx+g6O+651zU8v9VysMe":{"chainKey":{"counter":20,"key":"IEC9XBOt+WGAist4x8WqjiCwYcSwyQkXuQZ55UbsLyc="},"chainType":1,"messageKeys":{}}},"pendingPreKey":{"signedKeyId":1,"baseKey":"BQg2HntcGOItgWSwinKo/rQp5YWBFTnwcMIKPoGhjfY6","preKeyId":1519}}},"version":"v1"}