{"_sessions":{"BYtwwSMA2E8cliz1SQWms0uaesfg0IJp5EUVyf9MV+9J":{"registrationId":1139134451,"currentRatchet":{"ephemeralKeyPair":{"pubKey":"BXpI9uNCaB1WIORTodVnzOtDZrrfDFZ31oWyDAtRl7V3","privKey":"SKtKWYh8RdyP6z9R8GjPuoonmMIax0ILH3eUpKnNP1c="},"lastRemoteEphemeralKey":"Bc+/wo39l2QG3+U6xCaFCZM1ex2Nz90zOz0KXhPGZ6Ir","previousCounter":0,"rootKey":"tv46Rc0d9qELRkJWc1hWO1uJ8LPOmOQ4OMpn9qqKxfk="},"indexInfo":{"baseKey":"BYtwwSMA2E8cliz1SQWms0uaesfg0IJp5EUVyf9MV+9J","baseKeyType":1,"closed":-1,"used":1714085805333,"created":1714085805333,"remoteIdentityKey":"BQLXqlOMjczCf2yWevxWxDK4d5qeqj/Updr42hbCHMR8"},"_chains":{"BXpI9uNCaB1WIORTodVnzOtDZrrfDFZ31oWyDAtRl7V3":{"chainKey":{"counter":20,"key":"EqZJLyR62OZWfkn4mq7CKUakGi3omt+A8L9TwCDPyV0="},"chainType":1,"messageKeys":{}}},"pendingPreKey":{"signedKeyId":1,"baseKey":"BYtwwSMA2E8cliz1SQWms0uaesfg0IJp5EUVyf9MV+9J","preKeyId":4462620}}},"version":"v1"}