{"_sessions":{"BQvs2FprFHMxPxPhropCS+nkU7+dKFvrjhIaSehxCyxo":{"registrationId":9728,"currentRatchet":{"ephemeralKeyPair":{"pubKey":"BfRrRgmfughblSf8+XS2tfK5S4HPm657C4U+qLhB73QB","privKey":"UJ3/dmLRjQ7tDcywJefkEwmlL0RDH8hHvWfTTfz9+HI="},"lastRemoteEphemeralKey":"BZT8ZctBlk5pcPHOHfIDaWZHsDTEhp2JKGIQZSbQO10J","previousCounter":0,"rootKey":"fafPIT0gciB49MU3yVVA+SciQlLXsL7+DYN5vPKyYTk="},"indexInfo":{"baseKey":"BQvs2FprFHMxPxPhropCS+nkU7+dKFvrjhIaSehxCyxo","baseKeyType":1,"closed":-1,"used":1714085805241,"created":1714085805241,"remoteIdentityKey":"Begxvcm/1j25raklEA8OBJQD675bKbyc4Woroiz2oUQ/"},"_chains":{"BfRrRgmfughblSf8+XS2tfK5S4HPm657C4U+qLhB73QB":{"chainKey":{"counter":20,"key":"CbBYaoIzcqDvhVSn6cl7O7x72fWg41vZngFu7DVwR0U="},"chainType":1,"messageKeys":{}}},"pendingPreKey":{"signedKeyId":6,"baseKey":"BQvs2FprFHMxPxPhropCS+nkU7+dKFvrjhIaSehxCyxo","preKeyId":1623}}},"version":"v1"}