{"_sessions":{"BaoPfIYO6KuG0UMlP1vGk/erIOF8Mea9hoHPsZ1tPUFC":{"registrationId":1164310726,"currentRatchet":{"ephemeralKeyPair":{"pubKey":"BS6LwQ2MWCp0/q4zhnmgVRTgZG2UKJxaC2yHNs1oAEAD","privKey":"KB7lFZalfXLRuWYmOrnBlqOQjtyLNOxnMAF5CQg8rnE="},"lastRemoteEphemeralKey":"BemtqGUtX57XllCUfY+jDkb+bEApgHyGwkbUDeSAQwNh","previousCounter":0,"rootKey":"HquG//D8H6EFLXSfLdwmoZRjBa/HG+pLsCe00aWgTiM="},"indexInfo":{"baseKey":"BaoPfIYO6KuG0UMlP1vGk/erIOF8Mea9hoHPsZ1tPUFC","baseKeyType":1,"closed":-1,"used":1714085843146,"created":1714085843146,"remoteIdentityKey":"BcKbl/r5Dte3pfRKl6IMLiEpONz+oMHjlePmHR2Kvsl0"},"_chains":{"BS6LwQ2MWCp0/q4zhnmgVRTgZG2UKJxaC2yHNs1oAEAD":{"chainKey":{"counter":0,"key":"473LKr2BHNlwwf1beGAs2LA3kVgYZty2290BiOphnk8="},"chainType":1,"messageKeys":{}}},"pendingPreKey":{"signedKeyId":3,"baseKey":"BaoPfIYO6KuG0UMlP1vGk/erIOF8Mea9hoHPsZ1tPUFC","preKeyId":14648466}}},"version":"v1"}