{"_sessions":{"BZtm4SdrwPpL3Y++0EwrYHxBbJXTPnzkLgLCY0vm7AYJ":{"registrationId":967694165,"currentRatchet":{"ephemeralKeyPair":{"pubKey":"BTjEOf3bvcvqpvSmJZzEI/eadynnAjNI5eGEJiIPJk4c","privKey":"6IwVs+lwiU0er17E9gi1nhxVFmv54M7/kZmOX6NZjlk="},"lastRemoteEphemeralKey":"BUyimzlLAXzjjhOpNzfQfvT4sdh6op+rAg5FaOjzrqxr","previousCounter":0,"rootKey":"YoKUdQtArJMM4rG5VdU3X2umYyR4YAr2uU63IIS/q/c="},"indexInfo":{"baseKey":"BZtm4SdrwPpL3Y++0EwrYHxBbJXTPnzkLgLCY0vm7AYJ","baseKeyType":1,"closed":-1,"used":1714085805630,"created":1714085805630,"remoteIdentityKey":"BUYaLnF2qvkOsuSeU8rkTcVXUm+W8Eb07OJ4uJhwmuoH"},"_chains":{"BTjEOf3bvcvqpvSmJZzEI/eadynnAjNI5eGEJiIPJk4c":{"chainKey":{"counter":20,"key":"/MT7v+jEplMuAEcZoZHnqS9tDbAcfU6Q0X50oVEo1wE="},"chainType":1,"messageKeys":{}}},"pendingPreKey":{"signedKeyId":37,"baseKey":"BZtm4SdrwPpL3Y++0EwrYHxBbJXTPnzkLgLCY0vm7AYJ"}}},"version":"v1"}