{"_sessions":{"BSwpghMGwALV/N3G1MPV2QMTbxd7dDR/DrrMCZCtPdMU":{"registrationId":220724072,"currentRatchet":{"ephemeralKeyPair":{"pubKey":"Ba7eJKvfEmgh5Zgsje/As+D+HP8NzQQNEWP5bYQOvdEq","privKey":"MAcXC8+x+VWyMvy5OJEmHmXvvzZDRZdRf1skQU3RUUs="},"lastRemoteEphemeralKey":"BXzEznFcFrcU2XvHBilln4KWy5MynXo7sgssJzOondwE","previousCounter":0,"rootKey":"OjeYRQ3AJjrfN5QyA5z6tmDJSnP9ezt1IFMpXhYn9F4="},"indexInfo":{"baseKey":"BSwpghMGwALV/N3G1MPV2QMTbxd7dDR/DrrMCZCtPdMU","baseKeyType":1,"closed":-1,"used":1714106011963,"created":1714106011963,"remoteIdentityKey":"BVqSMS0n0n2q2kD8//V4sI6KWo0jcLYf1urQYgwNKdl3"},"_chains":{"Ba7eJKvfEmgh5Zgsje/As+D+HP8NzQQNEWP5bYQOvdEq":{"chainKey":{"counter":6,"key":"imD/XZnfO3Av8eC56ebAj4P1XMOn/qE+GtVgAo0jd4Y="},"chainType":1,"messageKeys":{}}},"pendingPreKey":{"signedKeyId":0,"baseKey":"BSwpghMGwALV/N3G1MPV2QMTbxd7dDR/DrrMCZCtPdMU","preKeyId":13190560}}},"version":"v1"}