{"_sessions":{"Ba/lOIRyN71zA20GcNu4nkjLPBiK3eyRsFt2Utu5Zytw":{"registrationId":1006258568,"currentRatchet":{"ephemeralKeyPair":{"pubKey":"BVjYbBPDbjpF+pk0ug8nR62QH0Pd5L2/LCyEKtY7x/B9","privKey":"WK7QuGxLS2cbTuZvXQaXdJwNhNt8TVn4koSBNP/FqmI="},"lastRemoteEphemeralKey":"BeKgPiiZFmF9qAzrgCaUu5uNAw5xUZ4hEdr2JDcFCa5t","previousCounter":0,"rootKey":"F0VwFhfAHZQvfN4B3I3syOT34QO/Ppp1ioRC6i8bwAQ="},"indexInfo":{"baseKey":"Ba/lOIRyN71zA20GcNu4nkjLPBiK3eyRsFt2Utu5Zytw","baseKeyType":1,"closed":-1,"used":1714085805373,"created":1714085805373,"remoteIdentityKey":"BfwKY/6wa6F7dErmpClrMufDPN9YXAm2WlOSHKRn1kVn"},"_chains":{"BVjYbBPDbjpF+pk0ug8nR62QH0Pd5L2/LCyEKtY7x/B9":{"chainKey":{"counter":20,"key":"UBH3aLAJtpwNZbiSKDrBI+r/sPd2DI50h7xA7NkaomU="},"chainType":1,"messageKeys":{}}},"pendingPreKey":{"signedKeyId":1,"baseKey":"Ba/lOIRyN71zA20GcNu4nkjLPBiK3eyRsFt2Utu5Zytw","preKeyId":1491803}}},"version":"v1"}