{"_sessions":{"BbQlhEbzvGYM1p2lTc0DRsM8VycQzsByI7RoAC2SRhMu":{"registrationId":1504392305,"currentRatchet":{"ephemeralKeyPair":{"pubKey":"BeXERmy4IA4CyI0wg12JLNryV0z8K4JlIcTgdHYUBPRL","privKey":"QKfvQSw0n2c1upH9/fowQ9UDw6TxNgTPX64VALXKD1Q="},"lastRemoteEphemeralKey":"BTfiDF6Q+eAUJnoT37lPGSbwiS6JW0Su7Uhi3FgH5pR4","previousCounter":0,"rootKey":"BNC/v+J/gHERL+XfLCkCmRKp0NBaVQJ6s8c54QadsMo="},"indexInfo":{"baseKey":"BbQlhEbzvGYM1p2lTc0DRsM8VycQzsByI7RoAC2SRhMu","baseKeyType":1,"closed":-1,"used":1714085805555,"created":1714085805555,"remoteIdentityKey":"BTUrLjfPQTBd2Dr/OBDGpnSusDjghq+nabp4s3Fo90kL"},"_chains":{"BeXERmy4IA4CyI0wg12JLNryV0z8K4JlIcTgdHYUBPRL":{"chainKey":{"counter":20,"key":"GCSuRw7/q1Vu8U1vczRZ811/0cR0gRzMTs1apSdKvSE="},"chainType":1,"messageKeys":{}}},"pendingPreKey":{"signedKeyId":7,"baseKey":"BbQlhEbzvGYM1p2lTc0DRsM8VycQzsByI7RoAC2SRhMu","preKeyId":3662440}}},"version":"v1"}