{"_sessions":{"BRMXgRW13w5E+QwuLoNnEkNe8ZexbQjre+4e2I3uVi12":{"registrationId":894516550,"currentRatchet":{"ephemeralKeyPair":{"pubKey":"BbEedC+tQh248gwrVrF81oodIUJE3hAJLLYy0Ok5rykM","privKey":"IMNP/AyN89GImIgTTXawKyQJCxLHZ8szzWGToGSbEms="},"lastRemoteEphemeralKey":"BZIvc80gwihO2k2AJw06Fv8HglQEh25MXM0yVEY/e3sU","previousCounter":0,"rootKey":"QRO61p+dIOBZYpS++Gf6yyBwv9AVmR+Hc9KzQ/9CSQU="},"indexInfo":{"baseKey":"BRMXgRW13w5E+QwuLoNnEkNe8ZexbQjre+4e2I3uVi12","baseKeyType":1,"closed":-1,"used":1714085805542,"created":1714085805542,"remoteIdentityKey":"BdLJ0IAKnlRV9f24C+lSZsIeECCGh2hWqpqfGVt72m40"},"_chains":{"BbEedC+tQh248gwrVrF81oodIUJE3hAJLLYy0Ok5rykM":{"chainKey":{"counter":20,"key":"yXfej8MgUZibB9h3sioVZZvoqhIC8GXzr7xviB9jweo="},"chainType":1,"messageKeys":{}}},"pendingPreKey":{"signedKeyId":2,"baseKey":"BRMXgRW13w5E+QwuLoNnEkNe8ZexbQjre+4e2I3uVi12","preKeyId":2165990}}},"version":"v1"}