{"noiseKey":{"private":{"type":"Buffer","data":"QE2oJ3RO1bfbQObvs/Rmb1T0y2hXgWTgfEU5EfV/Imk="},"public":{"type":"Buffer","data":"CC4iZTgNj60WxtQ9ocBvKw35vpmZxDZqg0xP6Nu4gSI="}},"pairingEphemeralKeyPair":{"private":{"type":"Buffer","data":"YByJwlKKT+fGOslJ8MIV5xBO/zVX1VyOiI+XjJhBOVA="},"public":{"type":"Buffer","data":"9zL1SvhBP5vFSNTzQUnyfZ+iLkWco0GmH0JCGsWvMGo="}},"signedIdentityKey":{"private":{"type":"Buffer","data":"qCZF3wC2nEvdNAHGhRW9j/emvuM5D2wlhSUP5IRXbH8="},"public":{"type":"Buffer","data":"T6/TVu6fKEjB8sayXWDTbyI0/X+1uHhU5xcN13ICW0s="}},"signedPreKey":{"keyPair":{"private":{"type":"Buffer","data":"cFdajzOV+xcuaRJ42G4H2tz+FpusH51KMxUtATbLY0Q="},"public":{"type":"Buffer","data":"JhkNwFPHXAfJNAX09MiyHbQYiLilKaUprK+aeFroCXU="}},"signature":{"type":"Buffer","data":"Ad+EQFzG4IxSMobhYZKlXqWYcGYOX2imjNPGsBye6k3ibSA+WPSk8NIFG3ss35Q3/mbvwAJ/++O3OJJWHtEDig=="},"keyId":1},"registrationId":184,"advSecretKey":"rxRCSlXX89F722+NrA//DdFpSH0S6fpMhKMbBqKzc8s=","processedHistoryMessages":[{"key":{"remoteJid":"6285723701289@s.whatsapp.net","fromMe":true,"id":"074E9AEB7D2A4F59294989ED90B74F32"},"messageTimestamp":1713661896},{"key":{"remoteJid":"6285723701289@s.whatsapp.net","fromMe":true,"id":"A37F1EC9DC222013B33E20B32DD36FC0"},"messageTimestamp":1713661896},{"key":{"remoteJid":"6285723701289@s.whatsapp.net","fromMe":true,"id":"4B9D7172A0D46C8381AC2D36FF59BF6D"},"messageTimestamp":1713661937},{"key":{"remoteJid":"6285723701289@s.whatsapp.net","fromMe":true,"id":"C4AE8114CC05CDD88E38FD3D2D8F7195"},"messageTimestamp":1713661938},{"key":{"remoteJid":"6285723701289@s.whatsapp.net","fromMe":true,"id":"2E0BD38C93D8832974319F9C2B8875CF"},"messageTimestamp":1713661953}],"nextPreKeyId":31,"firstUnuploadedPreKeyId":31,"accountSyncCounter":1,"accountSettings":{"unarchiveChats":false},"deviceId":"gASfK8AsRMyhD0ar_CuaEA","phoneId":"475254b8-10bb-42a6-8d0d-6fbb2a9112e2","identityId":{"type":"Buffer","data":"OJdbbCXxaupSnaERaTTMr8zVG8U="},"registered":false,"backupToken":{"type":"Buffer","data":"ch0fhwdB0CdnqpVRZ5Wxy7w+2CU="},"registration":{},"account":{"details":"CKSYqycQwM+RsQYYASAAKAA=","accountSignatureKey":"dCghPnNaWXesPhceWTzs/JHAj649daNM157zvCvwakI=","accountSignature":"fgimbmBGgqJ8E27XIwXLDYX1bnyaLf7B2LA/ucXMdpRweLX6FR+WBErJGDD/yvfbW4KYsGG2HVgQ78BKB009BQ==","deviceSignature":"mWJo33XMQiLbaeAeCU7xct8p2hrrNYIzyqUaZnH3rLI/w3z8lh6IjVtmhBk9hxY/7f/91ukcC50IfX/4iJzNjA=="},"me":{"id":"6285723701289:10@s.whatsapp.net","name":"SHOP AI","jid":"6285723701289@s.whatsapp.net"},"signalIdentities":[{"identifier":{"name":"6285723701289:10@s.whatsapp.net","deviceId":0},"identifierKey":{"type":"Buffer","data":"BXQoIT5zWll3rD4XHlk87PyRwI+uPXWjTNee87wr8GpC"}}],"platform":"smba","lastAccountSyncTimestamp":1713661891,"myAppStateKeyId":"AAAAAFCX"}