{"_sessions":{"BakR8ajxQHFY7qMQKEO17847mLp6jcntmnXHOOiC5A9d":{"registrationId":174693790,"currentRatchet":{"ephemeralKeyPair":{"pubKey":"BSqHtBgzSwNWyEtKxesyeMwAw+mYejJioYY6LVKJq55A","privKey":"6E+BG78cPu8bvqRHldhzDpmhh1ISQM6nKg6iJrhAp2g="},"lastRemoteEphemeralKey":"BW3RDlSZ8pQvL1a51uupfmOS5x2ug0sd/j269eYxYeps","previousCounter":0,"rootKey":"nY9NrZgMmoXn3DS8NrMdZL9292Jid2OxhCEkR4YdZ+s="},"indexInfo":{"baseKey":"BakR8ajxQHFY7qMQKEO17847mLp6jcntmnXHOOiC5A9d","baseKeyType":1,"closed":1713662024083,"used":1713662023906,"created":1713662023906,"remoteIdentityKey":"Bfc9dqQFDAHZoHcv0p1eSE27QreNqU5+4FOXN/VaSf9B"},"_chains":{"BSqHtBgzSwNWyEtKxesyeMwAw+mYejJioYY6LVKJq55A":{"chainKey":{"counter":0,"key":"XB36x5JV0de8sQVRm5brcqMBLTKAOSM/iYT5xi9Y4B4="},"chainType":1,"messageKeys":{}}},"pendingPreKey":{"signedKeyId":1,"baseKey":"BakR8ajxQHFY7qMQKEO17847mLp6jcntmnXHOOiC5A9d","preKeyId":14218872}},"BUWRiOjp+7CE3aOZCcBoXwbaAlTRy36NwbXIAlZmp0M3":{"registrationId":174693790,"currentRatchet":{"ephemeralKeyPair":{"pubKey":"BTPdl8f6nt62yVA1iMcGvbkNNZOMGKNCQ21zPvRb6Voi","privKey":"iPmrk/jUmEKUwE4mc+bUkriTGs8IaSqzH+DqqenOMUE="},"lastRemoteEphemeralKey":"BW3RDlSZ8pQvL1a51uupfmOS5x2ug0sd/j269eYxYeps","previousCounter":0,"rootKey":"e/vpY7gmiET35EXagmxUw8NKKlgE9cMXl2AUl0vJeSk="},"indexInfo":{"baseKey":"BUWRiOjp+7CE3aOZCcBoXwbaAlTRy36NwbXIAlZmp0M3","baseKeyType":1,"closed":-1,"used":1713662024052,"created":1713662024052,"remoteIdentityKey":"Bfc9dqQFDAHZoHcv0p1eSE27QreNqU5+4FOXN/VaSf9B"},"_chains":{"BTPdl8f6nt62yVA1iMcGvbkNNZOMGKNCQ21zPvRb6Voi":{"chainKey":{"counter":3,"key":"c6GDj2MZ3dRhCs1KY+JbgrcArTdzYzgmtT+6lezFo/U="},"chainType":1,"messageKeys":{}}},"pendingPreKey":{"signedKeyId":1,"baseKey":"BUWRiOjp+7CE3aOZCcBoXwbaAlTRy36NwbXIAlZmp0M3","preKeyId":14218843}}},"version":"v1"}