{"_sessions":{"BaL61mFeB8LLWB7fPtTVc56P+zhGibWPyxBu6oUh34pv":{"registrationId":1569563731,"currentRatchet":{"ephemeralKeyPair":{"pubKey":"BUCKE2Xjr0FFJDFrYGKQEdnF8Siek2v+szZ+nO08taJW","privKey":"wEkTM7GOYdxquENoxCQdE5+Z/TpL/bCiv0e84f8mUlA="},"lastRemoteEphemeralKey":"BVIoMxE7szCGBxAZlejYn5e7qtq5ZF3T9fdCN/Gl+gBf","previousCounter":0,"rootKey":"0eXpaeGUTf4WkCT259+t08TvyVjZrYxCCBHFbAKYCls="},"indexInfo":{"baseKey":"BaL61mFeB8LLWB7fPtTVc56P+zhGibWPyxBu6oUh34pv","baseKeyType":1,"closed":1713662024076,"used":1713662023895,"created":1713662023895,"remoteIdentityKey":"BXQoIT5zWll3rD4XHlk87PyRwI+uPXWjTNee87wr8GpC"},"_chains":{"BUCKE2Xjr0FFJDFrYGKQEdnF8Siek2v+szZ+nO08taJW":{"chainKey":{"counter":0,"key":"bsWJKP1G4LL/QbGLbJKlQ/OexVyUcCeV1N41tbuUMlk="},"chainType":1,"messageKeys":{}}},"pendingPreKey":{"signedKeyId":0,"baseKey":"BaL61mFeB8LLWB7fPtTVc56P+zhGibWPyxBu6oUh34pv"}},"BeAoz4IaIrc6xd0Dqo+jokZGILxteuRz/Oyqq1JUdNIv":{"registrationId":1569563731,"currentRatchet":{"ephemeralKeyPair":{"pubKey":"BYJMhdm0a+krEIB046rSrHOfhkZh4Zh6olyLvhhOzAgU","privKey":"kNlj4sORON5qXjtneRqODxJKoKylre7NUcoSZ4ISiFk="},"lastRemoteEphemeralKey":"BVJAnE9Gv0eDkYxbdKBdCIT1lqLTwmTbIouABZpGkAwm","previousCounter":0,"rootKey":"rHVl3E1zRABrgSgyQVw+ZvMHFQm6i6sFEH45S5pFbo8="},"indexInfo":{"baseKey":"BeAoz4IaIrc6xd0Dqo+jokZGILxteuRz/Oyqq1JUdNIv","baseKeyType":1,"closed":-1,"used":1713662054934,"created":1713662024043,"remoteIdentityKey":"BXQoIT5zWll3rD4XHlk87PyRwI+uPXWjTNee87wr8GpC"},"_chains":{"BQfDDwrcKdTSbClg+7WgluU4h2fWw6pLvdIGwlLcPsgW":{"chainKey":{"counter":0},"chainType":2,"messageKeys":{}},"BVJAnE9Gv0eDkYxbdKBdCIT1lqLTwmTbIouABZpGkAwm":{"chainKey":{"counter":0,"key":"wW5lFAccvkvXHQpOURAjAqp16H7icwGo8b2qH+r22QU="},"chainType":2,"messageKeys":{}},"BYJMhdm0a+krEIB046rSrHOfhkZh4Zh6olyLvhhOzAgU":{"chainKey":{"counter":1,"key":"6wy+Fjo0kQjl6EDQt74CZRL9FaG9qNSZ8ocPh9l955k="},"chainType":1,"messageKeys":{}}}}},"version":"v1"}